1	This guide section displays the entire progress for Kalimdor.
2	Explore Kalimdor Total Progress
3	Progress for Durotar
4	Progress for Teldrassil
5	Progress for The Barrens
6	Progress for Bloodmyst Isle
7	Progress for Thousand Needles
8	Progress for Desolace
9	Progress for Feralas
10	Progress for Azshara
11	Progress for Un'Goro Crater
12	Progress for Silithus
13	Progress for Mulgore
14	Progress for Azuremyst Isle
15	Progress for Darkshore
16	Progress for Ashenvale
17	Progress for Stonetalon Mountains
18	Progress for Dustwallow Marsh
19	Progress for Tanaris Desert
20	Progress for Felwood
21	Progress for Moonglade
22	Progress for Winterspring
23	Unlock Rut'theran Village
24	Begin in Darnassus
25	Unlock Darnassus
26	Unlock Pools of Arlithrien
27	Unlock Gnarlpine Hold
28	Unlock Lake Al'Ameth
29	Unlock Starbreeze Village
30	Unlock Shadowglen
31	Unlock Dolanaar
32	Unlock Ban'ethil Hollow
33	Unlock Wellspring Lake
34	Unlock The Oracle Glade
35	Return to Darnassus
36	Go through the pink portal towards Rut'theran Village
37	Boat to Darkshore
38	Fly to Darkshore
39	Arrive and Unlock Auberdine
40	Unlock Bashal'Aran
41	Unlock Cliffspring River
42	Unlock Tower of Althalaxx
43	Unlock Ruins of Mathystra
44	Unlock Ameth'Aran
45	Unlock Grove of the Ancients
46	Unlock Remtravel's Excavation
47	Unlock The Master's Glaive
48	Head southeast to Ashenvale
49	Unlock Maestra's Post
50	Unlock The Zoram Strand
51	Unlock Lake Falathim
52	Unlock The Shrine of Aessina
53	Unlock Fire Scar Shrine
54	Unlock Astranaar
55	Unlock Thistlefur Village
56	Unlock Iris Lake
57	Unlock The Ruins of Stardust
58	Unlock Mystral Lake
59	Unlock Fallen Sky Lake
60	Unlock Fellfire Hill
61	Unlock Warsong Lumber Camp
62	Unlock Bough Shadow
63	Unlock Satyrnaar
64	Unlock Splintertree Post
65	Unlock Raynewood Retreat
66	Unlock The Howling Vale
67	Go up the path and enter the entrance of the cave at the top.
68	Just stick to the road during most of this journey and deviate only when necessary.
69	Unlock Morlos'Aran
70	Unlock Deadwood Village
71	Unlock Emerald Sanctuary
72	Unlock Jadefire Glen
73	You can catch this point on the hill behind a large tree, if you're lucky.
74	Unlock Ruins of Constellas
75	Go back to the road, follow the road north, I was able to peak into the west when i arrived in line with this point to nab it.
76	Unlock Jaedenar
77	Unlock Bloodvenom Falls
78	Unlock Shatter Scar Vale
79	Unlock Jadefire Run
80	Unlock Irontree Woods
81	Unlock Talonbranch Glade
82	Unlock Felpaw Village
83	After leaving the flight path, follow the path back north and turn right onto the main road and follow it north.
84	Continue following the road around towards the north towards Moonglade
85	Through the Bear Head shaped cave.
86	Follow the path straight forward until you cross over the Tree Trunk bridge and wrap around to the right down the stairs.
87	Continue down the path towards Moonglade
88	Unlock Lake Elune'ara
89	Continue following the path, into the building, and across the bridge.
90	Return back into the cave.
91	Return to the Tree Trunk bridge, but instead turn right instead of crossing the bridge.
92	Continue to Winterspring
93	Just follow the road until you need to deviate for the points.
94	Unlock Frostfire Hot Springs
95	Unlock Timbermaw Post
96	Unlock Lake Kel'Theril
97	Unlock Starfall Village
98	Unlock Frostsaber Rock
99	Go to the Tunnel Entrance for The Hidden Grove
100	Leave the main road, heading East. The entrance is on the south side of the mountain, far east.
101	Unlock The Hidden Grove
102	Unlock Winterfall Village
103	Just run south, don't bother returning to the road, yet.
104	Unlock Everlook
105	Head SouthWest towards town.
106	Unlock Ice Thistle Hills
107	Keep to the Main roads again.
108	Unlock Mazthoril
109	Unlock Owl Wing Thicket
110	Enter the "path" to the left of Ranshalla.
111	Unlock Frostwhisper Gorge
112	You should get this point while crossing the bridge.
113	Unlock Darkwhisper Gorge
114	Fly to Forest Song, Ashenvale
115	Travel East to Azshara
116	Unlock Shadowsong Shrine
117	Go up the path starting here
118	Unlock Forlorn Ridge
119	Unlock Lake Mennar
120	Stay on the North side of the Forlorn Ridge's Mountain. Then, head South through the square arch.
121	Unlock The Ruined Reaches
122	Take care not to fall off the cliff. Hug the edge and you will unlock the region.
123	Path North to this point
124	Cross the Bridge and continue East across the second Bridge
125	Unlock Ravencrest Monument
126	Follow the crevace around the North side, Head East and Cross the bridge.
127	Unlock Southridge Beach
128	Unlock The Shattered Strand
129	Unlock Bay of Storms
130	Unlock Temple of Arkkoran
131	Unlock Tower of Eldara
132	Head down the beach towards the tower by the water.
133	Head NorthWest up the Land ramp
134	Unlock Bitter Reaches
135	Unlock Thalassian Base Camp
136	Unlock Jagged Reef
137	Be careful not to fall off the cliff. Hug the edge and you will unlock the region.
138	Unlock Legash Encampment
139	Unlock Ursolan
140	Unlock Timbermaw Hold
141	Unlock Ruins of Eldarath
142	Unlock Valormok
143	Unlock Haldarr Encampment
144	Travel or Fly to The Barrens
145	Unlock The Mor'shan Rampart
146	Unlock Dreadmist Peak
147	Unlock The Dry Hills
148	Unlock The Forgotten Pools
149	Unlock Honor's Stand
150	Head to towards the Watchtower South of the Mountain.
151	Unlock Lushwater Oasis
152	Unlock Agama'gor
153	Unlock Camp Taurajo
154	Unlock Field of Giants
155	Unlock Blackthorn Ridge
156	Unlock Bael Modan
157	Unlock Razorfen Downs
158	Unlock Razorfen Kraul
159	Unlock Bramblescar
160	Unlock The Stagnant Oasis
161	Unlock Raptor Grounds
162	Unlock Northwatch Hold
163	Unlock The Merchant Coast
164	Follow the 'path' around the South side of the ridge towards the coast, then head North when able.
165	Unlock Ratchet
166	Keep going North, past the large ship, into the city of Ratchet.
167	Unlock The Crossroads
168	Leave the city via the Main road Follow it NorthWest.
169	Unlock Thorn Hill
170	Keep to the North of the Mountains and enter Thorn Hill area.
171	Unlock Grol'dom Farm
172	Unlock The Sludge Fen
173	Keep to the West of the Farm and Continue Northward.
174	Unlock Boulder Lode Mine
175	Keep Heading straight East until you reach the small road, then nab the Region.
176	Unlock Far Watch Post
177	Follow the small road South to get this Region.
178	Travel to Durotar
179	Unlock Razormane Grounds
180	Unlock Razor Hill
181	Unlock Tiragarde Keep
182	Unlock Sen'jin Village
183	Unlock Echo Isles
184	This should unlock halfway to the first set of small islands.
185	Unlock Kolkar Crag
186	Travel to the Entrance of Valley of Trials
187	WARNING, WARNING, WARNING: This area is 65+
188	Unlock Valley of Trials
189	Just peek your head in and the Region should unlock.
190	Travel the road Back North
191	Unlock Thunder Ridge
192	Follow the road West, then head North towards the Region.
193	Unlock Drygulch Ravine
194	Unlock Skull Rock
195	Prepare to Enter Orgrimmar
196	WARNING WARNING WARNING: THIS AREA CONTAINS HIGH LEVEL HORDE ENEMIES! PROCEED WITH CAUTION.
197	Unlock Orgrimmar
198	Quickly run in and leave when you get the achievement.
199	Travel to Dustwallow Marsh
200	Unlock The Quagmire
201	Unlock The Den of Flame
202	Unlock Wyrmbog
203	Unlock Brackenwall Village
204	You can return to the road, or go straight north through the marsh.
205	Unlock Witch Hill
206	Unlock Alcaz Island
207	You can get this Region by swimming nearly the entire way to the island.
208	Unlock Theramore Isle
209	Return West to the beach and follow it around to the bridge into Theramore Isle.
210	Travel to Mulgore
211	Fly to Ratchet, and head Southwest to Mulgore
212	Arrive in Mulgore
213	Unlock The Rolling Plains
214	Unlock Winterhoof Water Well
215	Unlock Bloodhoof Village
216	Unlock Red Cloud Mesa
217	You can get this Region by running up the hill in some places. Otherwise, you can run around to the Entrance.
218	Unlock Palemane Rock
219	Unlock Bael'Dun Digsite
220	Unlock Thunderhorn Water Well
221	Unlock Thunder Bluff
222	Head North to the city. Follow the path up the hill it should unlock before you reach the Elevators.
223	Unlock Wildmane Water Well
224	Keep to the west of Thunder Bluff and follow around to the North.
225	Unlock Windfury Ridge
226	Unlock Red Rocks
227	Unlock The Golden Plains
228	Unlock Ravaged Caravan
229	Unlock The Venture Co. Mine
230	Travel to Stonetalon Mountains
231	Unlock Camp Aparaje
232	Stick to the roads and deviate when necessary.
233	Unlock Malaka'jin
234	Unlock Grimtotem Post
235	Unlock Boulderslide Ravine
236	Unlock Sishir Canyon
237	Unlock Windshear Crag
238	Unlock Webwinder Path
239	Unlock Sun Rock Retreat
240	Unlock Mirkfallon Lake
241	Unlock Stonetalon Peak
242	Unlock The Charred Vale
243	Travel to Desolace
244	Unlock Tethris Aran
245	Unlock Nijel's Point
246	Unlock Sargeron
247	Unlock Thunder Axe Fortress
248	Unlock Ethel Rethor
249	Unlock Ranazjar Isle
250	You have to nearly touch the land of this isle to unlock this Region.
251	Unlock Kormek's Hut
252	Swim back to the mainland and head East along the road.
253	Unlock Kolkar Village
254	Unlock Magram Village
255	Unlock Shadowbreak Ravine
256	Come in from the North, follow the "path" South then East into the Region.
257	Unlock Mannoroc Coven
258	Unlock Kodo Graveyard
259	Unlock Valley of Spears
260	Go through the Archway to the West.
261	Unlock Shadowprey Village
262	Follow the "Path" around North, Then South, Past the Meeting Stone.
263	Note: This is a Horde Town, so be careful.
264	Hug the coast to avoid the guards.
265	Unlock Gelkis Village
266	Travel to Feralas
267	Unlock Ruins of Ravenwind
268	Unlock Dream Bough
269	Unlock Oneiros
270	Unlock The Twin Colossals
271	Unlock The Forgotten Coast
272	Follow the main road to the fork, and head West towards the dock.
273	Unlock Isle of Dread
274	Wait for the Boat, and sit right on the railing of the Port side of the boat.
275	Unlock Sardor Isle
276	Wait for the Boat to dock, Stay Mounted.
277	If you're quick enough you can make it back to the boat in time.
278	Unlock Feral Scar Vale
279	Wait for the boat to dock, then follow the road to the next Region.
280	Unlock Frayfeather Highlands
281	Unlock Ruins of Isildien
282	Unlock Dire Maul
283	Unlock The Writhing Deep
284	Unlock Grimtotem Compound
285	Unlock Camp Mojache
286	Unlock Gordunni Outpost
287	Unlock Lower Wilds
288	Return to the main road, and follow it East.
289	Travel to Thousand Needles
290	Unlock Highperch
291	Unlock Camp E'thok
292	Unlock The Great Lift
293	Unlock Darkcloud Pinnacle
294	Unlock The Screeching Canyon
295	Unlock Splithoof Crag
296	Unlock Freewind Post
297	Unlock Windbreak Canyon
298	Unlock The Shimmering Flats
299	Travel to Tanaris
300	Unlock Gadgetzan
301	Unlock Waterspring Field
302	Unlock Noonshade Ruins
303	Unlock Steamwheedle Port
304	Unlock Zalashji's Den
305	Unlock Caverns of Time
306	Enter from the West.
307	Unlock Lost Rigger Cove
308	Wrap back around the North side.
309	Unlock Southbreak Shore
310	Unlock Broken Pillar
311	Unlock Abyssal Sands
312	Unlock Sandsorrow Watch
313	Unlock Zul'Farrak
314	Unlock The Noxious Lair
315	Unlock Dunemaul Compound
316	Unlock Eastmoon Ruins
317	Unlock The Gaping Chasm
318	Unlock Southmoon Ruins
319	Unlock Valley of the Watchers
320	Unlock Land's End Beach
321	Enter the Entrance to the South, and follow the cavern to the East.
322	Unlock Thistleshrub Valley
323	Return through the cavern and head West to this Region. This should drop you out in front of the entrance to Un'Goro Crater.
324	Travel to Un'Goro Crater
325	Unlock The Marshlands
326	Unlock The Slithering Scar
327	Unlock Terror Run
328	Unlock Golakka Hot Springs
329	Unlock Fire Plume Ridge
330	Unlock Ironstone Plateau
331	Unlock Lakkari Tar Pits
332	Travel to Silithus
333	Unlock Valor's Rest
334	Unlock Staghelm Point
335	Unlock Cenarion Hold
336	Unlock The Crystal Vale
337	Unlock Hive'Zora
338	Unlock The Scarab Wall
339	Unlock Hive'Regal
340	Boat to Azuremyst Isle
341	The boat at the very end of the pier in Darkshore arrives here.
342	Unlock The Exodar
343	Unlock Valaar's Berth
344	Unlock Bristlelimb Village
345	Unlock Silvermyst Isle
346	Unlock Wrathscale Point
347	Unlock Pod Cluster
348	Unlock Odesyus' Landing
349	Unlock Pod Wreckage
350	Unlock Geezle's Camp
351	Unlock Ammen Ford
352	Unlock Ammen Vale
353	Return to Ammen Ford
354	Unlock Azure Watch
355	Unlock Moongraze Woods
356	Unlock Stillpine Hold
357	Unlock Emberglade
358	Unlock Fairbridge Strand
359	Unlock Silting Shore
360	Travel North, over the bridge, to Bloodmyst Isle
361	Unlock Kessel's Crossing
362	Unlock The Lost Fold
363	Unlock Bristlelimb Enclave
364	Unlock Wrathscale Lair
365	Unlock Middenvale
366	Unlock Mystwood
367	Unlock Nazzivian
368	Unlock Blacksilt Shore
369	Unlock The Cryo-Core
370	Unlock Vindicator's Rest
371	Unlock The Vector Coil
372	Unlock Tel'athion's Camp
373	Unlock Amberweb Pass
374	Unlock The Foul Pool
375	Unlock The Hidden Reef
376	Unlock The Bloodwash
377	Unlock The Warp Piston
378	Unlock Axxarien
379	Unlock Ragefeather Ridge
380	Unlock Bladewood
381	Unlock Blood Watch
382	Unlock Ruins of Loreth'Aran
383	Unlock The Crimson Reach
384	Unlock Bloodcurse Isle
385	Unlock The Bloodcursed Reef
386	Start up the Mountain to Talon Stand
387	Unlock Talon Stand
388	Unlock Wyrmscar Island
389	Unlock Veridian Point
390	This guide section displays the entire progress for Eastern Kingdoms.
391	Explore Eastern Kingdoms Total Progress
392	Progress for Elwynn Forest
393	Progress for Westfall
394	Progress for Duskwood
395	Progress for Redridge Mountains
396	Progress for Stranglethorn Vale
397	Progress for Burning Steppes
398	Progress for Searing Gorge
399	Progress for The Hinterlands
400	Progress for Eastern Plaguelands
401	Progress for Western Plaguelands
402	Progress for Loch Modan
403	Progress for Dun Morogh
404	Progress for Wetlands
405	Progress for Arathi Highlands
406	Progress for Badlands
407	Progress for Swamp of Sorrows
408	Progress for Blasted Lands
409	Progress for Deadwind Pass
410	Start from Stormwind
411	Travel to Elwynn Forest
412	Begin in Stormwind City and head to Valley of Heroes
413	Unlock Goldshire
414	Unlock Northshire Valley
415	Unlock Crystal Lake
416	Unlock Tower of Azora
417	Unlock Stone Cairn Lake
418	Unlock Eastvale Logging Camp
419	Unlock Ridgepoint Tower
420	Unlock Brackwell Pumpkin Patch
421	Unlock Jerod's Landing
422	Unlock Fargodeep Mine
423	Unlock Forest's Edge
424	Travel to Westfall
425	Begin at the Bridge connecting Elwynn Forest and Westfall
426	Unlock The Jansen Stead
427	Unlock Furlbrow's Pumpkin Farm
428	Unlock Saldean's Farm
429	Unlock Sentinel Hill
430	Unlock The Molsen Farm
431	Unlock Jangolode Mine
432	Unlock Gold Coast Quarry
433	Unlock Alexston Farmstead
434	Unlock Moonbrook
435	Unlock The Dead Acre
436	Unlock Westfall Lighthouse
437	Unlock The Dagger Hills
438	Unlock Demont's Place
439	Unlock The Dust Plains
440	Leave Westfall heading to Duskwood
441	Travel to Duskwood
442	Begin at the border between Westfall and Duskwood
443	Unlock The Hushed Bank
444	Unlock Raven Hill Cemetery
445	Unlock Raven Hill
446	Unlock Addle's Stead
447	Unlock Vul'Gol Ogre Mound
448	Head to the hill to climb to Twilight Grove
449	Unlock Twilight Grove
450	Unlock The Darkened Bank
451	If unable to exit from Twilight Grove, return to the hill path and proceed around the mountainous area to reach this point.
452	Unlock Brightwood Grove
453	Unlock Manor Mistmantle
454	Unlock Darkshire
455	Unlock Tranquil Gardens Cemetery
456	As you visit the next locations, return to the path if needed for easier travel.
457	Unlock The Rotting Orchard
458	Unlock The Yorgen Farmstead
459	Leave Duskwood heading towards Stranglethorn Vale
460	Travel to Stranglethorn Vale
461	Begin at the border between Duskwood and Stranglethorn Vale
462	Unlock Rebel Camp
463	Unlock Kurzen's Compound
464	Unlock Zul'Gurub
465	Unlock Mosh'Ogg Ogre Mound
466	Unlock Venture Co. Base Camp
467	Unlock Ruins of Zul'Mamwe
468	Unlock Ziata'jai Ruins
469	Unlock Crystalvein Mine
470	Unlock Ruins of Aboraz
471	Unlock Mistvale Valley
472	Unlock Wild Shore
473	Unlock Jaguero Isle
474	Unlock Booty Bay
475	Unlock Nek'mani Wellspring
476	Unlock Bloodsail Compound
477	Unlock Gurubashi Arena
478	Unlock Ruins of Jubuwal
479	Unlock Balia'mah Ruins
480	Unlock Mizjah Ruins
481	Unlock Grom'gol Base Camp
482	Unlock The Vile Reef
483	Unlock Lake Nazferiti
484	Unlock Nesingwary's Expedition
485	Unlock Kal'ai Ruins
486	Unlock Bal'lal Ruins
487	Unlock Zuuldaia Ruins
488	Unlock Ruins of Zul'Kunda
489	Go to Nizzle, fly to Darkshire
490	Leave Duskwood heading towards Deadwind Pass
491	Fly to Darkshire in Duskwood
492	Travel North by Northeast to Redridge Mountains
493	Unlock Lakeshire
494	Unlock Lake Everstill
495	Unlock Three Corners
496	Unlock Lakeridge Highway
497	Unlock Redridge Canyons
498	Unlock Alther's Millagazor
499	Unlock Stonewatch
500	Unlock Render's Valley
501	Unlock Render's Camp
502	Unlock Stonewatch Falls
503	Unlock Galardell Valley
504	Travel Burning Steppes
505	Unlock Dreadmaul Rock
506	Unlock Morgan's Vigil
507	Unlock Terror Wing Path
508	Unlock Blackrock Pass
509	Unlock Ruins of Thaurissan
510	Unlock The Pillar of Ash
511	Unlock Blackrock Stronghold
512	Unlock Draco'dar
513	Unlock Altar of Storms
514	Unlock Blackrock Mountain
515	Travel Searing Gorge
516	Unlock  Firewatch Ridge
517	Unlock  The Cauldron
518	Unlock  Blackchar Cave
519	Unlock  The Sea of Cinders
520	Unlock  Tanner Camp
521	Unlock  Grimesilt Dig Site
522	Unlock  Dustfire Valley
523	Travel to Badlands
524	Unlock Lethlor Ravine
525	Unlock Camp Kosh
526	Unlock Uldaman
527	Unlock Angor Fortress
528	Unlock The Dustbowl
529	Unlock New Kargath
530	Unlock Camp Cagg
531	Unlock Scar of the Worldbreaker
532	Unlock Agmond's End
533	Unlock Bloodwatcher Point
534	Travel to Loch Modan
535	Unlock Valley of Kings
536	Unlock Stonesplinter Valley
537	Unlock Grizzlepaw Ridge
538	Unlock Ironband's Excavation Site
539	Unlock The Farstrider Lodge
540	Unlock Mo'grosh Stronghold
541	Unlock Thelsamar
542	Unlock North Gate Pass
543	Unlock Silver Stream Mine
544	Unlock Stonewrought Dam
545	Travel to Wetlands
546	Unlock Raptor Ridge
547	Unlock Greenwarden's Grove
548	Unlock Mosshide Fen
549	Unlock Slabchisel's Survey
550	Unlock Dun Algaz
551	Unlock Thelgen Rock
552	Unlock Angerfang Encampment
553	Unlock Whelgar's Excavation Site
554	Unlock Menethil Harbor
555	Unlock Black Channel Marsh
556	Unlock Bluegill Marsh
557	Unlock Sundown Marsh
558	Unlock Saltspray Glen
559	Unlock Ironbeard's Tomb
560	Unlock Dun Modr
561	Travel to Arathi Highlands
562	Unlock Thandol Span
563	Unlock Boulderfist Hall
564	Unlock Witherbark Village
565	Unlock Go'Shek Farm
566	Unlock Hammerfall
567	Unlock Circle of East Binding
568	Unlock Dabyrie's Farmstead
569	Unlock Circle of Outer Binding
570	Unlock Refuge Pointe
571	Unlock Circle of Inner Binding
572	Unlock Faldir's Cove
573	Unlock Stromgarde Keep
574	Unlock Boulder'gor
575	Unlock Northfold Manor
576	Unlock Galen's Fall
577	Travel to The Hinterlands
578	Unlock Aerie Peak
579	Unlock Plaguemist Ravine
580	Unlock Quel'Danil Lodge
581	Unlock Shadra'Alor
582	Unlock Valorwind Lake
583	Unlock The Altar of Zul
584	Unlock The Creeping Ruin
585	Unlock Jintha'Alor
586	Unlock The Overlook Cliffs
587	Unlock Shaol'watha
588	Unlock Skulk Rock
589	Unlock Seradane
590	Travel to Western Plaguelands
591	Unlock The Bulwark
592	Unlock Felstone Field
593	Unlock Dalson's Farm
594	Unlock Redpine Dell
595	Unlock Hearthglen
596	Unlock The Weeping Cave
597	Unlock Thondroril River
598	Unlock Gahrron's Withering
599	Unlock The Writhing Haunt
600	Unlock Sorrow Hill
601	Unlock Caer Darrow
602	Travel to Eastern Plaguelands
603	Unlock Darrowshire
604	Unlock The Undercroft
605	Unlock Terrordale
606	Unlock Stratholme
607	Unlock Plaguewood
608	Unlock The Fungal Vale
609	Unlock Crown Guard Tower
610	Unlock Lake Mereldar
611	Unlock Corin's Crossing
612	Unlock Blackwood Lake
613	Unlock Quel'Lithien Lodge
614	Unlock Northpass Tower
615	Unlock Eastwall Tower
616	Unlock Pestilent Scar
617	Unlock Tyr's Hand
618	Unlock Ruins of the Scarlet Enclave
619	Unlock Light's Hope Chapel
620	Unlock The Noxious Glade
621	Unlock Northdale
622	Unlock Zul'Mashar
623	Travel to Swamp of Sorrows
624	Unlock Stagalbog
625	Unlock Sorrowmurk
626	Unlock Misty Reed Strand
627	Unlock Bogpaddle
628	Unlock Marshtide Watch
629	Unlock Pool of Tears
630	Unlock The Shifting Mire
631	Unlock Stonard
632	Unlock Purespring Cavern
633	Unlock Splinterspear Junction
634	Unlock Misty Valley
635	Unlock The Harborage
636	Travel to Blasted Lands
637	Unlock Dreadmaul Hold
638	Unlock Rise of the Defiler
639	Unlock Dreadmaul Post
640	Unlock The Dark Portal
641	Unlock The Tainted Scar
642	Unlock The Tainted Forest
643	Unlock Surwich
644	Unlock Sunveil Excursion
645	Unlock The Red Reaches
646	Unlock Shattershore
647	Unlock Serpent's Coil
648	Unlock Nethergare Keep
649	Travel to Deadwind Pass
650	Unlock Deadman's Crossing
651	Unlock Karazhan
652	Unlock The Vice
653	This guide section displays the entire progress for Outland.
654	Explore Outland Total Progress
655	Progress for Hellfire Peninsula
656	Progress for Terokkar Forest
657	Progress for Shadowmoon Valley
658	Progress for Nagrand
659	Progress for Zangarmarsh
660	Progress for Blade's Edge Mountains
661	Progress for Netherstorm
662	Travel to Hellfire Peninsula
663	Unlock The Stair of Destiny
664	Unlock Throne of Kil'jaeden
665	Unlock Forge Camp: Mageddon
666	Unlock The Legion Front
667	Unlock Void Ridge
668	Unlock Zeth'Gor
669	Unlock Expedition Armory
670	Unlock The Warp Fields
671	Unlock Honor Hold
672	Unlock Hellfire Citadel
673	Unlock Pools of Aggonar
674	Unlock Mag'har Post
675	Unlock Temple of Telhamat
676	Unlock Den of Haal'esh
677	Unlock Fallen Sky Ridge
678	Unlock Ruins of Sha'naar
679	Travel to Terokkar Forest
680	Unlock Razorthorn Shelf
681	Unlock Tuurem
682	Unlock Cenarion Thicket
683	Unlock Shattrath City
684	Unlock The Barrier Hills
685	Unlock Bleeding Hollow Ruins
686	Unlock Veil Rhaze
687	Unlock Shadow Tomb
688	Unlock Refugee Caravan
689	Unlock Carrion Hill
690	Unlock Grangol'var Village
691	Unlock Stonebreaker Hold
692	Unlock Raastok Glade
693	Unlock Firewing Point
694	Unlock Bonechewer Ruins
695	Unlock Allerian Stronghold
696	Unlock Writhing Mound
697	Unlock Ring of Observance
698	Unlock Auchenai Grounds
699	Unlock Derelict Caravan
700	Unlock Skettis
701	Travel to Shadowmoon Valley
702	Unlock Legion Hold
703	Unlock Illidari Point
704	Unlock Wildhammer Stronghold
705	Unlock Eclipse Point
706	Unlock Netherwing Ledge
707	Unlock Netherwing Fields
708	Unlock Warden's Cage
709	Unlock The Hand of Gul'dan
710	Unlock The Deathforge
711	Unlock Shadowmoon Village
712	Unlock Coilskar Point
713	Unlock Altar of Sha'tar
714	Unlock The Black Temple
715	Travel to Nagrand
716	Unlock Windyreed Village
717	Unlock Burning Blade Ruins
718	Unlock Kil'sorrow Fortress
719	Unlock Clan Watch
720	Unlock The Ring of Trials
721	Unlock Southwind Cleft
722	Unlock Telaar
723	Unlock Spirit Fields
724	Unlock Halaa
725	Unlock Sunspring Post
726	Unlock Forge Camp: Fear
727	Unlock The Twilight Ridge
728	Unlock Forge Camp: Hate
729	Unlock Warmaul Hill
730	Unlock Zangar Ridge
731	Unlock Laughing Skull Ruins
732	Unlock Garadar
733	Unlock Throne of the Elements
734	Unlock Windyreed Pass
735	Travel to Zangarmarsh
736	Unlock Darkcrest Shore
737	Unlock Umbrafen Village
738	Unlock Cenarion Refuge
739	Unlock The Dead Mire
740	Unlock Teredor
741	Unlock Bloodscale Grounds
742	Unlock The Lagoon
743	Unlock Twin Spire Ruins
744	Unlock Feralfen Village
745	Unlock Zabra'jin
746	Unlock Quagg Ridge
747	Unlock The Spawning Glen
748	Unlock Sporeggar
749	Unlock Marshlight Lake
750	Unlock Ango'rosh Stronghold
751	Unlock Hewn Bog
752	Unlock Orebor Harborage
753	Travel to Blade's Edge Mountains
754	Unlock Forge Camp: Terror
755	Unlock Vortex Summit
756	Unlock Forge Camp: Wrath
757	Unlock Raven's Wood
758	Unlock Grishnath
759	Unlock Bash'ir Landing
760	Unlock Crystal Spine
761	Unlock Broken Wilds
762	Unlock Skald
763	Unlock Gruul's Lair
764	Unlock Bloodmaul Camp
765	Unlock Bladespire Hold
766	Unlock Sylvanaar
767	Unlock Veil Lashh
768	Unlock Bloodmaul Outpost
769	Unlock Jagged Ridge
770	Unlock Razor Ridge
771	Unlock Death's Door
772	Unlock Thunderlord Stronghold
773	Unlock Circle of Blood
774	Unlock Ruuan Weald
775	Unlock Veil Ruuan
776	Unlock Bladed Gulch
777	Unlock Forge Camp: Anger
778	Unlock Mok'Nathal Village
779	Unlock Vekhaar Stand
780	Travel to Netherstorm
781	Unlock Manaforge B'naar
782	Unlock The Heap
783	Unlock Area 52
784	Unlock Arklon Ruins
785	Unlock Manaforge Coruu
786	Unlock Kirin'Var Village
787	Unlock Sunfury Hold
788	Unlock Maforge Duro
789	Unlock Tempest Keep
790	Unlock Celestial Ridge
791	Unlock Manaforge Ultris
792	Unlock Ethereum Staging Grounds
793	Unlock Ruins of Farahlon
794	Unlock Netherstone
795	Unlock Eco-Dome Farfield
796	Unlock Socrethar's Seat
797	Unlock Forge Base: Oblivion
798	Unlock The Stormspire
799	Unlock Eco-Dome Midrealm
800	Unlock ruins of Enkaat
801	Unlock Gyro-Plank Bridge
802	Unlock Manaforge Ara
803	This guide section displays the entire progress for Northrend.
804	Explore Northrend Total Progress
805	Progress for Borean Tundra
806	Progress for Sholazar Basin
807	Progress for Icecrown
808	Progress for Dragonblight
809	Progress for Crystalsong Forest
810	Progress for Storm Peaks
811	Progress for Zul'Drak
812	Progress for Grizzly Hills
813	Progress for Howling Fjord
814	Travel to Borean Tundra
815	Unlock Valiance Keep
816	Unlock Warsong Hold
817	Unlock Riplash Stand
818	Unlock Garrosh's Landing
819	Unlock Coldarra
820	Unlock Amber Ledge
821	Unlock Steeljaw's Carvan
822	Unlock Bor'gorok Outpost
823	Unlock The Geyser Fields
824	Unlock Kaskala
825	Unlock Death's Stand
826	Unlock Temple City of En'kilah
827	Unlock The Dens of the Dying
828	Travel to Sholazar Basin
829	Unlock Makers' Overlook
830	Unlock The Lifeblood Pillar
831	Unlock Rainspeaker Canopy
832	Unlock River's Heart
833	Unlock The Mosslight Pillar
834	Unlock Kartak's Hold
835	Unlock The Suntouched Pillar
836	Unlock Makers' Perch
837	Unlock The Stormwright's Shelf
838	Unlock The Savage Thicket
839	Unlock The Glimmering Pillar
840	Unlock The Avalanche
841	Travel to Icecrown
842	Unlock Onslaught Harbor
843	Unlock Jotunheim
844	Unlock Valhalas
845	Unlock The Shadow Vault
846	Unlock Aldur'thar: The Desolation Gate
847	Unlock The Bombardment
848	Unlock Sindragosa's Fall
849	Unlock Scourgeholme
850	Unlock Valley of Echoes
851	Unlock The Broken Front
852	Unlock Ymirheim
853	Unlock The Conflagration
854	Unlock The Fleshwerks
855	Unlock Corp'rethar: The Horror Gate
856	Unlock Icecrown Citadel
857	Travel to Dragonblight
858	Unlock Angrathar the Wrath Gate
859	Unlock Obsidian Dragonshrine
860	Unlock Icemist Village
861	Unlock Westwind Refugee Camp
862	Unlock Agmar's Hammer
863	Unlock Lake Indu'le
864	Unlock Ruby Dragonshrine
865	Unlock Galakrond's Rest
866	Unlock Wyrmrest Temple
867	Unlock Emerald Dragonshrine
868	Unlock New Hearthglen
869	Unlock Venomspite
870	Unlock The Forgotten Shore
871	Unlock Naxxramas
872	Unlock Light's Trust
873	Unlock Scarlet Point
874	Unlock The Crystal Vice
875	Unlock Coldwind Heights
876	Travel to Crystalsong Forest
877	Unlock The Azure Front
878	Unlock Violet Stand
879	Unlock The Great Tree
880	Unlock The Decrepit Flow
881	Unlock Forlorn Woods
882	Unlock The Unbound Thicket
883	Unlock Windrunner's Overlook
884	Unlock Sunreaver's Command
885	Travel to Storm Peaks
886	Unlock Sparksocket Minefield
887	Unlock Bor's Breath
888	Unlock Temple of Storms
889	Unlock Frosthold
890	Unlock Valkyrion
891	Unlock Nidavelir
892	Unlock Snowdrift Plains
893	Unlock Narvir's Cradle
894	Unlock Ulduar
895	Unlock Terrace of the Makers
896	Unlock Temple of Life
897	Unlock Thunderfall
898	Unlock Dun Niffelem
899	Unlock Engine of the Makers
900	Unlock Brunnhildar Village
901	Unlock Garm's Bane
902	Travel to Zul'Drak
903	Unlock Thrym's End
904	Unlock Voltarus
905	Unlock Altar of Sseratus
906	Unlock Altar of Rhunok
907	Unlock Gundrak
908	Unlock Altar of Mam'toth
909	Unlock Altar of Quetz'lun
910	Unlock Zim'Torga
911	Unlock Altar of Har'koa
912	Unlock Kolrama
913	Unlock Ampitheater of Anguish
914	Unlock Drak'Sorta Fields
915	Unlock Light's Breach
916	Unlock Zeramas
917	Travel to Grizzly Hills
918	Unlock Drak'Tharon Keep
919	Unlock Granite Springs
920	Unlock Conquest Hold
921	Unlock Venture Bay
922	Unlock Voldrune
923	Unlock Amberpine Lodge
924	Unlock Blue Sky Logging Grounds
925	Unlock Grizzlemaw
926	Unlock Westfall Brigade Encampment
927	Unlock Thor Modan
928	Unlock Drakil'jin Ruins
929	Unlock Camp Oneqwah
930	Unlock Dun Argol
931	Unlock Rage Fang Shrine
932	Travel to Howling Fjord
933	Unlock Gjalerbron
934	Unlock Camp Winterhoof
935	Unlock The Twisted Glade
936	Unlock Fort Wildervar
937	Unlock Giant's Run
938	Unlock Vengeance Landing
939	Unlock Ivald's Ruin
940	Unlock Baelgun's Excavation Site
941	Unlock Nifflevar
942	Unlock Baleheim
943	Unlock Cauldros Isle
944	Unlock Utgarde Keep
945	Unlock Halgrind
946	Unlock New Agamand
947	Unlock Scalawag Point
948	Unlock Kamagua
949	Unlock Ember Clutch
950	Unlock Skorn
951	Unlock Westguard Keep
952	Unlock Steel Gate
953	Unlock Apothecary Camp
954	For this achievement, you will need to reach level 20.
955	You can also purchase a mount from the vendor at [77.0,67.8]
956	You can also purchase a mount from the vendor at [70.6,48.8]
957	You can also purchase a mount from the vendor at [42.6,32.8]
958	You can also purchase a mount from the vendor at [56.2,46.2]
959	You can also purchase a mount from the vendor at [81.6,52.6]
960	You can also purchase a mount from the vendor at [48.6,22.2]
961	You can also purchase a mount from the vendor at [67.8,18.6]
962	Congratulations, you have obtained the Giddy Up! achievement!
963	For this achievement, you will need to reach level 40.
964	Congratulations, you have obtained the Fast and Furious achievement!
965	For this achievement, you will need to reach level 60.
966	The cost of this riding training is 250 Gold (but can be reduced by faction discounts).
967	You can also purchase a mount from the vendor at [71.4,72.2]
968	Congratulations, you have obtained the Into The Wild Blue Yonder achievement!
969	For this achievement, you will need to reach level 70.
970	The cost of this riding training is 5,000 Gold (but can be reduced by faction discounts).
971	Congratulations, you have obtained the The Right Stuff achievement!
972	Visit a Barber Shop and get your hair cut.
973	Click on the Barbershop Chair
974	It looks like a mechanical chair with a foot rest.
975	Change  your Hair Style or Hair Color, than click "Okay".
976	This will cost money to do, so be sure you have the extra gold to purchase a hair style.
977	Earn the Shave and a Haircut Achievement
978	Visit your class trainer when you are at least level 30 and activate your Dual Talent Specialization.
979	Learn Dual Talent Specialization
980	Earn the Dual Talent Specialization achievement
981	Win a greed roll on a superior or better item above level 185 by rolling 100.
982	(Non Heroic) Old Stratholme
983	(Non Heroic) The Oculus
984	(Non Heroic) Utgarde Pinnacle
985	(Non Heroic) Halls of Lightning.
986	Click here to continue to the next step
987	Greed Roll a 100 on a Superior (Blue) item with iLvl 185+
988	Earn the Greedy Achievement
989	Congratulations!  You've earned:
990	Greedy Achievement
991	Win a need roll on a superior or better item above level 185 by rolling 100.
992	Need Roll a 100 on a Superior (Blue) item with iLvl 185+
993	Earn the Needy Achievement
994	Needy Achievement
995	Equip Haris Pilton's "Gigantique" Bag.
996	For this achievement, you will need to purchase and equip a bag you can purchase from Haris Pilton. The bag is 1200 gold, so you may have to save up before completing this achievement.
997	Click the Gigantique Bag to equip it
998	Earn the My Sack is Gigantique Achievement
999	Slay 15 turkeys in 3 minutes.
1000	Kill them as fast as you can, then hurry to kill another one each time.
1001	Slay 15 Turkeys in 3 Minutes
1002	Congratulations!  You've earned the Friend or Fowl? Achievement.
1003	Fall 65 yards without dying.
1004	For this achievement you must fall 65 yards without dying. You can do this in several different ways, depending on yoiur class, but we listed the easiest way regardless of level and class.
1005	Ride up to the Elevator to the Terrace of Light. Jump off either the right or the left side of the Terrace to the flat ground. MAKE SURE TO JUMP.
1006	Earn the Going Down? Achievement
1007	Read books.
1008	Click on The Invasion of Draenor
1009	It looks like a red book on the small ledge at the end of this room.
1010	Read The Invasion of Draenor
1011	Click on Sunwell - The Fall of Quel'Thalas
1012	It looks like a green book sitting on a small wooden table inside the inn.
1013	Read Sunwell - The Fall of Quel'Thalas
1014	Go upstairs through the building to the north
1015	Click on The Sentinels and the Long Vigil
1016	It looks like a brown book sitting on a small wooden table next to a bed upstairs in this building.
1017	Read The Sentinels and the Long Vigil
1018	Click the books on the bookshelf.
1019	Read Empires' Fall
1020	Read Wrath of Soulflayer
1021	Read The Twin Empires
1022	Click The Scourge of Lordaeron
1023	Read The Scourge of Lordaeron
1024	The book is upstairs.
1025	Click on Kil'Jaeden and the Shadow Pact
1026	It looks like a black book on this small table.
1027	Read Kil'Jaeden and the Shadow Pact
1028	The book is upstairs in the tavern.
1029	Click on The Founding of Quel'Thalas
1030	It looks like a red book in the Viewing Room next to Gunder Thornbush.
1031	Read The Founding of Quel'Thalas
1032	Located upstars on the table at the center of the room.
1033	Click on Lethargy of the Orcs
1034	It looks like a reddish book sitting on a chair at the bottom of this tower.
1035	Read Lethargy of the Orcs
1036	Click on Rise of the Blood Elves
1037	It looks like a red book on the corner of this table.
1038	Read Rise of the Blood Elves
1039	Click on The Last Guardian
1040	It looks like a green book on the corner of the table.
1041	Read The Last Guardian
1042	You can also find it in Loch Modan at 37.2,47.0
1043	Click to set waypoint.
1044	Click on The Kaldorei and the Well of Eternity
1045	It looks like a brown book on the Pillar ledge next to the doorway.
1046	Read The Kaldorei and the Well of Eternity
1047	Click on Aftermath of the Second War
1048	It looks like a blue book at the edge of this table.
1049	Read Aftermath of the Second War
1050	Click on The Guardians of Tirisfal
1051	It looks like a black book at the edge of this table.
1052	Read The Guardians of Tirisfal
1053	Click on The Alliance of Lordaeron
1054	Read The Alliance of Lordaeron
1055	Click on The New Horde
1056	It looks like a green book on the edge of this pillar.
1057	Read The New Horde
1058	Click on Aegwynn and the Dragon Hunt
1059	It looks like a brownish red book on the edge of this pillar.
1060	Read Aegwynn and the Dragon Hunt
1061	Click on The World Tree and the Emerald Dream
1062	It looks like a green book at the edge of this table.
1063	Read The World Tree and the Emerald Dream
1064	Click on The War of the Ancients
1065	Read The War of the Ancients
1066	Click Beyond the Dark Portal
1067	It's a green book on a chair.
1068	Read Beyond the Dark Portal
1069	Click on War of the Spider
1070	It looks like a blue book on the edge of this large table.
1071	Read War of the Spider
1072	Click on The Dark Portal and the Fall of Stormwind
1073	It looks like a blue book on the corner of this large table.
1074	Read The Dark Portal and the Fall of Stormwind
1075	Click on Archimonde's Return and the Flight to Kalimdor
1076	It looks like a brown book laying on the ground.
1077	Read Archimonde's Return and the Flight to Kalimdor
1078	Click on Mount Hyjal and Illidan's Gift
1079	It looks like a green book sitting on the corner of a wooden table inside this building.
1080	Read Mount Hyjal and Illidan's Gift
1081	Click on Ironforge - the Awakening of the Dwarves
1082	It looks like a blue book on this small table.
1083	Read Ironforge - the Awakening of the Dwarves
1084	Click on War of the Three Hammers
1085	It looks like a brown book on this small table.
1086	Read War of the Three Hammers
1087	Click on Arathor and the Troll Wars
1088	Read Arathor and the Troll Wars
1089	Click on Civil War in the Plaguelands
1090	Read Civil War in the Plaguelands
1091	Click on Rise of the Horde
1092	It looks like a brown book at the edge of this table.
1093	Read Rise of the Horde
1094	Click on The Old Gods and the Ordering of Azeroth
1095	Read The Old Gods and the Ordering of Azeroth
1096	Click on Charge of the Dragonflights
1097	Read Charge of the Dragonflights
1098	Click on The Battle of Grim Batol
1099	Read The Battle of Grim Batol
1100	Click on The Seven Kingdoms
1101	It looks like a brown book on the edge of the middle table here.
1102	Read The Seven Kingdoms
1103	Click on Icecrown and the Frozen Throne
1104	It looks like a blue book on the corner of this small table.
1105	Read Icecrown and the Frozen Throne
1106	Click on Kel'Thuzad and the Forming of the Scourge
1107	It looks like a black book on the edge of this small table.
1108	Read Kel'Thuzad and the Forming of the Scourge
1109	Click on The Birth of the Lich King
1110	It looks like a black book on the corner of this table.
1111	Read The Birth of the Lich King
1112	Click on The Lich King Triumphant
1113	It looks like a brown book on the corner of this table.
1114	Read The Lich King Triumphant
1115	Click on The Betrayer Ascendant
1116	It looks like a gray book on top of a dresser.
1117	Read The Betrayer Ascendant
1118	Click on Exile of the High Elves
1119	It looks like a blue book on the ledge to the right of this room.
1120	Read Exile of the High Elves
1121	Click on Sargeras and the Betrayal
1122	It looks like a black book on a square table.
1123	Read Sargeras and the Betrayal
1124	Click on Old Hatreds - The Colonization of Kalimdor
1125	Read Old Hatreds - The Colonization of Kalimdor
1126	Read the volumes of "The Schools of Arcane Magic" found in Dalaran.
1127	Warning: These books have respawn timers of about 3-4 hours (it seems to be random between those times), so this achievement may take you a while to get.
1128	The book you want won't always be there.  Fake trash books spawn to make the achievement even harder to get, but keep at it.  Make sure you click the fake trash books anyway, so the real books have a chance to spawn.
1129	This is an achievement that you may want to dedicate a lot of time to, if you want it.
1130	You'll have a much greater chance of earning the achievement if you camp each book until you have them all, rather than constantly running through the path in this guide.
1131	Good luck!
1132	Click The Schools of Arcane Magic - Illusion
1133	It looks like a brown book laying on a wooden crate.
1134	Read The Schools of Arcane Magic - Illusion
1135	Click here if this book isn't available
1136	Click The Schools of Arcane Magic - Introduction
1137	It looks like a blue book laying on ground next to a bookshelf inside this building.
1138	Read The Schools of Arcane Magic - Introduction
1139	Click The Schools of Arcane Magic - Abjuration
1140	It looks like a brown book laying on ground next to a small table inside this building.
1141	Read The Schools of Arcane Magic - Abjuration
1142	Click The Schools of Arcane Magic - Enchantment
1143	It looks like a blue book laying on a small wooden crate on the balcony upstairs in this building.
1144	Read The Schools of Arcane Magic - Enchantment
1145	Click The Schools of Arcane Magic - Transmutation
1146	It looks like a grayand green striped book laying on a bookshelf downstairs in this building.  It will be the only book on the bookshelf.
1147	Read The Schools of Arcane Magic - Transmutation
1148	Click The Schools of Arcane Magic - Necromancy
1149	It looks like a blue book laying on a bookshelf upstairs in this building.  It will be the only book on the bookshelf.
1150	Read The Schools of Arcane Magic - Necromancy
1151	Click The Schools of Arcane Magic - Conjuration
1152	It looks like a blue book laying on the left on the bottom shelf of a bookshelf in this building.
1153	Read The Schools of Arcane Magic - Conjuration
1154	Click The Schools of Arcane Magic - Divination
1155	It looks like a blue book laying on the floor next to 2 bookshelves upstairs inside this building.
1156	Read The Schools of Arcane Magic - Divination
1157	Congratulations!  You've earned the Higher Learning Achievement!
1158	Drink 25 different types of beverages.
1159	Drink the Refreshing Spring Water
1160	Drink the Ice Cold Milk
1161	Drink the Melon Juice
1162	Drink the Sweet Nectar
1163	Drink the Moonberry Juice
1164	Drink the Morning Glory Dew
1165	Drink the Filtered Draenic Water
1166	Drink the Pugnent Seal Whey
1167	Drink the Fresh Water
1168	Drink the Honeymint Tea
1169	Drink the Sparkling Oasis Water
1170	Drink the Highland Spring Water
1171	Drink the Bottle of Pinot Noir
1172	Drink the Glass of Eversong Wine
1173	Drink the Honey Mead
1174	Drink the Flask of Port
1175	Drink the Bottle of Silvermooon Port
1176	Drink the Skin of Dwarven Stout
1177	Drink the Flask of Bitter Cactus
1178	Drink the Snowplum Brandy
1179	Drink the Flagon of Mead
1180	Drink the Cup of Frog Venom Brew
1181	Drink the Caraway Burnwine
1182	Drink the Jug of Bourbon
1183	Drink the Skin of Mulgore Firewater
1184	Earn the It's Happy Hour Somewhere achievement!
1185	Congratulations!  You've earned the It's Happy Hour Somewhere achievement!
1186	Sample 50 different kinds of Azeroth's delectable dishes.
1187	Eat the Tough Jerky
1188	Eat the Tough Hunk of Bread
1189	Eat the Haunch of Meat
1190	Eat the Freshly Baked Bread
1191	Eat the Mutton Chop
1192	Eat the Moist Cornbread
1193	Eat the Wild Hog Shank
1194	Eat the Mulgore Spice Bread
1195	Eat the Cured Ham Steak
1196	Eat the Soft Banana Bread
1197	Eat the Roasted Quail
1198	Eat the Homemade Cherry Pie
1199	Eat the Smoked Talbuk Venison
1200	Eat the Mag'har Grainbread
1201	Eat the Salted Venison
1202	Eat the Crusty Flatbread
1203	Eat the Mead Basted Cariboy
1204	Eat the Sweet Potato Bread
1205	Eat the Roasted Beef
1206	Eat the Pine Nut Bread
1207	Eat the Massive Turkey
1208	Eat the Buttery Wheat Roll
1209	Eat the Forest Mushroom
1210	Eat the Red-Speckeled Mushroom
1211	Eat the Spongy Morel
1212	Eat the Delicious Cave Mold
1213	Eat the Raw Black Truffle
1214	Eat the Dried King Bolete
1215	Eat the Slitherskin Mackerel
1216	Eat the Shiny Red Apple
1217	Eat the Longjaw Mud Snapper
1218	Eat the Tel'Abim Banana
1219	Eat the Bristle Whisker Catfish
1220	Eat the Snapvine Watermelon
1221	Eat the Rockscale Cod
1222	Eat the Goldenbark Apple
1223	Eat the Striped Yellowtail
1224	Eat the Moon Harvest Pumpkin
1225	Eat the Spinefin Hailibut
1226	Eat the Deep Fried Plantains
1227	Eat the Sunspring Carp
1228	Eat the Skethyl Berries
1229	Eat the Fillet of Icefin
1230	Eat the Tundra Berries
1231	Eat the Poached Emperor
1232	Eat the Savory Snowplum
1233	Eat the Sliced Raw Billfish
1234	Eat the Sour Green Apple
1235	Eat the Grilled Shark
1236	Eat the Highland Pomegranate
1237	Earn the Tastes Like Chicken achievement!
1238	Congratulations!  You've earned the Tastes Like Chicken Achievement!
1239	Obtain an Armored Brown Bear from Mei Francis in Dalaran.
1240	You will need 750 gold to complete this achievement
1241	Click the Reins of the Armored Brown Bear
1242	Earn the Armored Brown Bear achievement!
1243	Congratulations!  You've earned the Armored Brown Bear achievement!
1244	Obtain a Wooly Mammoth from Mei Francis in Dalaran.
1245	You will need 2,175 Justice Points to complete this achievement
1246	You earn Justice Points for completing your first random normal dungeon each day.
1247	Click the Reins of the Wooly Mammoth
1248	Earn the Wooly Mammoth achievement!
1249	Congratulations!  You've earned the Wooly Mammoth achievement!
1250	Obtain a Traveler's Tundra Mammoth from Mei Francis in Dalaran.
1251	You will need 20,000 gold to complete this achievement
1252	You can acquire gold through raids, dungeons, quests, or just by farming high level mobs.
1253	Click the Reins of the Traveler's Tundra Mammoth
1254	Earn the Traveler's Tundra Mammoth achievement!
1255	Congratulations!  You've earned the Traveler's Tundra Mammoth achievement!
1256	Purchase a Signet of the Kirin Tor, Band of the Kirin Tor, Loop of the Kirin Tor, or Ring of the Kirin Tor in Dalaran.
1257	You will need 8,500 gold to complete this achievement
1258	Buy any of these 4 rings, whichever you prefer
1259	Earn the Ring of the Kirin Tor achievement!
1260	Congratulations!  You've earned the Ring of the Kirin Tor achievement!
1261	Obtain a camel mount in Uldum (with just one hump).
1262	You will need 100 gold to complete this achievement
1263	You also need to be Exalted with the Ramkahen faction
1264	Use the Ramkahen Reputation guide in the Cataclysm Dailies guide to become Exhalted with the Ramkahen faction.
1265	Buy either of these 2 camel mounts
1266	Click the Reins of the Brown Riding Camel
1267	Click the Reins of the Tan Riding Camel
1268	Earn the One Hump or Two? achievement!
1269	Congratulations!  You've earned the One Hump or Two? achievement!
1270	This will guide you to the area to fight the Whale Shark.
1271	The Whale Shark swims in a circle around Nespirah. Some searching may be required.
1272	When fighting the whale shark, it is important to know that you cannot use melee attacks, as he will kill you rather quickly. The best strategy is to use ranged attacks to kite him around and just slowly drain his health to 0.
1273	Congratulations!  You've earned the From Hell's Heart I Stab At Thee achievement!
1274	Kill all of the Rare enemies in Outlands
1275	If Mekthorg the Wild is not here, you may be able to find him in the following locations:
1276	[41.6,71.6]
1277	[47.2,58.4]
1278	[52.0,51.2]
1279	[46.6,43.0]
1280	If Fulgorge is not here, you may be able to find him in the following locations:
1281	[42.8,71.8]
1282	[43.6,50.6]
1283	[30.8,63.0]
1284	[27.6,42.6]
1285	If Vorakem Doomspeaker is not here, you may be able to find him in the following locations:
1286	[54.4,28.6]
1287	[65.4,31.4]
1288	[73.6,40.2]
1289	[70.0,45.6]
1290	[72.6,56.8]
1291	If Hemathion is not here, you may be able to find him at [30.6,48.4]
1292	If Morcrush is not here, you may be able to find him in the following locations:
1293	[62.6,52.6]
1294	[65.8,47.8]
1295	[71.0,42.0]
1296	[73.8,28.6]
1297	[61.0,23.0]
1298	If Speaker Mar'Grom is not here, you may be able to find him in the following locations:
1299	[42.0,50.8]
1300	[57.6,29.6]
1301	[66.2,23.6]
1302	If Bog Lurker is not here, you may be able to find him in the following locations:
1303	[41.2,60.8]
1304	[50.6,59.4]
1305	[86.6,82.6]
1306	If Coilfang Emissary is not here, you may be able to find him in the following locations:
1307	[63.0,38.0]
1308	[64.4,69.6]
1309	[73.6,82.4]
1310	If Marticar is not here, you may be able to find him in the following locations:
1311	[18.0,34.4]
1312	[38.6,34.8]
1313	[54.4,33.8]
1314	[72.0,35.8]
1315	[79.6,53.6]
1316	If Chief Engineer Lorthander is not here, you may be able to find him in the following locations:
1317	[47.6,81.2]
1318	[27.8,39.4]
1319	He walks around the towers in Netherstorm, so you will need to search for him.
1320	If Nuramoc is not here, you may be able to find him in the following locations:
1321	[40.6,79.8]
1322	[67.6,61.0]
1323	[53.0,59.2]
1324	[34.0,33.6]
1325	[36.0,20.8]
1326	He walks in a circle around Oshu'Gun, you may need to fly around to find him.
1327	If Goretooth is not here, you may be able to find him in the following locations:
1328	[44.8,44.8]
1329	[59.6,28.4]
1330	[77.0,80.2]
1331	He walks around and inside Auchindoun, so you may need to search for him.
1332	If Doomsayer Jurim is not here, you may be able to find him in the following locations:
1333	[56.8,32.6]
1334	[54.4,20.4]
1335	[43.2,26.4]
1336	[35.8,37.4]
1337	If Okrek is not here, you may be able to find him in the following locations:
1338	[31.8,42.6]
1339	[50.0,19.6]
1340	[59.8,24.2]
1341	If Ambassador Jerrikar is not here, you may be able to find him in the following locations:
1342	[47.6,68.6]
1343	[29.6,52.6]
1344	[46.2,28.8]
1345	[57.6,38.2]
1346	If Collidus the Warp-Watcher is not here, you may be able to find him in the following locations:
1347	[58.6,71.6]
1348	[46.0,53.2]
1349	[37.6,43.6]
1350	[60.0,22.0]
1351	[73.8,29.2]
1352	If Kraator is not here, you may be able to find him in the following locations:
1353	[42.0,68.8]
1354	[31.0,45.6]
1355	[42.0,40.6]
1356	[45.6,12.6]
1357	Congratulations, you have earned the Bloody Rare achievement!
1358	Kill all of the extremely rare and hard to find Northrend Creatures.
1359	He walks all around the Nexus, so you may need to search for him.
1360	He is flying around this whole section of the map, so you may need to search for him.
1361	If Icehorn is not here, you may be able to find him in the following locations:
1362	[84.6,46.8]
1363	[80.8,46.0]
1364	[81.4,31.4]
1365	[85.8,34.6]
1366	[91.6,32.6]
1367	He walks around this area, so you may need to search for him.
1368	If Tukemuth is not here, you may be able to find him in the following locations:
1369	[70.8,30.2]
1370	[62.6,42.2]
1371	[59.0,60.2]
1372	[54.6,56.8]
1373	[61.0,31.0]
1374	If Scarlet Highlord Daion is not here, you may be able to find him in the following locations:
1375	[86.8,41.6]
1376	[72.0,74.0]
1377	If Grocklar is not here, you may be able to find him in the following locations:
1378	[13.2,48.6]
1379	[22.4,73.2]
1380	[12.2,70.6]
1381	If Seething Hate is not here, you may be able to find it in the following locations:
1382	[34.6,49.0]
1383	[28.6,45.8]
1384	She walks around in this area, so you may need to search for her.
1385	He is wandering about this island and the one north of it. You may need to search for him.
1386	She wanders around this area, so you may need to search for her a bit.
1387	If Perobas the Bloodthirster is not here, you may be able to find him in the following locations:
1388	[53.0,11.4]
1389	[60.8,20.2]
1390	[68.6,17.6]
1391	[71.6,13.8]
1392	If High Thane Jorfus is not here, you may be able to find him in the following locations:
1393	[32.0,69.6]
1394	[72.8,38.8]
1395	If Hildana Deathstealer is not here, you may be able to find her in the following locations:
1396	[31.8,41.8]
1397	[58.2,54.2]
1398	He walks around this whole trench, so you may need to search for him.
1399	If Aotona is not here, you may be able to find it in the following locations:
1400	[58.2,64.0]
1401	[52.6,72.2]
1402	[41.8,69.6]
1403	[41.0,58.6]
1404	[45.8,54.4]
1405	If King Krush is not here, you may be able to find him in the following locations:
1406	[59.0,80.8]
1407	[50.6,78.2]
1408	[27.6,45.2]
1409	[37.6,28.8]
1410	[49.8,45.0]
1411	If Loque'nahak is not here, you may be able to find him in the following locations:
1412	[67.0,79.6]
1413	[51.0,81.6]
1414	[22.6,70.6]
1415	[31.0,66.6]
1416	[36.6,31.0]
1417	[59.4,22.6]
1418	If Dirkee is not here, you may be able to find him in the following locations:
1419	[37.8,58.6]
1420	[41.0,51.6]
1421	[41.6,40.6]
1422	This dragon flies around the whole zone, so you may need to search for him a bit.
1423	If Griegen is not here, you may be able to find him in the following locations:
1424	[25.8,76.8]
1425	[26.6,71.2]
1426	[22.0,70.6]
1427	[18.0,70.6]
1428	[14.6,56.8]
1429	[23.0,62.8]
1430	[26.6,55.4]
1431	He wanders around this area, so you may need to search for him.
1432	If Terror Spinner is not here, you may be able to find him in the following locations:
1433	[61.2,36.6]
1434	[71.6,23.4]
1435	[72.2,28.4]
1436	[81.6,34.6]
1437	[77.6,42.8]
1438	[74.8,66.4]
1439	Congratulations, you have obtained the Frostbitten achievement!
1440	Equip items in each slot that have at least an item level of 213
1441	(Non Heroic) Forge of Souls
1442	(Non Heroic) Pit of Saron
1443	(Non Heroic) Halls of Reflection
1444	You can also find these items in these WotLK Heroic Dungeons and any Heroic dungeon from Cataclysm.
1445	Equip an Epic item in every slot with a minimum item level of 213
1446	Earn the Epic Achievement
1447	Your progress will be tracked below per slot:
1448	Head
1449	Neck
1450	Shoulder
1451	Chest
1452	Waist
1453	Legs
1454	Feet
1455	Wrist
1456	Hands
1457	Left Ring
1458	Right Ring
1459	First Trinket
1460	Second Trinket
1461	Cloak
1462	Weapon
1463	Congratulations, you have earned the Epic achievement!
1464	Equip a superior item in every slot with a minimum item level of 187. Equip an epic item in every slot with a minimum item level of 213.
1465	(Non Heroic) Halls of Lightning
1466	Equip a Superior item in every slot with a minimum item level of 187
1467	Earn the Superior Achievement
1468	Congratulations, you have earned the Superior achievement!
1469	Buy 7 additional bank slots.
1470	This achievement will cost you 111.1 Gold to complete.
1471	Purchase 7 Bank Slots.
1472	Earn the Safe Deposit Achievement
1473	Congratulations, you've earned the Safe Deposit Achievement!
1474	Learn the Mekgineer's Chopper.
1475	In order to earn this achievement, you will need to either purcahse or create a Mekgineer's Chopper.
1476	Click here to make this item yourself
1477	Click here to purchase this item froomo the Auction House
1478	You will need Mining or a Miner for this. 450
1479	You will need Engineering or an Engineer to attain these. 350
1480	You will need Skinning or a Skinner to attain this. From Northrend Enemies
1481	Once you have collected these items, you will need to collect 3 more, which come from vendors.
1482	3,000 gold
1483	8,000 gold
1484	1,500 gold
1485	Note that these can also be salvaged or dropped from Ulduar.
1486	Flame Leviathan and XT-002 Deconstructor are the bosses you are looking for.
1487	Use your Mekgineer's Chopper.
1488	Congratulations, you have earned the Get to the Choppa! achievement.
1489	In order to earn this achievement, you will need to visit the places that Deathwing had the most effect on during Cataclysm.
1490	The Raging Chasm in Westfall
1491	The Sundering in Stranglethorn
1492	The Scar of the Worldbreaker in Badlands /3
1493	The Stonewrought Dam in Loch Modan /12
1494	Ruins of Southshore in Hillsbrad Foothills /13
1495	The Greymane Wall in Silverpine /10
1496	The Battlescar in Southern Barrens /1
1497	The Valley of the Watchers in Tanaris /5
1498	The Shimmering Deep in Thousand Needles /9
1499	Cenarion Wildlands in Desolace /8
1500	Thunder Peak in Ashenvale /6
1501	Southfury Watershed in Durotar /7
1502	The Ruins of Auberdine in Darkshore /4
1503	Congratulations, you have earned the Surveying the Damage achievement.
1504	This guide will show you how to earn the Jenkins Title.
1505	This achievement will require you to kill 50 rookery whelps within 15 seconds.
1506	You have 15 seconds from the first kill to get the rest of the 50.
1507	Congratulations! You have earned the Title Jenkins!!
1508	This Guide will walk you through completed the Pilgrim's Bounty Achievements
1509	This guide will help you navigate through the Darkmoon Faire Event
1510	This guide will help you navigate through the Noblegarden Achievements
1511	You will need to do this questline in order to obtain Egbert's Egg, Sleepy Willy, and the Elekk Training Collar.
1512	This guide will help you navigate through the Midsummer Fire Festival Achievements
1513	Complete 5 dungeon quests.
1514	Enter the swirling portal
1515	Follow the path to this spot.
1516	Open the heavy door here
1517	It will come up in a Quest Discovered! box
1518	Follow the path through the Deadmines.
1519	Follow ramp down and kill the Defias Reapers at the bottom.
1520	Follow the path down to the cannon.
1521	Click the cannon to open the door.
1522	Follow the path across to the ship bridge.
1523	Follow the path up to the boat and follow it to the right.
1524	Go up to the top of the ship
1525	Wait for Lieutenant Horatio Laine to come up to the deck.
1526	Earn the 5 Dungeon Quests Completed! Achievement.
1527	Congratulations, you have earn the 5 Dungeon Quests Completed! Achievement!
1528	Complete the Green Hills of Stranglethorn, Hills Like White Elekk and Snows of Northrend achievements.
1529	Redirecting to The Green Hills of Stranglethorn
1530	Redirecting to Hills Like White Elekks
1531	Redirecting to The Snows of Northrend
1532	Redirecting to end of guide
1533	You can find more Young Stranglethorn Tigers to kill around 38.7,20.3
1534	You can find more Stranglethorn Tigers around 56.5,28.7
1535	You can find more Lashtail Raptors around 39.3,43.9
1536	They are stealthed, so keep an eye out for them.
1537	Bhag'thera can also spawn
1538	At [61.7,50.6]
1539	At [64.4,36.6]
1540	Follow this road
1541	He's a white tiger that walks around on this big hill.
1542	Earn The Green Hills of Stranglethorn achievement!
1543	You can find more Talbuk Stags at [70.8,46.4]
1544	You can find more Clefthoofs at [70.8,46.4]
1545	You can find more Clefthoof Bulls at [49.7,35.6]
1546	He sometimes roams up north
1547	He roams around this area and is sometimes past Oshu'gun
1548	Earn the Hills Like White Elekk achievement!
1549	Tell him you're ready to fly to Sholazar Basin
1550	You will fly to Sholazar Basin
1551	You can find more Rhino's and Dreadsabers around 38.2,45.3
1552	Click Dreadsaber Tracks
1553	Ride the mammoth back to Zootfizzle at [42.1,28.9]
1554	The best way to kill her is to kite her around the small space while pushing 1 and 4 on your hotbar and making her step on traps Hemet Nesingwary puts down.
1555	Earn The Snows of Northrend achievement!
1556	Earn the Hemet Nesingwary: The Collected Quests achievement!
1557	Congratulations! You've earned the Hemet Nesingwary: The Collected Quests achievement!
1558	Complete the Green Hills of Stranglethorn questline.
1559	Congratulations! You've earned the The Green Hills of Stranglethorn achievement!
1560	Complete the Hills Like White Elekk questline.
1561	Congratulations! You've earned the Hills Like White Elekk achievement!
1562	Complete the Snows of Northrend questline.
1563	Congratulations! You've earned the The Snows of Northrend achievement!
1564	Complete the Ring of Blood and Amphitheater of Anguish.
1565	Defeat Brokentoe
1566	Defeat The Blue Brothers
1567	Defeat Rokdar the Sundered Lord
1568	Defeat Skra'gath
1569	Defeat the Warmaul Champion
1570	Defeat Mogor, Hero of the Warmaul
1571	Earn the Of Blood and Anguish achievement!
1572	Defeat Yggdras
1573	Defeat Stinkbeard
1574	You will have to fight one of these 4 mobs:
1575	Defeat an Elemental Lord
1576	Defeat Orinoko Tuskbreaker
1577	Defeat Korrak the Bloodrager
1578	Defeat Vladof the Butcher
1579	Complete the Ring of Blood, Amphitheater of Anguish and Crucible of Carnage.
1580	You will need a group for these quests, or you can complete them alone at level 90
1581	You will only be able to accept one of these quests
1582	Defeat Hurp'derp
1583	Click the Complete Quest box that appears under your minimap
1584	Defeat Sully Kneecapper
1585	Defeat Cadaver Collage
1586	Defeat Lord Geoffery Tulvan
1587	Defeat Emberscar the Devourer
1588	Earn the Round Three. Fight! achievement!
1589	Earn the The First Rule of Ring of Blood is You Don't Talk About Ring of Blood achievement!
1590	Congratulations!  You've earned the The First Rule of Ring of Blood is You Don't Talk About Ring of Blood achievement!
1591	Complete a daily quest every day for five consecutive days.
1592	To earn this achievement, you must complete a daily quests every day for five consecutive days.
1593	The easiest achievement to do for this achievement is Overstock in the Storm Peaks
1594	For this quest, you must be at least level 77.
1595	Complete a daily quest every day for 5 consecutive days.
1596	This section will cover the achievements
1597	50, 100, 250, 500, 1000, 1500, 2000, 3000
1598	Quests Completed.
1599	In order to complete these achievements, you simply have to complete regular quests. You can work through Ares' Leveling and Loremaster guides to obtain all of these achievements.
1600	Daily and Repeatable quests do not count towards the achievements.
1601	50 Quests Completed
1602	100 Quests Completed
1603	250 Quests Completed
1604	500 Quests Completed
1605	1,000 Quests Completed
1606	1,500 Quests Completed
1607	2,000 Quests Completed
1608	3,000 Quests Completed
1609	Once you earn this achievement, you earn the title "The Seeker".
1610	Complete the Bomb Them Again! quest in under 2 minutes 15 seconds while not in a group.
1611	Click a Fel Crystalforge
1612	It looks like a metal machine with green bubbling floating out of it quickly.
1613	Purchase 1 Unstable Flask of the Beast for the cost of 10 Apexis Shards
1614	Use your Skyguard Bombs on Fel Cannonballs Stacks
1615	Make sure you're not in a group
1616	It is highly advised that you turn on the auto turn in quests feature of this add-on since time is a huge factor to complete this achievement and also track this achievement to see the timer.
1617	HURRY!  HURRY!
1618	You have to complete the Bomb Them Again! quest in under 2 minutes 15 seconds while not in a group
1619	Use the Skyguard Bombs to destroy the Fel Cannonball Stacks
1620	Bomb your way from here toward the Skyguard Outpost and remember to KEEP MOVING!
1621	They look like stacks of cannon balls next to the Fel Cannons, they have red markers over them
1622	Return here as fast as possible! If you don't make it you can abandon the quest and try it again.
1623	Earn the Blade's Edge Bomberman achievement!
1624	Congratulations! You've earned the Blade's Edge Bomberman achievement!
1625	Complete the Fires Over Skettis quest in under 2 minutes 15 seconds while not in a group.
1626	HURRY! HURRY!
1627	Use your Skyguard Blasting Charges to destroy the Monstrous Kaliri Eggs
1628	They look like big white egg cocoons all over the tops of buildings in Skettis.  Bomb your way to here and fly toward the Blackwind Landing and remember to KEEP MOVING and hit as many eggs as you can!
1629	Destroy 20 Monstrous Kaliri Egg
1630	Earn the Bombs Away achievement!
1631	Congratulations! You've earned the Bombs Away achievement!
1632	Complete the 8 daily quests for the Frenzyheart listed below.
1633	In order to complete this achievement, you will have to complete all of the 8 daily quests that the Frenzyheart have to offer.  In order to gain access to those daily quests, you will need to complete a series of pre-quests.
1634	The 8 Dailies are as follows:
1635	Complete the "Chicken Party!" daily
1636	Complete the "Tools of War" daily
1637	Complete "The Heartblood's Strength" daily
1638	Complete the "Rejek: First Blood" daily
1639	Complete the "Kartak's Rampage" daily
1640	Complete the "Secret Strength of the Frenzyheart" daily
1641	Complete the "Strength of the Tempest" daily
1642	Complete "A Hero's Headgear" daily
1643	After you have completed the 8 daily quests that the Frenzyheart Tribe have to offer at least once, you will have completed the "Honorary Frenzyheart" achievement.  It will take several days to earn this achievement, so try to be patient.
1644	Earn Honorary Frenzyheart
1645	Congratulations! You've earned the Honorary Frenzyheart achievement!
1646	Complete the 8 daily quests for the Oracles listed below.
1647	In order to complete this achievement, you will have to complete all of the 8 daily that the Oracles have to offer.  In order to gain access to those daily quests, you will need to complete a series of pre-quests.
1648	Complete the "Appeasing the Great Rain Stone" daily
1649	Complete the "Will of the Titans" daily
1650	Complete the "Mastery of the Crystals" daily
1651	Complete the "Power of the Great Ones" daily
1652	Complete the "Song of Reflection" daily
1653	Complete the "Song of Wind and Water" daily
1654	Complete "A Cleansing Song" daily
1655	Complete the "Song of Fecundity" daily
1656	After you have completed the 8 daily quests that the Oracles have to offer at least once, you will have completed the "Savior of the Oracles" achievement.  It will take several days to earn this achievement, so try to be patient.
1657	Earn Saivor of the Oracles
1658	Congratulations! You've earned the Savior of the Oracles achievement!
1659	Complete the main storyline quests involving Drakuru.
1660	In order to complete this achievement, you will have to complete a large series of quests, as well as go through the Instance Drak'tharon Keep.
1661	There are 2 parts to the Guru of Drakuru Achievement:
1662	Cleansing Drak'Tharon
1663	Betrayal
1664	Earn Cleansing Drak'tharon
1665	Earn Betrayal
1666	Earn Guru of Drakuru
1667	Congratulations! You've earned the Guru of Drakuru achievement!
1668	Complete the Defending Wyrmrest Temple quest in under 3 minutes while not in a group.
1669	For this achievement, you will want to go as fast as you can.  If you track the achievement, a timer will automatically appear for you.  You will want to use your sprint ability as often as possible.
1670	Earn Rapid Defense
1671	Congratulations! You've earned the Rapid Defense achievement!
1672	Get caught in 10 consecutive land mine explosions in the Sparksocket Minefield without landing.
1673	You will see a field of mines.  Use a ground mount and run into them as fast as you can.  There will be a short grace period to find the next mine before the timer runs out.
1674	Your goal will be to get "caught" by 10 mines consecutively.
1675	Earn the achievement Mine Sweeper
1676	Congratulations! You've earned the Mine Sweeper achievement!
1677	Complete the Dragonblight quests leading up to and including the Return to Angrathar.
1678	Fly them back to Gryphon Commander Urik at [77.1,50.1]
1679	After you turn in Return to Angrathar, this achievement should complete.
1680	Earn Veteran of the Wrathgate
1681	Congratulations! You've earned the Veteran of the Wrathgate achievement!
1682	Complete the D.E.H.T.A. questline in Borean Tundra
1683	The calf is slow so don't move too fast or you'll lose it.
1684	Use the Cenarion Horn in your bags to help you fight Harold Lane
1685	Congratulations, you have obtained the D.E.T.H.A's Little P.I.T.A. achievement!
1686	Bake a Delicious Chocolate Cake.
1687	Congratulations!  You've earned The Cake Is Not A Lie Achievement.
1688	Complete each of The Rokk's 4 cooking daily quests.
1689	Cook Outland cooking recipes.
1690	Cook Northrend recipes.
1691	Using Critter Bites, coerce 10 critters to be your pet within 3 minutes or less.
1692	Present a Great Feast in each of the battlegrounds.
1693	Obtain a Chef's Hat
1694	You will need to complete Dalaran Cooking Dailies to earn 100 Dalaran Cooking awards
1695	Click here to go back to the beginning of the dailies
1696	Brew up some of Captain Rumsey's Lager.
1697	Use the Shattrath or Dalaran Cooking Dailies, or the Fishing Dailies of this guide to get this recipe
1698	Fish in the moat in this spot
1699	Click the Royal Monkfish in your bags
1700	You may not always get the item inside the first Royal Monkfish, so you'll need to fish more of them.
1701	Click a Worm Mound
1702	They look like tiny gray spots on the ground, almost invisible.  Look for sparkles above the ground to find them easier.
1703	Use your Overgrown Earthworm
1704	Fish in the lake in this spot
1705	Click Stormwind Lobster Traps
1706	They look like gray metal cages on the ground underwater around this area under the Stormwind Harbor docks.
1707	They look like small blue-ish green jugs sitting on the ground inside this building. They might also be up the stairs.  They spawn in random locations.
1708	They spawn randomly along the sewer lines.
1709	At [50.3,48.3]
1710	At [37.2,43.9]
1711	They looke like carrots sticking out of the ground, at the base of trees around this area underneath Dalaran.  They spawn in random locations around this area.
1712	Fish in this big lake
1713	You have completed the maximum amount of dailies you can do today.
1714	Complete each of the cooking daily quests offered by Katherine Lee in Dalaran.
1715	This guide will show you all the achievements you need to complete the Hail to the Chef Achievement.
1716	Complete the Achievement Grand Master Cook
1717	Click here to use our Cooking Guide and level up your Cooking skill.
1718	Complete the Achievement The Cake Is Not A Lie
1719	Click here to use our The Cake Is Not A Lie Achievement Guide
1720	Complete the Achievement Kickin' It Up a Notch
1721	Click here to use our Kickin' It Up a Notch guide Achievement Guide
1722	Complete the Achievement The Northrend Gourmet
1723	Click here to use our The Northrend Gourmet Achievement Guide
1724	Complete the Achievement Second That Emotion
1725	Click here to use our Second That Emotion Achievement Guide
1726	Complete the Achievement Critter Gitter
1727	Click here to use our Critter Gitter Achievement Guide
1728	Complete the Achievement Our Daily Bread
1729	Click here to use our Our Daily Bread Achievement Guide
1730	Complete the Achievement Dinner Impossible
1731	Click here to use our Dinner Impossible Achievement Guide
1732	Complete the Achievement Sous Chef
1733	Click here to use our Sous Chef Achievement Guide
1734	Complete the Achievement Captain Rumsey's Lager
1735	Click here to use our Captain Rumsey's Lager Achievement Guide
1736	Complete the Achievement The Outland Gourmet
1737	Click here to use our The Outland Gourmet Achievement Guide
1738	You still have some Achievements to earn before you complete the Hail to the Chef Achievement.
1739	Click here to return to the beginning of this guide
1740	Congratulations! You have earned the Achievement Hail to the Chef!
1741	Obtain 150 skill points in fishing.
1742	To get this, you simply need to achieve 150 fishing.  You can fish anywhere for this, but Stormwind is recommended for the easiest catches.
1743	Learn the Apprentice Fishing skill
1744	Use the Shiny Bauble to temporarily increase your Fishing skill, to make it easier to catch fish
1745	If your Shiny Bauble Fishing skill boost expires, you can buy more Shiny Baubles to help you fish.
1746	Stand on the end of this wooden dock
1747	Get your Fishing skill to level 75
1748	Learn the Journeyman Fishing skill
1749	Equip your Fishing Pole, if it's not already equipped
1750	If your Shiny Bauble Fishing skill boost expires, you can buy more Baubles or Nightcrawlers to help you fish.
1751	Get your Fishing skill to level 150
1752	Earn Journeyman Fisherman Achievement.
1753	Congratulations! You've earned the Journeyman Fisherman achievement!
1754	Successfully fish from a school.
1755	Use your fishing skill until your lure is inside of the school of fish, then catch one.
1756	Successfully fish in each of the junk nodes.
1757	Fish something up in Orgrimmar and Stormwind.
1758	Fish your way to Mr. Pinchy's Magical Crawdad Box.
1759	Congratulations, you have earned the Mr. Pinchy's Magical Crawdad Box achievement.
1760	Fish up 1000 items.
1761	Catch 1000 Fish.
1762	Congratulations! You've earned the 1000 Fish achievement!
1763	Fish up Old Crafty in Orgrimmar.
1764	In order to Earn this achievement, you will need to fish from any pool of water in Orgrimmar.
1765	The higher level your fishing skill, the better.  You will catch less junk the higher you are, which gives you a higher chance to catch Old Crafty.
1766	Click here when you're ready to proceed to the next step in the guide
1767	Use your fishing ability in the stream of water.
1768	Earn the Old Crafty Achievement.
1769	Congratulations! You've earned the Old Crafty achievement!
1770	Fish up Old Ironjaw in Ironforge.
1771	In order to Earn this achievement, you will need to fish from any pool of water (or lava) in Ironforge.
1772	The higher level your fishing skill, the better. You will catch less junk the higher you are, which gives you a higher chance to catch Old Ironjaw.
1773	Use your fishing ability in the pond.
1774	Earn the Old Ironjaw Achievement.
1775	Congratulations! You've earned the Old Ironjaw achievement!
1776	Fish up The Lurker Below in Serpentshrine Cavern.
1777	You won't need a certain level of fishing, but the higher level you are, the higher chance you have of fishing up 'The Lurker Below'.
1778	Complete each of Old Man Barlo's 5 fishing daily quests.
1779	Catch a fish in specific nodes.
1780	Follow the stream until you find a School of Darfters or Brackish Mixed School in the river.
1781	Use your fishing skill to fish from either Brackish Mixed or School of Darters
1782	Use your fishing  skill to fish from either Bluefish and a Mudfish School
1783	Complete each of Marcia Chase's 5 fishing daily quests.
1784	In order to earn this Achievement, you will have to complete 5 daily quests.
1785	You will only be able to accept one per day, so this may take longer than 5 days to achieve.
1786	Below is a list of the 5 daily quests you will need to complete.
1787	The Ghostfish
1788	Jewel Of The Sewers
1789	Dangerously Delicious
1790	Blood is Thicker
1791	Disarmed!
1792	Click to proceed
1793	Earn the Chasing Marcia Achievement.
1794	Congratulations! You've earned the Chasing Marcia achievement!
1795	Learn the ability to find fish.
1796	Complete the coin fishing achievements.
1797	Earn the A penny For Your Thoughts achievement.
1798	Click here for a more detailed look of this achievement
1799	Earn the A penny For Your Thoughts Achiement.
1800	You will need to fish up each one of the coins listed below to complete this acheivement:
1801	Fish up: Alonsus Faol's Copper Coin
1802	Fish up: Attumen's Copper Coin
1803	Fish up: Dornaa's Shiny Copper Coin
1804	Fish up: Elling Trias' Copper Coin
1805	Fish up: Genn's Copper Coin
1806	Fish up: Krasus' Copper Coin
1807	Fish up: Landro Longshot's Copper Coin
1808	Fish up: Murky's Copper Coin
1809	Fish up: Private Marcus Jonathan's Copper Coin
1810	Fish up: Squire Rowe's Copper Coin
1811	Fish up: Vareesa's Copper Coin
1812	Fish up: Ansirem's Copper Coin
1813	Fish up: Danath's Copper Coin
1814	Fish up: Eitrigg's Copper Coin
1815	Fish up: Falstad Wildhammer's Copper Coin
1816	Fish up: Inigo's Copper Coin
1817	Fish up: Kryll's Copper Coin
1818	Fish up: Molok's Copper Coin
1819	Fish up: Princess Calia Menethil's Copper Coin
1820	Fish up: Salandria's Shiny Copper Coin
1821	Fish up: Stalvan's Copper Coin
1822	Fish up: Vargoth's Copper Coin
1823	Click here to return to the Achievement List
1824	Fish up: Aegwynn's Silver Coin
1825	Fish up: Alleria's Silver Coin
1826	Fish up: Antonidas' Silver Coin
1827	Fish up: Arcanist Doan's Silver Coin
1828	Fish up: Fandral Staghelm's Silver Coin
1829	Fish up: High Tinker Mekkatorque's Silver Coin
1830	Fish up: Khadgar's Silver Coin
1831	Fish up: King Anasterian Sunstrider's Silver Coin
1832	Fish up: King Terenas Menethil's Silver Coin
1833	Fish up: King Varian Wrynn's Silver Coin
1834	Fish up: Maiev Shadowsong's Silver Coin
1835	Fish up: Medivh's Silver Coin
1836	Fish up: Muradin Bronzebeard's Silver Coin
1837	Fish up: Prince Magni Bronzebeard's Silver Coin
1838	Fish up: A Peasant's Silver Coin
1839	Fish up: Anduin Wrynn's Gold Coin
1840	Fish up: Archimonde's Gold Coin
1841	Fish up: Arthas' Gold Coin
1842	Fish up: Arugal's Gold Coin
1843	Fish up: Brann Bronzebeard's Gold Coin
1844	Fish up: Chromie's Gold Coin
1845	Fish up: Kel'Thuzad's Gold Coin
1846	Fish up: Lady Jaina Proudmoore's Gold Coin
1847	Fish up: Lady Katrana Prestor's Gold Coin
1848	Fish up: Prince Kael'thas Sunstrider's Gold Coin
1849	Fish up: Sylvanas Windrunner's Gold Coin
1850	Fish up: Teron's Gold Coin
1851	Fish up: Thrall's Gold Coin
1852	Fish up: Tirion Fordring's Gold Coin
1853	Fish up: Uther Lightbringer's Gold Coin
1854	Fish up the Giant Sewer Rat from The Underbelly in Dalaran.
1855	Go down the ramp into Dalaran Sewers.
1856	Use your fishing skill to fish from the dock.
1857	Catch a Giant Sewer Rat.
1858	Use the Giant Sewer Rat.
1859	Earn I Smell A Giant Rat.
1860	Congratulations, you have earned the I Smell A Giant Rat achievement.
1861	Fish up a Sea Turtle mount from any fishing pool in Deepholm, Mount Hyjal, Twilight Highlands, Uldum, or Northrend.
1862	In order to earn this achievement, you will need to fish from any school of fish within a Northrend or Cataclysm Zone.
1863	Fish from school of fish along the river here.
1864	You will only be able to catch the sea turtle from fish schools.
1865	Use the Sea Turtle.
1866	Earn the Turtles All the Way Down achievement.
1867	Congratulations, you have earned the Turtles All the Way Down achievement.
1868	Complete fishing achievements.
1869	This achievement is earned once you have completed a majority of the Fishing achievements.
1870	Once you complete this, you will have earn the title "Salty".
1871	Catch a 32 Pound Catfish
1872	Congratulations! You've earned the Accomplished Angler achievement!
1873	This guide will tell you how to
1874	earn the achievment Journeyman Medic
1875	Proceeding to proper section
1876	You can use our First Aid guide to earn the achievement Journeyman Medic
1877	Click here to use the First Aid Guide
1878	Congratulations! You have earned the Achievement Journeyman Medic!
1879	You can use our First Aid guide to earn the achievement Expert Medic
1880	Congratulations! You have earned the Achievement Expert Medic_!
1881	You can use our First Aid guide to earn the achievement Artisan Medic
1882	Congratulations! You have earned the Achievement Artisan Medic_!
1883	You can use our First Aid guide to earn the achievement Master Medic
1884	Congratulations! You have earned the Achievement Master Medic_!
1885	You can use our First Aid guide to earn the achievement Grand Master Medic
1886	Congratulations! You have earned the Achievement Grand Master Medic_!
1887	You must be at least level 65.
1888	You need _{_G.ceil(G.max(0, (1000-itemcount(33470))))} Frostweave Cloth to make 500 Bandages.
1889	Create a total of 500 Heavy Frostweave Bandages
1890	Click here to farm these instead of buying them.
1891	Congratulations! You have earned the Achievement Stocking Up!
1892	For this Achievement, you will need to bandage a player who is at 5% health.
1893	You must use a Bandage that is a Heavy Frostweave or above in level.
1894	You will first need to find someone who is at 5% health.
1895	You can duel someone, or have them use spells or even just go into a Battleground to do this.
1896	Use Heavy Frostweave Bandage
1897	Use Embersik Bandage
1898	Use Dense Embersilk
1899	Use Heavy Embersilk Bandage
1900	Use Field Bandage: Dense Embersilk
1901	Use Windwool Bandage
1902	Use Heavy Windwool Bandage Rank 1
1903	Use Heavy Windwool Bandage Rank 2
1904	Earn the Achievement: Ultimate Triage.
1905	Contains all the steps to get the "To All The Squirrels I've Loved Before" achievement.
1906	Love the Cat
1907	Love the Cow
1908	You can find more Cow (1)
1909	You can find more Cow (2)
1910	Love the Rabbit
1911	You can find more Rabbit
1912	Love the Deer
1913	Love the Fawn
1914	You can find more Fawn
1915	Love the Sheep
1916	You can find more Sheep
1917	Love the Chicken
1918	You can find more Chicken
1919	Kill Mouse
1920	You can find more Mouse (1)
1921	You can find more Mouse (2)
1922	You can find more Mouse (3)
1923	Love the Huge Toad
1924	Love the Toad
1925	You can find more Toad (1)
1926	You can find more Toad (2)
1927	Kill Moccasin
1928	You can find more Moccasin (1)
1929	You can find more Moccasin (2)
1930	Love the Lava Crab
1931	Kill Fire Beetle
1932	Love the Ram
1933	You can find more Ram
1934	Kill Maggot
1935	Kill Larva
1936	Kill Spider
1937	You can find more Spider (1)
1938	You can find more Spider (2)
1939	You can find more Spider (3)
1940	Love the Squirrel
1941	You can find more Squirrel (1)
1942	You can find more Squirrel (2)
1943	Kill Squirrel
1944	Love the Skunk
1945	You can find more Skunk (1)
1946	You can find more Skunk (2)
1947	Love the Crab
1948	Love the Prairie Dog
1949	You can find more Prairie Dog
1950	Love the Gazelle
1951	You can find more Gazelle
1952	Love the Swine
1953	You can find more Swine (1)
1954	You can find more Swine (2)
1955	Love the Hare
1956	You can find more Hare ()
1957	Kill Adder
1958	You can find more Adder
1959	Kill Roach
1960	You can find more Roach
1961	Love the Parrot
1962	You can find more Parrot (1)
1963	You can find more Parrot (2)
1964	Kill Scorpion
1965	You can find more Scorpion
1966	Love the Frog
1967	Kill Snake
1968	Love the Ewe
1969	Love the Tundra Penguin
1970	Love the Steam Frog
1971	Love the Arctic Hare
1972	Love the Borean Marmot
1973	Love the Borean Frog
1974	Love the Sholazar Tickbird
1975	Love the Glacier Penguin
1976	Kill Underbelly Rat
1977	Kill Zul'Drak Rat
1978	Love the Mountain Skunk
1979	You can find more Mountain Skunk
1980	Love the Grizzly Squirrel
1981	You can find more Grizzly Squirrel
1982	Kill Fjord Rat
1983	Kill Rat
1984	Kill Devouring Maggot
1985	Love the Scalawag Frog
1986	Love the Fjord Penguin
1987	Love the Fjord Turkey
1988	Kill Crystal Spider
1989	Kill Gold Beetle
1990	Contains all the steps to get the "Well Read" achievement.
1991	Read a book: Aftermath of the Second War
1992	Read a book: The Guardians of Tirisfal
1993	Read a book: The Alliance of Lordaeron
1994	Read a book: The New Horde
1995	Read a book: Beyond the Dark Portal
1996	Read a book: The Kaldorei and the Well of Eternity
1997	Read a book: War of the Spider
1998	Read a book: The Dark Portal and the Fall of Stormwind
1999	Read a book: Icecrown and the Frozen Throne
2000	Read a book: Aegwynn and the Dragon Hunt
2001	Read a book: The Scourge of Lordaeron
2002	Read a book: The Last Guardian
2003	Read a book: Sunwell - The Fall of Quel'Thalas
2004	Read a book: The Sentinels and the Long Vigil
2005	Read a book: The Twin Empires
2006	Read a book: Empires' Fall
2007	Read a book: Wrath of Soulflayer
2008	Read a book: The Birth of the Lich King
2009	Read a book: The Founding of Quel'Thalas
2010	Read a book: Kil'jaeden and the Shadow Pact
2011	Read a book: Lethargy of the Orcs
2012	Read a book: War of the Three Hammers
2013	Read a book: Ironforge - the Awakening of the Dwarves
2014	Read a book: Arathor and the Troll Wars
2015	Read a book: Rise of the Horde
2016	Read a book: Civil War in the Plaguelands
2017	Read a book: The Battle of Grim Batol
2018	Read a book: Charge of the Dragonflights
2019	Read a book: The Old Gods and the Ordering of Azeroth
2020	Read a book: Kel'Thuzad and the Forming of the Scourge
2021	Read a book: Exile of the High Elves
2022	Read a book: Rise of the Blood Elves
2023	Read a book: The War of the Ancients
2024	Read a book: The World Tree and the Emerald Dream
2025	Read a book: The Betrayer Ascendant
2026	Read a book: Sargeras and the Betrayal
2027	Read a book: Old Hatreds - The Colonization of Kalimdor
2028	Read a book: The Invasion of Draenor
2029	Read a book: The Lich King Triumphant
2030	Read a book: The Seven Kingdoms
2031	Empty
2032	Use the dungeon finder
2033	Kill Ahune and get "Ice the Frost Lord" achievement
2034	Honor the Elwynn Forest flame!
2035	Contains a route for achievements: "Flame Warden of Eastern Kingdoms", "Extinguishing Eastern Kingdoms"
2036	Honor the Westfall flame!
2037	Honor the Stranglethorn Vale flame!
2038	Interact with gameobject: Horde Bonfire
2039	Desecrate the Horde's Stranglethorn Vale bonfire!
2040	Honor the Blasted Lands flame!
2041	Desecrate the Horde's Swamp of Sorrows bonfire!
2042	Honor the Duskwood flame!
2043	Honor the Redridge Mountains flame!
2044	Honor the Burning Steppes flame!
2045	Desecrate the Horde's Burning Steppes bonfire!
2046	Desecrate the Horde's Badlands bonfire!
2047	Honor the Loch Modan flame!
2048	Honor the Dun Morogh flame!
2049	Honor the Wetlands flame!
2050	Desecrate the Horde's Arathi Highlands bonfire!
2051	Honor the Arathi Highlands flame!
2052	Desecrate the Horde's Hillsbrad Foothills Bonfire!
2053	Honor the Hillsbrad Foothills flame!
2054	Desecrate the Horde's Silverpine bonfire!
2055	Desecrate the Horde's Tirisfal Glades bonfire!
2056	Honor the Western Plaguelands flame!
2057	Desecrate the Horde's Hinterlands bonfire!
2058	Honor the Hinterlands flame!
2059	Desecrate the Horde's Ghostlands bonfire!
2060	Desecrate the Horde's Eversong Woods bonfire!
2061	Contains a route for achievements: "Flame Warden of Kalimdor", "Extinguishing Kalimdor"
2062	Honor the flames of Teldrassil!
2063	Honor the flames of Darkshore!
2064	Honor the flames of Azuremyst Isle!
2065	Honor the flames of Bloodmyst Isle!
2066	Honor the flames of Ashenvale!
2067	Desecrate the Horde's Ashenvale bonfire!
2068	Desecrate the Horde's Winterspring bonfire!
2069	Honor the Winterspring flame!
2070	Desecrate the Horde's Stonetalon Mountains bonfire!
2071	Honor the Desolace flame!
2072	Desecrate the Horde's Desolace bonfire!
2073	Honor the Feralas flame!
2074	Desecrate the Horde's Feralas bonfire!
2075	Desecrate the Horde's Thousand Needles bonfire!
2076	Desecrate the Horde's Tanaris bonfire!
2077	Honor the Tanaris flame!
2078	Honor the Silithus flame!
2079	Desecrate the Horde's Silithus bonfire!
2080	Honor the Dustwallow Marsh flame!
2081	Desecrate the Horde's Dustwallow Marsh bonfire!
2082	Desecrate the Horde's Mulgore bonfire!
2083	Interact with gameobject: Flame of Thunder Bluff
2084	Interact with gameobject: Flame of Orgrimmar
2085	Desecrate the Horde's Durotar bonfire!
2086	Desecrate the Horde's Barrens bonfire!
2087	Contains a route for achievements: "King of the Fire Festival".
2088	Contains a route for achievements: "Flame Warden of Outland", "Extinguishing Outland"
2089	Honor the Hellfire Peninsula flame!
2090	Desecrate the Horde's Hellfire Peninsula bonfire!
2091	Honor the Netherstorm flame!
2092	Desecrate the Horde's Netherstorm bonfire!
2093	Desecrate the Horde's Blade's Edge Mountains bonfire!
2094	Honor the Blade's Edge Mountains flame!
2095	Desecrate the Horde's Zangarmarsh bonfire!
2096	Honor the Zangarmarsh flame!
2097	Desecrate the Horde's Nagrand bonfire!
2098	Honor the Nagrand flame!
2099	Desecrate the Horde's Terokkar Forest bonfire!
2100	Honor the Terokkar flame!
2101	Desecrate the Horde's Shadowmoon Valley bonfire!
2102	Honor the Shadowmoon Valley flame!
2103	Contains a route for achievements: "Burning Hot Pole Dance"
2104	Equip Midsummer Set.
2105	Interact with gameobject: Ribbon Pole - duration: 60 seconds.
2106	Get "Burning Hot Pole Dance"
2107	Contains a route for achievements: "Torch Juggler"
2108	Get "Torch Juggler"
2109	This guide contain quest-chain (81 quests) for Hellfire Peninsula location.
2110	Choose "I need a gryphon destroyer!"
2111	You can find more around (1)
2112	You can find more around (2)
2113	Close Burning Legion Gate
2114	You can find more around
2115	Rescue Manni
2116	Rescue Moh
2117	Rescue Jakk
2118	Interact with gameobject: Sedai's Corpse
2119	Interact with gameobject: Haal'eshi Altar
2120	Fight Aeranas until he's almost dead.
2121	You can find 2 more Stonescythe Alphas
2122	Kill the orcs and a Fel Spirit will spawn.
2123	Choose 'I am ready...'
2124	Target the purple skulls and oozes.
2125	Watch the dialogue.
2126	Use the Seed of Revitalization at the Earthbinder's Circle
2127	Congratulations! +80 quests for achievement "To Hellfire and Back".
2128	This guide contain quest-chain (57 quests) for Zangarmarsh location.
2129	It is recommended that you complete guide first: Hellfire Peninsula
2130	Interact with gameobject: Wanted Poster
2131	You can find more around (Lift)
2132	You can find more around (Graveyard)
2133	Serpent Lake Controls Disabled
2134	Lagoon Controls Disabled
2135	Umbrafen Lake Controls Disabled
2136	Position 1 (drop-chance 27%)
2137	Position 2 (drop-chance 27%)
2138	Position 3 (drop-chance 27%)
2139	Position 4 (drop-chance 27%)
2140	Position 5 (drop-chance 27%)
2141	Position 6 (drop-chance 27%)
2142	Position 7 (80% drop-chance)
2143	Turn in all your Mature Spore Sacs.
2144	Turn in all your Bog Lord Tendrils.
2145	Marshlight Lake Controls Disabled
2146	You'll be able to find more around
2147	You can find more Sporebat (1)
2148	You can find more Sporebat (2)
2149	You can find more Sporebat (3)
2150	You can find more Fen Strider
2151	Assume the form of one of their bird spirits
2152	Congratulations! +57/54 quests for achievement "Mysteries of the Marsh".
2153	This guide contain quest-chain for Terokkar Forest (64/63 quests).
2154	It is recommended that you complete guide first: Zangarmarsh
2155	You can find Haggard here (Bridge)
2156	You can find Haggard here (Tunnel)
2157	You can find Empoor here (Shattrath City)
2158	You can find Empoor here (Tuurem)
2159	Interact with gameobject: Eastern Altar
2160	Interact with gameobject: Northern Altar
2161	Interact with gameobject: Western Altar
2162	You can find more Infested Root-walkers (1)
2163	You can find more Infested Root-walkers (2)
2164	Enter the tunnel and move to the end
2165	Escort and help Akuno find his way to the Refugee Caravan
2166	Go To Shadow Tomb Entrance
2167	Interact with gameobject: Veil Skith Cage
2168	Sha'tar Warrior Freed 6
2169	Escort Skywing
2170	Use Fumper on Clefthoof corpse
2171	Interact with gameobject: Auchenai Coffin
2172	Interact with gameobject: Sapphire Signal Fire
2173	Interact with gameobject: Emerald Signal Fire
2174	Interact with gameobject: Bloodstone Signal Fire
2175	Interact with gameobject: Violet Signal Fire
2176	Tell him "Ezekiel said that you might have a certain book..."
2177	Beat Down "Dirty" Larry and Get the Information
2178	You can find more Olemba Seed (3 pcs)
2179	You can find more Olemba Seed (4 pcs)
2180	You can find more Olemba Seed (6 pcs)
2181	You can find more Warp Stalker (1)
2182	You can find more Warp Stalker (2)
2183	You can find more Warp Stalker (3)
2184	You can find more Worg Tail (1)
2185	You can find more Worg Tail (2)
2186	You can find more Worg Tail (3)
2187	Be careful, the hunter in the camp can see through the disguise.
2188	The hunter is the guy walking around the camp with a group of mobs.
2189	Interact with gameobject: Fel Orc Plans
2190	Interact with gameobject: Orb of Translocation
2191	Interact with gameobject: Mana Bomb
2192	Congratulations! +64/63 quests for achievement "Terror of Terokkar".
2193	This guide contain quest-chain (75 quests) for Nagrand location.
2194	Click Wanted Poster
2195	You can find more around [65.37,47.19]
2196	You will eventually automatically accept this quest after looting.
2197	They look like piles of poo on the ground around this area.
2198	You can find more around [45.91,30.57]
2199	You can find more around [41.21,70.42]
2200	Click Telaar Bulletin Board
2201	You can find more around [57.62,61.64]
2202	kill Boulderfist enemies around this area
2203	You can find more around [69.7,44.7]
2204	He sometimes flies high in the air.
2205	Click Telaar Supply Crate
2206	Survey the Forge Camps
2207	Use the Torch of Liquid Fire
2208	Use Gordawg's Boulder
2209	Click Mysterious Egg
2210	Attempt to Steal the Egg
2211	Kill Lump
2212	Tell him "I need answers, ogre!"
2213	Interrogate Lump
2214	You can find more around [74.82,64.19]
2215	Use the Living Fire
2216	Destroy the Eastern Hut
2217	Destroy the Southern Hut
2218	Destroy the Western Hut
2219	Destroy the Large Hut
2220	Click Corki's Prison
2221	Free Corki Again
2222	Tell him "I have killed many of your ogres, Lantresor. I have no fear."
2223	Hear the Tale of the Blademaster
2224	Kill Kil'sorrow enemies around this area
2225	Use the Warmaul Ogre Banners
2226	Click Kil'sorrow Armament
2227	Use the Damp Woolen Blanket
2228	Plant the Kil'sorrow Bodies
2229	Use the Kil'sorrow Banners
2230	Use the Warmaul Skulls
2231	Kill Murkblood Invader
2232	Kill "Dirty" Larry
2233	Persuade Sal'salabim
2234	Tell him "I have been sent by Sal'salabim to collect a debt that you owne. Pay up or I'm going to have to hurt you."
2235	You can find more around 1: [33.25,26.30]
2236	You can find more around 2: [35.91,28.69]
2237	Use the Fel Cannon Activator
2238	Destroy Forge Camp: Fear
2239	Use the Scroll of Demonic Unbanishing
2240	Free Azaloth
2241	Use the Freshly Drawn Blood
2242	Tell him "Tell me about the demon hunter training grounds at the Ruins of Karabor."
2243	Listen to Illidan's Pupil
2244	This guide contain quest-chain for Blade's Edge Mountains (86 quests) location.
2245	Interact with Lashh'an Tome
2246	Collect Draenethyst Mine Crystal
2247	Collect Bloodmaul Brew Keg on ground
2248	You can find more around [43.15,80.63]
2249	Kill Bloodmaul enemies around this area
2250	Interact with Grove Seedling
2251	Use Rina's Diminution Powder
2252	You can find more around [45.01,73.52]
2253	Use the Bloodmaul Brutebane Keg
2254	Get 5 Bladespire Ogres drunk
2255	Use the Bladespire Clan Banner
2256	Kill the enemies that attack in waves
2257	Tell him "I'm ready for my test flight!"
2258	Interact with Power Converter
2259	Use the Protovoltaic Magnetocollector
2260	Use Tally's Waiver (Unsigned)
2261	Tell him "Take me to Singing Ridge."
2262	Throw Caution to the Wind
2263	Use the Repolarized Magneto Sphere
2264	Click Nether Drake Egg
2265	Use the Temporal Phase Modulator
2266	Use the Oscillating Frequency Scanners
2267	Tell him "Send me to Razaan's Landing!"
2268	Reach the Sky's Limit
2269	Use the Multi-Spectrum Light Trap
2270	Tell him "I want to fly to an old location!"
2271	Begin Flying to Razaan's Landing
2272	Click Collection of Souls
2273	Tell him "Take me to Ruuan."
2274	Launch to Ruuan Weald
2275	While Flying to Ruuan Weald:
2276	Use the Nether-Weather Vane
2277	Spin the Nether-Weather Vane
2278	You can find more
2279	Сlick Fertile Volcanic Soil
2280	Plant in the Southern Volcanic Soil
2281	Plant in the Central Volcanic Soil
2282	Plant in the Northern Volcanic Soil
2283	Use the Ruuan'ok Claws
2284	Tell him "Overseer, I am here to negotiate on behalf of the Cenarion Expedition."
2285	You can also find him around
2286	After looting use Meeting Note
2287	Ask him "The Felsworn Gas Mask was destroyed, do you have another one?"
2288	Equip the Felsworn Gas Mask
2289	Manual skip this step
2290	Interact with Legion Communicator
2291	Equip your Regular Head Armor
2292	Interact with Legion Obelisk
2293	Activate the Legion Obelisk
2294	Manual skip this step after activating the Legion Obelisk
2295	Use the Druid Signal
2296	Use the Naturalized Ammunition
2297	Use the Evergrove Wand
2298	Use Gorgrom's Favor
2299	Use Sablemane's Sleeping Powder
2300	Manual skip this step after putting Grulloc to Sleep
2301	Collect Grulloc's Sack
2302	Gain the Understanding of Ravenspeech
2303	Use Orb of the Grishna
2304	Interact with Gorgrom's Altar
2305	Use the Grisly Totems
2306	Use the Costume Scraps
2307	Use the Blackwhelp Net
2308	Use the Overseer Disguise
2309	Wear the Overseer Disguise
2310	Tell him "I'm fine, thank you. You asked for me?"
2311	Attend the Meeting with Kolphis Darkscale
2312	Collect Grishnath Orb
2313	Use the Grishnath Orbs
2314	Use the Exorcism Feathers
2315	Collect Grulloc's Dragon Skull
2316	Open Maggoc's Treasure Chest
2317	Collect Slaag's Standard
2318	Use Vim'gol's Grimoire
2319	Use the Sablemane Signet
2320	Interact Apexis Relic
2321	Choose "Insert an Apexis Shard, and begin!"
2322	Repeat the Color Patterns Shown
2323	Interact with Fel Crystalforge
2324	Choose "Purchase 1 Unstable Flask of the Beast for the cost of 10 Apexis Shards"
2325	Use the Skyguard Bombs
2326	Use the Wrangling Rope
2327	Wrangle 5 Aether Rays
2328	Collect Apexis Shard Formations
2329	Interact with Apexis Monument
2330	Choose "Insert 35 Apexis Shards, and begin!"
2331	Interact with Rivendark's Egg
2332	Choose "Place 35 Apexis Shards near the dragon egg to crack it open."
2333	Interact with Bash'ir Crystalforge
2334	Choose "Purchase 1 Unstable Flask of the Sorcerer for the cost of 10 Apexis Shards"
2335	Click Fel Crystal Prism
2336	Choose "Place 35 Apexis Shards into the prism."
2337	kill the enemy that spawns
2338	This guide contain quest-chain (120 quests) for Netherstorm location.
2339	Use your Battery Recharging Blaster
2340	Battery Charge Level
2341	You can find more Flayers
2342	Escort Maxx A. Million Mk. V to safety through the ruins
2343	When you see a clear passage to Dr. Boom, click the Boom's Doom in your bags, then run close enough to Dr. Boom so you can put the green circle under him, then click to throw the bomb.
2344	If you have a flying mount you can attack Dr. Boom from atop a barrel here
2345	Use the Bloodgem Shard next to a floating crystal
2346	Siphon the Bloodgem Crystal
2347	Interact with B'naar Control Console
2348	Click B'naar Control Console
2349	Go inside Manaforge B'naar
2350	Choose "<Begin emergency shutdown>"
2351	Tell her you're as ready as you'll ever be.
2352	You will fly to Manaforge Coruu
2353	Go inside Manaforge Coruu
2354	Go outside to
2355	Use the Sunfury Disguise in your bags
2356	Be careful to avoid the Arcane Annihilator, he can see through the disguise and will attack you.
2357	Stand between the 2 blood elves at the back of the room with a bunch blood elves lined up in it
2358	Listen to them talk
2359	Gather the Information
2360	Click Coruu Control Console
2361	Interact wit Coruu Control Console
2362	Click Belmara's Tome in your bags
2363	Click Cohlien's Cap in your bags
2364	Click Luminrath's Mantle in your bags
2365	Kill 20 Severed Spirits
2366	Click Mana Bomb Fragment
2367	Go inside the barn.
2368	Click Necromantic Focus
2369	Click Suspicious Outhouse
2370	Click Energy Isolation Cube.
2371	Click Krasus' Compendium - Chapter 2
2372	Click Krasus' Compendium - Chapter 1
2373	Click Krasus' Compendium - Chapter 3
2374	Use the Rune Activation Device next to the Kirin'Var Rune
2375	Activate Eastern Rune
2376	Activate Northeastern Rune
2377	Activate Western Rune
2378	Use the Flaming Torch on Sunfury Ballistas and Tents
2379	Collect Diagnostic Equipment
2380	Collect Ivory Bell
2381	Collect Fel Reaver Part
2382	Collect Box Surveying Equipment
2383	Go inside Manaforge Duro
2384	Interact Duro Control Console
2385	The entrance to Trelleum Mine starts here
2386	Leave the Mine
2387	Destroy Inactive Fel Reaver
2388	Use Diagnostic Device next to the generator
2389	Get the Diagnostic Results
2390	Collect Dome Generator Segment
2391	Use Surveying Markers next to this Draenei Banner
2392	Place Surveying Marker One
2393	Place Surveying Marker Two
2394	Place Surveying Marker Three
2395	Use the Mental Interference Rod on Cyber-Rage Forgelord
2396	Use the Detonate Teleporter ability next to teleporters
2397	Destroy the Western Teleporter
2398	Destroy the Central Teleporter
2399	Destroy the Eastern Teleporter
2400	Use the Talbuk Tagger on Talbuks when they are below 20 percent health
2401	Use the Triangulation Device in your bags
2402	A red arrow will appear showing you where to go.
2403	Discover the first triangulation point
2404	Click the Ethereum Transponder Zeta
2405	Click Ethereum Data Cell
2406	Collect The Warden's Key
2407	Click Captain Tyralius's Prison
2408	Free Captain Tyralius
2409	Use Navuud's Concoction in your bags
2410	While under the effects of the Electro-Shock Therapy buff do the following:
2411	This buff lasts for 60 minutes. High levels will need to use melee since the effect only works by random chance.
2412	Collect Ethereum Essence
2413	Use Ethereum Essence in your bags to see Ethereum Relays
2414	Escort the Ethereum Demolitionist while he sabotages the Ethereum Conduit
2415	Sabotage Ethereum Conduit
2416	Escort the Captured Protectorate Vanguard to Protectorate Watch Post.
2417	Escort Captured Protectorate Vanguard
2418	The entrance to the Access Shaft Zeon cave starts here.
2419	Go inside the cave to 59.8,42.6
2420	Use the Protectorate Igniter in your bags on Withered Corpses
2421	Use 12 Withered Corpses Burned
2422	Click Teleporter Power Pack
2423	Leave the Access Shaft Zeon
2424	Tell the dragon you are ready to fly.
2425	Use the Phase Disruptor in your bags while flying around the Void Conduit
2426	Destroy the Void Conduit
2427	Attempt to contact Wind Trader Marid.
2428	Use your Essence Gatherer on Nether Drakes and Nether Dragons around this area
2429	Click Nether Dragonkin Egg
2430	Tell him, "Wind Trader Marid, I've returned with more information..."
2431	Discover the second triangulation point
2432	Use Apex's Crystal Focus next to Archmage Vargoth's Orb
2433	Discover the Keymaster's identity
2434	Escort Drijya while he sabotages the warp-gate.
2435	Burning Legion warp-gate sabotaged
2436	Use Scrap Reaver X6000 Controller
2437	Complete the Scrap Reaver X6000 Test
2438	Go inside of Manaforge Ara to [26,38.9]
2439	Interact with the Ara Control Console
2440	Speak to Captain Saeed
2441	Tell him, "Let's go!"
2442	Follow Captain Saeed and his men to 60.8,39.3
2443	Tell him, "I am ready"
2444	Use Protectorate Disruptor next to each of the three huge force fields protecting Nexus-King Salhadaar.
2445	This guide contain quest-chain (90 quests) for Shadowmoon Valley location.
2446	Click Ever-burning Ash
2447	Slay 20 Shadowmoon Valley Wildlife
2448	Capture 8 Earthen Souls
2449	Capture 8 Fiery Souls
2450	Kill Dark Conclave enemies around this area
2451	Capture 5 Watery Souls
2452	You can get more Spectrecles from Zorus the Judicator
2453	Discover the Legion's Plans
2454	Enter the cave.
2455	Keeper of the Cistern Spawn Position
2456	You can find more inside the cave
2457	Kill Deathforge enemies around this area.
2458	Choose "Reclaim Flanis's pack."
2459	End the Infernal Summoning Ritual
2460	Click The Doctor's Strongbox.
2461	Click Fel Reaver Control Console
2462	Control a Fel Reaver Sentinel
2463	Destroy 60 Deathforged Infernals
2464	Stop Controlling the Fel Reaver
2465	Click Lianthe's Strongbox.
2466	Kill Eclipsion enemies around this area.
2467	Discover the Path of Conquest
2468	Capture 10 Air Souls
2469	Feed 8 Mature Netherwing Drakes
2470	Tell him "I am listening, dragon."
2471	Slay 15 Dragonmaw Orcs
2472	Collect Nethervine Crystal.
2473	Click Zuluhed's Chains.
2474	Tell him "I need a new Enchanted Illidari Tabard."
2475	Slay 5 Crazed Colossus While in Disguise
2476	End the Dark Conclave Summoning Ritual
2477	kill Demon Hunter enemies around this area
2478	Click Baar'ri Tablet Fragment##184870
2479	Click Baar'ri Tablet Fragment.
2480	Kill Demon Hunter enemies around this area.
2481	Kill Sunfury enemies around this area.
2482	Click Shadowmoon Tuber
2483	Click Ravenous Flayer Egg.
2484	Destroy 10 Ravenous Flayer Eggs
2485	Tell him "I am ready to hear your story, Oronok."
2486	Listen to the Cipher of Damnation - History and Truth
2487	Kill Coilskar enemies around this area.
2488	Click Coilskar Chest.
2489	kill Sunfury enemies around this area
2490	Click Rotten Arakkoa Egg.
2491	Watch the dialogue,
2492	Wear the Blood Elf Disguise
2493	You can get another disguise from Borak
2494	Tell him "I bring word from Lord Illidan."
2495	Deliver Illidan's Message
2496	If done, manual skip this step
2497	Tell him "I am ready, Oronok. Let us destroy Cyrukh and free the elements!"
2498	kill the enemies that attack in waves
2499	Click Overcharged Manacell
2500	Click Forged Illidari-Bane Blade
2501	Coming Soon
2502	Open Defias Strongbox
2503	This guide contain quest-chain (46 quests) for Elwynn Forest location.
2504	Enter the upper part of the mine
2505	Move to the center of the mine
2506	Turn left and start going down
2507	Continue moving down if you don't get credit for exploring the mine
2508	Scout through the Jasperlode Mine
2509	Interact with gameobject: A half-eaten body
2510	Interact with gameobject: Rolf's corpse
2511	Congratulations! +46 quests for achievement "Loremaster of Eastern Kingdoms".
2512	This guide contain quest-chain (26 quests) for Westfall location.
2513	First you need to complete the Elwynn Forest quest chain.
2514	You can find more around (3)
2515	You can find more around (4)
2516	You can find more around (5)
2517	You can find more around (6)
2518	In the cart.
2519	You can find more around (7)
2520	On the field you can find from 2 to 4 Handful of Oats.
2521	You can find more Harvest Watchers
2522	And a big spot on this field
2523	Interact with gameobject: Footlocker
2524	Interact with gameobject: Alexston's Chest
2525	Interact with gameobject: Broken Barrel
2526	Interact with gameobject: Old Jug
2527	Interact with gameobject: Locked Chest
2528	He is spawn here and moves along the beach
2529	Moves variably into this position
2530	Or in this position
2531	Congratulations! +26 quests for achievement "Loremaster of Eastern Kingdoms".
2532	Next, I recommend running Quest-Instance Guides: Deadmines (15)
2533	This guide contain quest-chain (40 quests) for Redridge Mountains location.
2534	Interact with gameobject: Wanted: Gath'Ilzogg
2535	Interact with gameobject: Wanted: Lieutenant Fangore
2536	Interact with gameobject: Old Lion Statue
2537	Interact with gameobject: An Empty Jar
2538	Congratulations! +40 quests for achievement "Loremaster of Eastern Kingdoms".
2539	Next, I recommend running Quest-Instance Guides: The Stockade (25).
2540	This guide contain quest-chain (73 quests) for Duskwood location.
2541	Interact with gameobject: Weathered Grave
2542	Interact with gameobject: Old Footlocker
2543	Interact with gameobject: Sealed Crate
2544	Interact with gameobject: Mound of Loose Dirt
2545	Interact with gameobject: A Weathered Grave
2546	Interact with gameobject: Eliza's Grave Dirt
2547	Congratulations! +73 quests for achievement "Loremaster of Eastern Kingdoms".
2548	This guide contain quest-chain (69 quests) for Stranglethorn Vale location.
2549	Interact with gameobject: Bookie Herod's Records
2550	Enter the cave and move forward without turning anywhere
2551	Interact with gameobject: Bookie Herod's Strongbox
2552	Bhag'thera can also be found (1)
2553	Bhag'thera can also be found (2)
2554	You can find more basilisk (1)
2555	You can find more basilisk (2)
2556	Interact with gameobject: Bloodsail Correspondence
2557	Give him 1 Gorilla Fang.
2558	3 gorillas will attack you one at a time.
2559	Mokk the Savage is the final gorilla.
2560	Interact with gameobject: Bloodsail Orders
2561	Interact with gameobject: Bloodsail Charts
2562	They can also spawn in the camp to the southwest
2563	You can find more of these trolls
2564	Interact with gameobject: Half-Buried Bottles
2565	Interact with gameobject: Cortello's Riddle
2566	Interact with gameobject: A Soggy Scroll
2567	Interact with gameobject: Musty Scroll
2568	Interact with gameobject: Cortello's Treasure
2569	Congratulations! +69 quests for achievement "Loremaster of Eastern Kingdoms".
2570	This guide contain quest-chain (13 quests) for Swamp of Sorrows location.
2571	Interact with gameobject: Galen's Strongbox
2572	Congratulations! +13 quests for achievement "Loremaster of Eastern Kingdoms".
2573	This guide contain quest-chain (16 quests) for Blasted Lands location.
2574	At Grind Point 1
2575	At Grind Point 2
2576	At Grind Point 3
2577	At Grind Point 4
2578	At Grind Point 5
2579	At Grind Point 6
2580	Interact with object: Spectral Lockbox
2581	Enter the cave and move along the right side
2582	Congratulations! +16 quests for achievement "Loremaster of Eastern Kingdoms".
2583	This guide contain quest-chain (30 quests) for Searing Gorge location.
2584	Interact with gameobject: Wanted/Missing/Lost & Found
2585	Interact with gameobject: Wooden Outhouse.
2586	Interact with gameobject: Wooden Outhouse
2587	You can find more Glassweb Spiders
2588	Escort him.
2589	Escort him until he gets murdered (it's part of the quest).
2590	He drops a note when he dies.
2591	Interact with gameobject: Singed Letter
2592	Go upstairs the ramp
2593	Interact with gameobject: Torch of Retribution
2594	Interact with gameobject: Altar of Suntara
2595	Interact with gameobject: Sentry Brazier
2596	Interact with gameobject: Hoard of the Black Dragonflight
2597	You can find an alternative respawn point
2598	Congratulations! +30 quests for achievement "Loremaster of Eastern Kingdoms".
2599	This guide contain quest-chain (10 quests) for Burning Steppes location.
2600	First you need to complete the Searing Gorge quest chain.
2601	Kill Broodling enemies around this area.
2602	click Broodling Essence
2603	Tell him "I do not posess proof any proof, Cyrus."
2604	Interact with gameobject: Tablet of the Seven
2605	Choose "Transcribe the tablet."
2606	Interact with gameobject: Thaurissan Relic
2607	Recover 12 Information
2608	Kill Blackrock enemies around this area
2609	Congratulations! +10 quests for achievement "Loremaster of Eastern Kingdoms".
2610	This guide contain quest-chain (20 quests) for Badlands location.
2611	You can find more Coyote
2612	Interact with gameobject: Crumpled Map
2613	The crate can also be located
2614	Interact with gameobject: Battered Dwarven Skeleton
2615	You can find more Buzzard
2616	Entrance to the Uldaman excavations
2617	Congratulations! +20 quests for achievement "Loremaster of Eastern Kingdoms".
2618	This guide contain quest-chain (40 quests) for Dun Morogh location.
2619	Enter the cave and move along its left side
2620	You need to learn Сooking.
2621	Go down and take the elevator
2622	Keep moving straight ahead
2623	Interact with gameobject: A Dwarven Corpse
2624	This guide contain quest-chain (38 quests) for Loch Modan location.
2625	Interact with gameobject: WANTED
2626	Enter the cave and move along the right wall
2627	Move along the right tunnel
2628	Interact with gameobject: Suspicious Barrel
2629	Interact with gameobject: Explosive Charge
2630	Congratulations! +38 quests for achievement "Loremaster of Eastern Kingdoms".
2631	This guide contain quest-chain (48 quests) for Wetlands location.
2632	First you need to complete the Duskwood quest chain.
2633	Interact with gameobject: Waterlogged Chest
2634	Interact with gameobject: Ebenezer Rustlocke's Corpse
2635	Interact with gameobject: Cache of Explosives
2636	Interact with gameobject: Damaged Crate
2637	Interact with gameobject: Sealed Barrel
2638	Interact with gameobject: Half-buried Barrel
2639	Interact with gameobject: Intrepid's Locked Strongbox
2640	Get the 4 Relics that spawn randomly in different places around this area. They can spawn up the hill next to Sarltooth also:
2641	Interact with gameobject: Dragonmaw Catapult
2642	Congratulations! +48 quests for achievement "Loremaster of Eastern Kingdoms".
2643	This guide contain quest-chain (34 quests) for Hillsbrad Foothills location.
2644	Jump onto the ledge from the bridge
2645	Jump down into the water
2646	Swim here and go up the hill
2647	Interact with gameobject: Syndicate Documents
2648	If it's not here, check the other camp
2649	Moving along the route, the final point is here
2650	Kill Murlocs enemies around this area.
2651	Congratulations! +34 quests for achievement "Loremaster of Eastern Kingdoms".
2652	This guide contain quest-chain (32 quests) for Arathi Highlands location.
2653	First you need to complete the Wetlands and Hillsbrad Foothills quest chain.
2654	Interact with gameobject: Wanted Board
2655	Interact with gameobject: Shards of Myzrael
2656	Interact with gameobject: Iridescent Shards
2657	Interact with gameobject: Stone of East Binding
2658	Interact with gameobject: Stone of Inner Binding
2659	You can find Fozruk (1)
2660	You can find Fozruk (2)
2661	You can find Fozruk (3)
2662	You can find Fozruk (4)
2663	You can find Fozruk (5)
2664	You can find Fozruk (6)
2665	You can find Fozruk (7)
2666	You can find Fozruk (8)
2667	You can find Fozruk (9)
2668	You can find Fozruk (10)
2669	You can find Fozruk (11)
2670	You can find Fozruk (12)
2671	She can also be
2672	Congratulations! +32 quests for achievement "Loremaster of Eastern Kingdoms".
2673	This guide contain quest-chain (17 quests) for Hinterlands location.
2674	Interact with gameobject: Featherbeard's Journal
2675	The path down starts here
2676	Interact with gameobject: Featherbeard's Remains
2677	Congratulations! +17 quests for achievement "Loremaster of Eastern Kingdoms".
2678	This guide contain quest-chain (45 quests) for Western Plaguelands location.
2679	Interact with gameobject: Scourge Cauldron
2680	Interact with gameobject: Janice's Parcel
2681	Interact with gameobject: Mrs. Dalson's Diary
2682	Climb the tower
2683	Warning! Escorting quest!
2684	You can also find more wolves
2685	Interact with gameobject: Joseph Redpath's Monument
2686	Congratulations! +45 quests for achievement "Loremaster of Eastern Kingdoms".
2687	This guide contain quest-chain (35 quests) for Eastern Plaguelands location.
2688	Interact with gameobject: Loose Dirt Mound
2689	Interact with gameobject: Torn Scroll
2690	Darrowshire Spirits Freed
2691	You can find around in cave
2692	Move forward through the tunnel
2693	Continue moving through the tunnel
2694	Interact with gameobject: Termite Barrel
2695	Interact with gameobject: Mound of Dirt
2696	You can find more Scourge Champion around
2697	Interact with gameobject: Joseph's Chest
2698	Congratulations! +35 quests for achievement "Loremaster of Eastern Kingdoms".
2699	This guide contain quest-chain (55 quests) for Azuremyst Isle location.
2700	Interact with gameobject: Irradiated Power Crystal
2701	You can find more Stags
2702	Stillpine Furbolg Language Primer Read
2703	Interact with gameobject: Bristlelimb Cage
2704	Escort Magwin through the island to her home
2705	Follow the path to the bottom of the cave
2706	Go inside the big cave
2707	Go to lower tunnel
2708	Interact with gameobject: Blood Crystal
2709	Congratulations! +55 quests for achievement "Loremaster of Kalimdor".
2710	Recomended next to use guide "Bloodmyst Isle".
2711	This guide contain quest-chain (63 quests) for Bloodmyst Isle location.
2712	Warn High Chief Stillpine
2713	Warn Exarch Menelaous
2714	Warn Admiral Odesyus
2715	You can find more Sand Pear
2716	Use the Draenei Banner on Lord Xiz's corpse
2717	Declare Your Power
2718	Interact with gameobject: Princess Stillpine's Cage
2719	Save Princess Stillpine
2720	Use the Crystal Mining Pick on Impact Site Crystal
2721	Use the Murloc Tagger on Blacksilt Scouts
2722	Tag 6 Blacksilt Scouts
2723	Use the Crystal Mining Pick
2724	Confirm the Sun Portal Site
2725	Interact with gameobject: Battered Ancient Book
2726	Interact with gameobject: Ever-burning Pyre
2727	Interact with gameobject: Statue of Queen Azshara
2728	Interact with gameobject: Galaen's Journal
2729	Use the Flare Gun on Matis the Cruel
2730	Capture Matis the Cruel
2731	Use the Water Sample Flask
2732	Destroy the Sun Gate
2733	Tell him "I'm a prisoner, what does it look like? The draenei filth captured me as I exited the sun gate. They killed our portal controllers and destroyed the gate. The Sun King will be most displeased with this turn of events."
2734	Recover the Sunhawk Information
2735	Destroy the Vector Coil and Slay Sironas
2736	Free 5 Expedition Researchers
2737	Congratulations! +63 quests for achievement "Loremaster of Kalimdor".
2738	This guide contain quest-chain (47 quests) for Teldrassil Night Elf location.
2739	You can find more Grells
2740	Go southwest into the cave at
2741	Go downstairs to
2742	Go to the next room over to
2743	Go through the tunnel back to where Oben Rageclaw is to
2744	Go back up the path to
2745	Interact with gameobject: Strange Fruited Plant
2746	Go inside the cave to
2747	Interact with gameobject: Strange Fronded Plant
2748	Lead Mist safely to Sentinel Arynia Cloudsbreak
2749	This quest can be turning in the following quest-guide - Darkshore.
2750	Congratulations! +35 quests for achievement "Loremaster of Kalimdor".
2751	This guide contain quest-chain (66 quests) for Darkshore location.
2752	Jump down into the water below the bridge to
2753	Use Empty Cleansing Bowl on a Moonwell
2754	Use Filled Cleansing Bowl on a Bonfire
2755	Interact with gameobject: Beached Sea Turtle
2756	Interact with gameobject: Ancient Flame
2757	Interact with gameobject: Fall of Ameth'Aran
2758	Interact with gameobject: Lay of Ameth'Aran
2759	Interact with gameobject: Beached Sea Creature
2760	Interact with gameobject: Scrying Bowl
2761	Prospector Remtravel as he searches for the mysterious fossil
2762	Interact with gameobject: Kerlonian's Chest
2763	Move forward along the road
2764	Climb up the hill
2765	You need to go up this path
2766	Free the Highborne soul in Night Run
2767	Free the Highborne soul in Satyrnaar
2768	Lead it back Threshwackonator 4100 to Gelkak
2769	Congratulations! +66 quests for achievement "Loremaster of Kalimdor".
2770	This guide contain quest-chain (48 quests) for Ashenvale location.
2771	First you need complete quest-guide: "Darkshore".
2772	Interact with gameobject: Teronis Corpse
2773	Interact with gameobject: Tome of Mel'Thandris
2774	Interact with gameobject: Hidden Shrine
2775	Use Dartol's Rod of Transformation
2776	Interact with gameobject: Fertile Dirt Mounds
2777	Start to Going Down this tunnel
2778	Jump Down Here
2779	Go To Canyon
2780	Find evidence of the Scythe of Elune
2781	Congratulations! +48 quests for achievement "Loremaster of Kalimdor".
2782	This guide contain quest-chain (15 quests) for The Barrens location.
2783	Can be spawn here (1)
2784	Can be spawn here (2)
2785	Interact with gameobject: Control Console.
2786	You can find more eggs around (1)
2787	You can find more eggs around (2)
2788	You can find more eggs around (3)
2789	You can find more eggs around (4)
2790	You can find more eggs around (5)
2791	You can find more eggs around (6)
2792	Congratulations! +15 quests for achievement "Loremaster of Kalimdor".
2793	This guide contain quest-chain (28 quests) for Stonetalon Mountains location.
2794	Follow this tunnel to the very end
2795	Keep Piznik safe while he mines the mysterious ore
2796	Climb up here
2797	Congratulations! +28 quests for achievement "Loremaster of Kalimdor".
2798	This guide contain quest-chain (31 quests) for Desolace location.
2799	Interact with gameobject: Malem Chest
2800	Interact with gameobject: Karnitol's Chest
2801	Interact with gameobject: Rackmore's Log
2802	Kill Drysnap enemies around this area.
2803	Tame 5 Kodos
2804	Bring the Kodos back to
2805	Kill Magram enemies around this area.
2806	Reach Friendly Reputation with the Gelkis Clan Centaur
2807	Kill Scorpashi enemies around this area.
2808	Kill Kolkar enemies around this area.
2809	Kill Slitherblade enemies around this area.
2810	Interact with gameobject: Serpent Statue
2811	Interact with gameobject: Rackmore's Chest
2812	You can find more underwater around
2813	Interact with gameobject: Sack of Meat
2814	Caravan position 1
2815	Caravan position 2
2816	Caravan position 3
2817	Caravan position 4
2818	Caravan position 5
2819	Caravan position 6
2820	Congratulations! +31 quests for achievement "Loremaster of Kalimdor".
2821	This guide contain quest-chain (66 quests) for Dustwallow Marsh location.
2822	Give them each a flier.
2823	Fight Gavis Greyshield until he surrenders.
2824	Interact with gameobject: The Loose Dirt.
2825	Open Renn's Supplies
2826	Equip Repaired Diving Gear
2827	Use Salvage Kit on the wreckage for pieces of the cargo
2828	Interact with gameobject: Blackhoof Cages
2829	Interact with gameobject: Suspicious Hoofprints
2830	Interact with gameobject: Theramore Guard Badge
2831	Interact with gameobject: Black Shield
2832	A huge monster will spawn in the water.
2833	Run around on the dock clicking the big metal cannons until the big monster dies.
2834	Fight Balos Jacken until he surrenders.
2835	Interact with gameobject: Ogre Remains
2836	This guide contain quest-chain (34 quests) for Thousand Needles location.
2837	It is recommended that you first complete the "Dustwallow Marsh" guide.
2838	Interact with object: Henrig Lonebrow's Journal
2839	Interact with gameobject: Rizzle's Unguarded Plans
2840	Congratulations! +34 quests for achievement "Loremaster of Kalimdor" and +5 quests for achievement "Loremaster of Eastern Kingdoms".
2841	This guide contain quest-chain (27 quests) for Tanaris location.
2842	Path-Marker (1)
2843	Path-Marker (2)
2844	Path-Marker (3)
2845	Path-Marker (4)
2846	Path-Marker (5)
2847	Path-Marker (6)
2848	You can find more in the buildings around
2849	Kill Southsea enemies around this area.
2850	You can find more around (8)
2851	Kill Centipaar enemies around this area.
2852	Lead Tooga to Torta
2853	Congratulations! +27 quests for achievement "Loremaster of Kalimdor".
2854	This guide contain quest-chain (54 quests) for Feralas location.
2855	First you need to complete the Tanaris quest chain.
2856	Interact with gameobject: Egg-O-Matic
2857	Open Cage Door.
2858	Save at Least 6 Sprite Darters from Capture
2859	Up the path
2860	Interact with book: "Feralas: A History"
2861	Interact with gameobject: Solarsal Gazebo
2862	Kill enemies around this area.
2863	Interact with gameobject: Wrecked Row Boat
2864	You can find more through in cave
2865	Interact with gameobject: Large Leather Backpacks
2866	Interact with gameobject: Zukk'ash Pod
2867	Interact with gameobject: Equinex Monolith
2868	Wait Rhapsod Drink Event.
2869	Congratulations! +54 quests for achievement "Loremaster of Kalimdor" and +6 quests for achievement "Loremaster of Eastern Kingdoms".
2870	This guide contain quest-chain (21 quests) for Felwood location.
2871	Open Container in your bag
2872	Reach Unfriendly Reputation with the Timbermaw Hold Faction
2873	Explore the Craters in Shatter Scar Vale
2874	Tell her "I need a Cenarion beacon."
2875	Move towards the cave
2876	Interact with gameobject: Brazier of Pain
2877	Interact with gameobject: Brazier of Hatred
2878	Interact with gameobject: Brazier of Suffering
2879	Interact with gameobject: Brazier of Malice
2880	Protect Arko'narin out of Shadow Hold
2881	Move forward from here
2882	Go down into the already familiar cave
2883	Congratulations! +21 quests for achievement "Loremaster of Kalimdor".
2884	This guide contain quest-chain (46 quests) for Un'Goto Crater location.
2885	First you need to complete Felwood Quest Guide.
2886	Interact with gameobject: A Wrecked Raft
2887	Interact with gameobject: A Small Pack
2888	You can find more eggs (1)
2889	You can find more eggs (2)
2890	You can find more eggs (3)
2891	Kill Bloodpetal enemies around this area.
2892	You can find more around ()
2893	Interact with gameobject: Beware of Pterrordax
2894	Open Package of Empty Ooze in your bags
2895	Find the Hottest Area of Fire Plume Ridge
2896	Interact with gameobject: Northern Crystal Pylon
2897	Choose "I want to examine this pylon."
2898	Interact with gameobject: Eastern Crystal Pylon
2899	Interact with gameobject: Western Crystal Pylon
2900	You can find more around (9)
2901	You can find more around (10)
2902	Interact with gameobject: A Conspicuous Gravestone
2903	Congratulations! +46 quests for achievement "Loremaster of Kalimdor".
2904	This guide contain quest-chain (22 quests) for Winterspring location.
2905	First required to complete Crater Un'Goro guide.
2906	Click Broodling Essence.
2907	Kill Winterfall enemies around this area.
2908	Interact with gameobject: Deadwood Cauldron
2909	You can also find them around (1)
2910	You can also find them around (2)
2911	If you don't want to wait for the patrol, there's also usually one in Felwood around
2912	You can find it in this waypoint (1)
2913	You can find it in this waypoint (2)
2914	You can find it in this waypoint (3)
2915	You can find it in this waypoint (4)
2916	Interact with gameobject: Jaron's Wagon
2917	Interact with gameobject: Jaron's Supplies
2918	Interact with gameobject: Fire of Elune
2919	Interact with gameobject: Altar of Elune
2920	Start going down here
2921	Continue down the trail
2922	Go back along the path
2923	Cross the bridge
2924	You can find it in this waypoint (5)
2925	You can find it in this waypoint (6)
2926	You can find more Den Watcher
2927	You can find more around in cave
2928	Congratulations! +22 quests for achievement "Loremaster of Kalimdor".
2929	This guide contain quest-chain (12 Kalimdor + 17 Eastern Kingdoms quests) for Azshara location.
2930	First you need to complete the Wintersprings guide.
2931	Interact with gameobject: Spectral Lockbox
2932	Entrance in cave
2933	There are usually more boxes around (1)
2934	There are usually more boxes around (2)
2935	There are usually more boxes around (3)
2936	There are usually more boxes around (4)
2937	Use of the teleport runes
2938	Congratulations! +12 quests for achievement "Loremaster of Kalimdor" and +17 quests for achievement "Loremaster of Eastern Kingdoms".
2939	This guide contain quest-chain (27 quests) for Silithus location.
2940	Interact with gameobject: Wanted Poster: Deathclasp
2941	Kill Hive'Ashi enemies around this area.
2942	Tell him "Hello, Rutgar. The Commander has sent me here to gather some information about his missing wife."
2943	Tell him "Hello, Frankal. I've heard that you might have some information as to the whereabouts of Mistress Natalia Mar'alith."
2944	This guide contain quest-chain (142) for Borean Tundra location.
2945	Interact with gameobject: Cultist Shrine
2946	Set the Explosives at the Southern Sinkhole
2947	Tell him "I have reason to believe you're involved in cultist activity."
2948	Defeat the Cultist in the Kitchen
2949	Ask him "What do you know about the Cult of the Damned?"
2950	Defeat the Cultist on the Docks
2951	Ask him "How long have you worked for the Cult of the Damned?"
2952	Defeat the Cultist in the Jail
2953	Interact with gameobject: Plagued Grain
2954	Interact with Cart Release
2955	Interact with gameobject: Bell Rope
2956	You can find them here (1)
2957	You can find them here (2)
2958	Interact with NPC: Wooly Mammoth Bull
2959	Ride a Wooly Mammoth Bull
2960	Tell him "Tell me what's going on out here, Fizzcrank."
2961	Interact with gameobject: Elder Atkanok
2962	Interact with gameobject: "Elder Sagani"
2963	Interact with gameobject: "Elder Takret"
2964	Interact with gameobject: "Elder Kesuk"
2965	Free 3 Kaskala Craftsman Spirits
2966	Free 3 Kaskala Shaman Spirits
2967	Complete Elder Sagani's Ceremony
2968	Complete Elder Takret's Ceremony
2969	Complete Elder Kesuk's Ceremony
2970	Interact with gameobject: Arcane Prison
2971	Rescue the Arcane Prisoners
2972	You can find more Arcane Prisons (1)
2973	You can find more Arcane Prisons (2)
2974	Interact with gameobject: Salrand's Lockbox
2975	Interact with gameobject: Coldarra Geological Monitor
2976	Subdue a Drake Hatchling
2977	Tell him "I seem to have lost the Augmented Arcane Prison. Did I leave it here with you?"
2978	Tell her "I am prepared to face Saragosa!"
2979	Teleport to Saragosa
2980	Tell her "Keristrasa, I am finished here. Please return me to the Transitus Shield."
2981	Return to Transitus Shield
2982	Fly with Keristrasa
2983	Curse & Port 6 Fizzcrank Gnomes
2984	Interact with gameobject: West Point Station Valve
2985	Interact with gameobject: North Point Station Valve
2986	Interact with gameobject: Mid Point Station Valve
2987	Interact with gameobject: South Point Station Valve
2988	Interact with Fizzcrank Recon Pilot
2989	Choose "Search for the pilot's insignia."
2990	Scuttle the Eastern Wreck
2991	Choose <Search corpse for Issliruk's Totem.>
2992	Interact with gameobject Frozen Phylactery
2993	Kill En'kilah enemies around this area
2994	Slay 20 En'kilah Casualties
2995	Stand in the glowing circle to teleport
2996	Teleport on the second floor
2997	Tell him "Let's do this, Thassarian. It's now or never."
2998	Witness the Last Rites
2999	Test Crafty's Blaster 5 Times
3000	Interact with NPC: Dead Caravan Worker
3001	Choose "Take their clothing."
3002	Interact with gameobject: Cage
3003	Slay 15 Winterfin Murlocs
3004	Wear King Mrgl-Mrgl's Spare Suit
3005	Remove King Mrgl-Mrgl's Spare Suit
3006	Wear the Warsong Orc Disguise
3007	Plant the Warsong Banner in Magmothregar
3008	Interact with gameobject: The Gearmaster's Manual
3009	Kill enemies around this area
3010	Deploy the Shake-n-Quake 5000
3011	Congratulations! +142/130 quests for achievement "Nothing Boring About Borean".
3012	This guide contain quest-chain (130) for Howling Fjord location.
3013	Slay 12 Dragonflayer Invaders
3014	Interact with gameobject: Ceremonial Dragonflayer Harpoon
3015	Enter the Spirit World
3016	Kill Dragonflayer enemies around this area
3017	Click Dragonflayer Cages
3018	Enter the cave and go down
3019	Kill the enemies that attack in waves.
3020	Click Ancient Cipher.
3021	Move towards the exit of the cave
3022	Tell him "Take me to Lieutenant Icehammer, Zorek!"
3023	Begin Flying to Lieutenant Icehammer
3024	Fly to Lieutenant Icehammer
3025	Click Rock Falcon
3026	Choose <Feed the grub to the rock falcon.>
3027	Feed the Fjord Rock Falcon
3028	Kill Shoveltusk enemies around this area.
3029	Click Loose Rock.
3030	Click Industrial Strength Rope.
3031	Kill Winterskorn enemies around this area.
3032	Click Large Barrel.
3033	Control the Harpoon
3034	Stop Controlling the Harpoon
3035	Click Large Harpoon Lever.
3036	Tell him "Walt sent me to pick up some dark iron ingots."
3037	Tell him "Official Explorers' League business, McGoyver. Take me to the Explorers' League Outpost!"
3038	Begin Flying to the Explorers' League Outpost
3039	Fly to the Explorers' League Outpost
3040	Click Work Bench.
3041	Choose <Get on the work bench and let Walt put you in the golem suit.>
3042	Wear the Golem Suit
3043	Master the Rocket Jump
3044	Stop Wearing the Golem Suit
3045	Сlick Work Bench.
3046	Return to the Top of the Excavation Site
3047	Click Fjord Hawk
3048	Hawks rest near the ground at these locations (1)
3049	Hawks rest near the ground at these locations (2)
3050	Hawks rest near the ground at these locations (3)
3051	Hawks rest near the ground at these locations (4)
3052	Hawks rest near the ground at these locations (5)
3053	Hawks rest near the ground at these locations (6)
3054	Control a Trained Falcon Hawk
3055	Stop Controlling a Trained Falcon Hawk
3056	Tell him "I'm ready to go, Walt."
3057	Click Westguard Cannonball.
3058	Click Apothecary's Package.
3059	Click Mound of Debris.
3060	Click Unlocked Chest.
3061	Click Long Tail Feather.
3062	Click Cannonball.
3063	Tell him "I don't have time for chit-chat, Lou. Take me to Scalawag Point."
3064	Begin Traveling to Scalawag Point
3065	Travel to Scalawag Point
3066	Gain Water Breathing
3067	Click Eagle Figurine.
3068	Click Amani Vase.
3069	Tell him "Taruk sent me to collect what you owe."
3070	Tell him "Pay up, Harry!"
3071	Tell her "I'd like to buy Jack a drink. Perhaps something... extra strong."
3072	Choose <Discreetly search the pirate's pockets for Taruk's payment.>
3073	Tell him "Ummm... the frog says you're a traitor, "matey.""
3074	Downstairs Inside the Ship:
3075	On the Ship Desk:
3076	Interact with NPC: The Big Gun
3077	Сlick Sorlof's Booty
3078	Manually skip after killing "Mad" Jonah Sterling
3079	Interact with: Dirt Mound
3080	Kill the enemies that attack.
3081	Tell her "Harry said I could take his bomber to Bael'gun's. I'm ready to go!"
3082	Begin Flying to Bael'gun's
3083	Fly to Bael'gun's
3084	Interact with NPC: Harry's Bomber
3085	Choose <Get in the bomber and return to Scalawag Point.>
3086	Begin Flying Back to Scalawag Point
3087	Return to Scalawag Point
3088	Administer Peppy's Mix to the Vrykul Prisoner
3089	Tell him "Greer, I need a gryphon to ride and some bombs to drop on New Agamand!"
3090	Begin Flying on the Bombing Mission
3091	Interact with NPC: Steel Gate Flying Machine
3092	Borrow the Steel Gate Flying Machine
3093	Deliver the Sacks of Relics to
3094	Stop Flying in the Steel Gate Flying Machine
3095	Check For Gjalerbron Gargoyles
3096	Manually skip this step
3097	Destroy the Scourging Crystal
3098	Interact with Water Plant.
3099	Kill Iron Rune enemies around this area.
3100	It can also be located (1)
3101	It can also be located (2)
3102	It can also be located (3)
3103	It can also be located (4)
3104	It can also be located (5)
3105	Interact with: Frostblade Shrine.
3106	Become Cleansed of Your Inner Turmoil
3107	Test the Rune of Command
3108	Wear the Worg Disguise
3109	Interact with: Talonshrike's Egg
3110	Kill Gjalerbron enemies around this area.
3111	Interact with: Gjalerbron Cage
3112	Congratulations! +130 quests for achievement "I've Toured the Fjord".
3113	This guide contain quest-chain (115) for Dragonblight location.
3114	Fly to Stars Rest, Dragonblight
3115	Cleanse 6 Blighted Elk Corpses
3116	Cleanse 6 Rabid Grizzly Corpses
3117	Interact with NPC: Dead Mage Hunter
3118	Teleport to the Surge Needle
3119	Return to the Ground
3120	Slay 15 Blue Dragonflight Forces at Moonrest Gardens
3121	Retrieve the Ley Line Focus Information
3122	Release Your Spirit
3123	Gain Waterbreathing
3124	Interact with gameobject: Wrecked Crab Trap
3125	Interact with gameobject: Elder Mana'loa
3126	Put 15 Indu'le Spirits to Rest
3127	Interact with gameobject: The Pearl of the Depths
3128	Obey Oacha'noa's Compulsion
3129	Ride the Wintergarde Gryphon
3130	Return the Helpless Villagers
3131	Stop Riding the Wintergarde Gryphon
3132	Enter the lower part of the mine here
3133	Interact with gameobject: Flesh-bound Tome
3134	Interact with NPC: Wintergarde Gryphon
3135	Borrow the Wintergarde Gryphon
3136	Fly to Duke August Foehammer
3137	Interact with gameobject: Alliance Steam Tank
3138	Take Control of an Alliance Steam Tank
3139	Interact with gameobject: 7th Legion Chain Gun
3140	Stop Controlling the 7th Legion Chain Gun
3141	Slay 15 Naxxramas Scourge
3142	Interact with gameobject: Plunderbeard
3143	Enter the Spirit Form
3144	Tell him "Sorry to have bothered you, friend. Carry on!"
3145	Tell him "I'm sure Arthas will be back any day now, soldier. Keep your chin up!"
3146	Tell him "I'm sure everything will work out, footman."
3147	Tell him "I must be going now, soldier. Stay vigilant!"
3148	Kill Onslaught enemies around this area.
3149	Slay 20 Scarlet Onslaught
3150	Tell him "Steward, please allow me to ride one of the drakes to the queen's chamber at the top of the temple."
3151	Begin Flying to the Top of the Temple
3152	Tell him "Yes, please, I would like to return to the ground level of the temple."
3153	Begin Flying to the Ground Level of the Temple
3154	Tell him "Wyrmbait, eh?  Welp, go fetch us Icestorm!"
3155	Kill Magnataur enemies around this area
3156	Slay 3 Dragonblight Magnataur
3157	Kill Snowplain enemies around this area
3158	Slay 10 Snowplain Snobolds
3159	Kill the enemies that attack
3160	Gain the Burning Depths Necrolyte Disguise
3161	Move along the corridor to the end
3162	Continue moving along the tunnel
3163	Take a shortcut here
3164	Cleanse the Summoning Area
3165	Interact with NPC: Wyrmrest Vanquisher
3166	Ride the Wyrmrest Vanquisher
3167	Control a Shredder
3168	Kill Coldwind enemies around this area
3169	Slay 15 Harpies
3170	Stop Controlling the Shredder
3171	Become Undigestible
3172	Tell him "We need to get into the fight. Are you ready?"
3173	Fly with the Wyrmrest Defender
3174	You can find more all around Wyrmrest Temple around
3175	Congratulations! +115 quests for achievement "Might of Dragonblight".
3176	This guide contain quest-chain (89) for Grizzly Hills location.
3177	Interact with gameobject: Amberseed
3178	Interact with gameobject: Amberpine Outhouse
3179	Choose "Use the outhouse."
3180	Slay 10 Horde in Blackriver
3181	Smoke Out 20 Venture Company Stragglers
3182	Click Element 115
3183	Control the flight on Flamebringer
3184	Tell him "Come on, Budd. Time to play with the ice trolls!"
3185	Get Budd's Attention
3186	Take the Blood Oath
3187	Choose "Shake Drakuru's outstretched hand."
3188	Form a Blood Pact With Drakuru
3189	Interact with gameobject: Seer of Zeb'Halak
3190	Choose "Remove the Eye of the Prophets from the idol's face."
3191	Perform the Test of Mettle
3192	Interact with NPC: Ducal's Horse
3193	Ride with Ducal
3194	Use the Orb Beneath Vordrassil's Tears
3195	Use the Orb Beneath Vordrassil's Limb
3196	Use the Orb Beneath Vordrassil's Heart
3197	Tell him "You're free to go Orsonn, but first tell me what's wrong with the furbolg."
3198	Ask him "Who was this stranger?"
3199	Interact with NPC: Broken-down Shredder
3200	Return the Shredders
3201	Eliminate 15 Horde Units
3202	Interact with gameobject: Heart of the Ancients
3203	Begin the Out of Body Experience
3204	Experience the Vision from the Past
3205	Return to Ruuna the Blind
3206	Interact with NPC: Tatjana's Horse
3207	Ride Tatjana's Horse
3208	Interact with gameobject: Battered Journal
3209	Interact with gameobject: Missing Journal Page
3210	Kill Rune enemies around this area
3211	Inside the building (1)
3212	Inside the building (2)
3213	Throughout the canyon that starts
3214	Jump down carefully into the water below
3215	Interact with gameobject: Third Rune Plate
3216	Interact with gameobject: First Rune Plate
3217	Interact with gameobject: Second Rune Plate
3218	Interact with gameobject: Portable Seismograph
3219	Allow Harrison to Escort You to Safety
3220	Kill Drakkari enemies around this area
3221	Receive Death by Warlord Jin'arrak
3222	Enter the Other Side
3223	Tell him "I am ready to return to the realm of the living."
3224	Leave the Spirit Realm
3225	Interact with gameobject: Dun Argol Cage
3226	Get on Your Mount
3227	Wear the Disguise
3228	Interact with gameobject: Loken's Pedestal
3229	Remove the Iron Rune Overseer Disguise
3230	Control a War Golem
3231	Stop Controlling the War Golem
3232	Congratulations! +89/85 quests for achievement "Fo' Grizzle My Shizzle".
3233	This guide contain quest-chain (101) for Zul'Drak location.
3234	Interact with gameobject: Wanted!
3235	Interact with gameobject: Orders From Drakuru
3236	Kill Drakuru enemies around this area.
3237	Slay 15 Varguls
3238	Speak With Stefan Here (If Nass Dies)
3239	Tell her "Stefan told me you would demonstrate the purpose of this item."
3240	Wear the Scourge Disguise
3241	Interact with gameobject: Scourge Enclosure
3242	Tell him "I'm ready, Gymer. Let's go!"
3243	Ride on Gymer's Shoulder
3244	Slay 100 Scourge
3245	Stop Riding on Gymer's Shoulder
3246	Wear the Ghoul Disguise
3247	Teleport Up to Voltarus
3248	Ask him "Uhh, can you send me on the tour of Zul'Drak?"
3249	Begin the Tour of Zul'Drak
3250	Complete the Tour of Zul'Drak
3251	Complete Overlord Drakuru's Task
3252	Teleport to the Ground
3253	Dilute 5 Cauldrons
3254	Complete Drakuru's Task
3255	Slay 60 Drakkari Skullcrushers
3256	Teleport to Drakuru's Upper Chamber
3257	Interact with gameobject: Musty Coffin
3258	Explore Drakuru's Upper Chamber
3259	Teleport to the Main Floor of Voltarus
3260	Learn Drakuru's Secret
3261	Prepare For a Difficult Fight
3262	Capture a Blightblood Troll Minion
3263	Avoid the Orange Areas on the Ground
3264	Tell him "I am ready to accompany you, Drakuru."
3265	Teleport to the Top fo Voltarus with Drakuru
3266	Interact with gameobject: Drakuru's Last Wish
3267	Choose "I'm ready."
3268	Equip 10 Argent Forces with a Parachute
3269	Destroy 10 Scourge at The Argent Stand
3270	Interact with gameobject: Zim'Abwa
3271	Heal Crusader Josephine
3272	Heal Crusader Lamoof
3273	Heal Crusader Jonathan
3274	You can find more inside the building
3275	Web and Destroy 5 Plague Sprayers
3276	Interact with gameobject: Withered Batwing
3277	Find the Withered Batwing
3278	Find the Amberseed
3279	Interact with gameobject: Muddy Mire Maggots
3280	Find the Muddy Mire Maggot
3281	Interact with gameobject: Chilled Serpent Mucus.
3282	Find the Chilled Serpent Mucus
3283	Complete Alchemist Finklestein's Task
3284	Tell them "Soldier, you have new orders. You're to pull back and report to the sergeant!"
3285	Tell 10 Argent Soldiers to Report Back to the Sergeant
3286	Slay 10 Followers of Sseratus
3287	Interact with NPC: Zul'Drak Rat
3288	Interact with NPC: Gorged Lurking Basilisk
3289	Interact with gameobject: Zim'Torga
3290	Interact with gameobject: Purple Cauldron
3291	Interact with gameobject: Green Cauldron
3292	Interact with gameobject: Blue Cauldron
3293	Interact with gameobject: Red Cauldron
3294	Kill Jin'Alai enemies around this area
3295	Interact with gameobject: Treasure of Kutube'sa
3296	Interact with gameobject: Treasure of Gawanil
3297	Interact with gameobject: Treasure of Chulo the Mad
3298	Interact with gameobject: Zim'Rhuk
3299	Tell her "Great and powerful Har'koa, please call for one of your children that it might stealthily carry me into the Altar of Quetz'lun."
3300	Ride with a Child of Har'koa
3301	Reveal Quetz'lun's Fate
3302	Return to Har'koa
3303	Interact with NPC: Frost Leopard
3304	Choose "Lift the frost leopard's tail to check if it's a male or a female."
3305	Interact with NPC: Icepaw Bear
3306	Choose "Lift the icepaw bear's tail to check if it's a male or a female."
3307	Kill 12 Trolls Near a Soul Font
3308	Hex High Priestess Tua-Tua at Death
3309	Hex High Priest Mu'funu at Death
3310	Hex High Priest Hawinni at Death
3311	Interact with gameobject: Heb'Jin's Drum
3312	Scalp 10 Heb'Drakkar Trolls
3313	She can sometimes be found
3314	Interact with NPC: Enraged Mammoth
3315	Ride an Enraged Mammoth
3316	Trample 12 Mam'toth Disciples to Death
3317	Destroy 12 Enchanted Tiki Warriors
3318	Interact with NPC: Gundrak Raptor Egg
3319	Akali unfettered from his chains
3320	Congratulations! +101/100 quests for achievement "The Empire of Zul'Drak".
3321	This guide contain quest-chain (78) for Sholazar Basin location.
3322	Tell him "I'm ready to fly to Sholazar Basin."
3323	Begin Flying to Sholazar Basin
3324	Fly to Sholazar Basin
3325	Escort Engineer Helice Out of Swindlegrin's Dig
3326	Kill 15 Venture Company Members
3327	Shoot the Apple on Lucky Wilhelm's Head
3328	Interact with gameobject: Raised Mud
3329	Begin Flying the Flying Machine
3330	Scout the Scourge
3331	Interact with gameobject: Sturdy Vine
3332	Interact with gameobject: Dreadsaber Track
3333	Tell him "I'm ready to start the distillation, uh, Tipsy."
3334	Perform the Distillation
3335	Complete Hadrius' Taste Test
3336	Complete Hemet's Taste Test
3337	Complete Tamara's Taste Test
3338	Interact with NPC: Chicken Escapee
3339	Tell him "You look safe enough... let's do this."
3340	Ride the Captive Crocolish
3341	Interact with gameobject: Arranged Crystal Formation
3342	Kill Mistwhisper enemies around this area.
3343	Slay 12 Mistwhisper Gorlocs
3344	Interact with NPC: Primordial Hatchling
3345	Ride a Shattertusk Mammoth
3346	Stop Riding the Mammoth
3347	Interact with gameobject: Unstable Explosives
3348	Tell her "I want to stop the Scourge as much as you do. How can I help?"
3349	Receive Freya's Pact
3350	Interact with gameobject: Activation Switch Gamma
3351	Engage the Activation Switch Gamma
3352	Interact with gameobject: Timeworn Coffer
3353	Interact with gameobject: Activation Switch Theta
3354	Engage the Activation Switch Theta
3355	Enter the Waygate
3356	Teleport to Un'Goro Crater
3357	Teleport to Sholazar Basin
3358	Call Forth the Etymidian
3359	Destroy 200 Scourge Minions
3360	Release the Etymidian
3361	Choose <Reach down and pull the Injured Rainspeaker Oracle to its feet.>
3362	Tell him "I am ready to travel to your village now."
3363	Begin Escorting the Injured Rainspeaker Oracle
3364	Tell him "Shaman Vekjik, I have spoken with the big-tongues and they desire peace. I have brought this offering on their behalf."
3365	Ask him "I need to find Moodle, do you have his stress ball?"
3366	Choose <Check for a pulse...>
3367	Interact with gameobject: Artruis' Phylactery
3368	Congratulations! +78/75 quests for achievement "Into the Basin".
3369	This guide contain quest-chain (106/100) for The Storm Peaks location.
3370	Slay 12 Garm Attackers
3371	Interact with gameobject: U.D.E.D. Dispenser
3372	Choose <Retrieve a bomb from the dispenser.>
3373	Interact with gameobject: Mammoth Meat
3374	You can find the mammoths around
3375	Tell them "I'm ready - let's get you out of here."
3376	Slay 12 Crystalweb Spiders
3377	Place the Explosive Bundle
3378	Interact with gameobject: Rusty Cage
3379	Tell her "I am ready to head further into Storm Peaks."
3380	Begin Flying in the D16 Propelled Delivery Device
3381	Fly to Frosthold
3382	Ask him "Are you okay? I've come to take you back to Frosthold if you can stand."
3383	Discipline 6 Exhausted Vrykuls
3384	Tell her "Skip the warmup, sister... or are you too scared to face someone your own size?"
3385	Tell her "Tell me about this proposal."
3386	Listen to Lok'lira's Proposal
3387	Tell them "Let's do this, sister."
3388	Ride Icefang
3389	Return to Brijana
3390	Interact with NPC: Captive Proto-Drake
3391	Bring the prisoners to
3392	Interact with NPC: Captive Proto-Drake##29708
3393	Fly the Proto-Drakes to
3394	Interact with NPC: Injured Icemaw Matriarch
3395	Ride the Icemaw Matriarch
3396	Ride a Warbear Matriarch
3397	Stop Riding the Warbear Matriarch
3398	Stop Riding the Proto-Drake
3399	Ask him "Can you tell me what became of Sif?"
3400	Interact with gameobject: Harpoon Crate
3401	Interact with NPC: Valkyrion Harpoon Gun
3402	Stop Controlling the Valkyrion Harpoon Gun
3403	Ride the Frosthound
3404	Track Down the Thief
3405	Interact with gameobject: Granite Boulder
3406	Interact with gameobject: Fjorn's Anvil
3407	Interact with gameobject: Inventor's Library Console
3408	Slay 10 Stormforged Attackers
3409	Tell them "I'm not a laborer. I'm here to free you from servitude in the mines."
3410	Attempt to Free 6 Captive Mechagnomes
3411	Interact with gameobject: Ore Cart
3412	Interact with gameobject: Loken's Fury
3413	Interact with gameobject: Loken's Power
3414	Interact with gameobject: Loken's Favor
3415	Slay 10 Nidavelir Stormforged
3416	Tell him "I found this strange armor plate. Can you tell me more about it?"
3417	Interact with gameobject: Heart of the Storm
3418	Interact with gameobject: Jormungar Control Orb.
3419	Control a Jormungar
3420	Stop Controlling the Jormungar
3421	Tell him "King Stormheart sent me to be tested as a frostborn would. I am ready for my test, Fjorlin."
3422	Begin the Test
3423	Fly to the Iron Watcher
3424	Interact with NPC: Snorri
3425	Accompany Snorri
3426	Stop Accompanying Snorri
3427	Bring Fjorn's Anvil to Dun Niffelem
3428	Slain Stormforged Invaders
3429	Ask him "If it please you, King Jokkum, may I know what has become of Krolmir?"
3430	Slay 20 Iron Dwarf Assailants
3431	Interact with NPC: The Guardian's Charge
3432	Interact with NPC: Brann's Flying Machine
3433	Begin Flying with Brann Bronzebeard
3434	Tell him "I'm with you, Thorim."
3435	Congratulations! +106/100 quests for achievement "The Summit of Storm Peaks".
3436	This guide contain quest-chain (142) for Icecrown location.
3437	Slay 15 Forgotten Depths Nerubians
3438	Interact with NPC: Argent Skytalon
3439	Ride an Argent Skytalon
3440	Pick Up Captured Crusaders.
3441	Bring Them to Safety
3442	Bring the Captured Crusaders
3443	Release the Argent Skytalon
3444	Interact with NPC Argent Cannon
3445	Control the Argent Cannon
3446	Slay 100 Scourge Attackers
3447	Stop Controlling the Argent Cannon
3448	On the Skybreaker Airship:
3449	Turn the Leaper
3450	Interact with gameobject: General's Weapon Rack
3451	Move inside the cave
3452	Tell them "Stay with me, friend. I must know what happened here."
3453	Tell them "Travel well, hero of the Alliance!"
3454	Slay 5 Dying Alliance Soldiers
3455	Tell her "It's a pleasure to meet you as well, Archdruid. I am on a task from Tirion and time is short, might I trouble you for a portal to Moonglade?"
3456	Interact with gameobject: Moonglade Portal
3457	Interact with gameobject: Emerald Acorn
3458	Wake from the Dream
3459	Speak with Keeper Remulos
3460	Interact with gameobject: Moonglade Return Portal
3461	Tell him "I challenge you to a duel, Scarlet scum!"
3462	Tell her "Sorry, Tinky, but I can't afford you as a distraction while I'm doing what needs to be done here."
3463	Tell her "I've heard that vrykul women cannot fight at all. If you wish to prove me wrong, you can try."
3464	Tell him "I have bad news for you Onu'zun: I'm gonna have to cut short your dreams!"
3465	Challenge and Defeat 6 Mjordin Combatants
3466	Interact with gameobject: Jotunheim Cage
3467	Set 8 Ebon Blade Prisoners Free
3468	Interact with gameobject: Vrykul Banner
3469	Burn 10 Vrykul Banners
3470	Issue a Challenge Using Bethod's Sword
3471	Beat the Information Out of Apprentice Osterkilgr
3472	Interact with NPC: Nergeld
3473	Slay 15 Jotunheim Vrykul
3474	Interact with gameobject: Lock Gate
3475	Control a Water Terror
3476	Slay 10 Jotunheim Vrykul While Possessing a Water Terror
3477	Stop Controlling the Water Terror
3478	Tell him "Lord-Commander, I would hear your tale."
3479	Listen to Lord-Commander Arete's Tale
3480	Kill Onslaught enemies around this area
3481	Interact with gameobject: Scarlet Onslaught Trunk
3482	Collect Blood from 10 Ravenous Jaws
3483	Beat and kill Captain Hartford for Information
3484	Beat and kill Captain Welsington for Information
3485	Take Control of an Onslaught Gryphon
3486	Interact with gameobject: Eye of the Lich King
3487	Choose "Grasp the Eye of the Lich King and focus your will upon it to scry for important information."
3488	Gain Information for The Bone Witch
3489	Interact with gameobject: Summoning Altar
3490	Interact with gameobject: Cauldron Area Orb Stand
3491	Place the Orb in the Cauldron Area
3492	Interact with gameobject: Abomination Lab Orb Stand
3493	Place the Orb in the Abomination Lab
3494	Interact with gameobject: Flesh Giant Lab Orb Stand
3495	Place the Orb in the Flesh Giant Lab
3496	Escort Father Kamaros to Safety
3497	Interact with gameobject: Embalming Fluid
3498	Interact with gameobject: Blood Orb
3499	Interact with gameobject: Saronite Bomb Stack
3500	Interact with gameobject: Pulsing Crystal
3501	Interact with gameobject: Surface Portal
3502	Escape Naz'anak: The Forgotten Depths
3503	Interact with gameobject: Portal to Shattrath
3504	Teleport to Shattrath City
3505	Interact with gameobject: Bridenbrad's Possessions
3506	Visit the South of Aldur'thar
3507	Visit the Central of Aldur'thar
3508	Visit the North of Aldur'thar
3509	Visit the Northwest of Aldur'thar
3510	Interact with gameobject: Eye of Dominion
3511	Choose <Seize control of an Eidolon Watcher through the eye.>
3512	Seize Control of an Eidolon Watcher
3513	Release the Eidolon Watcher
3514	Tell him "I am prepared to join the assault, Keritose. Do you have a skeletal gryphon ready for me?"
3515	Join the Assault
3516	Stop Riding the Skeletal Gryphon
3517	Choose "Waken the slumbering mjordin to see if it is really the ancient hero, Iskalder."
3518	Interact with gameobject: Battlescar Signal Fire
3519	Interact with gameobject: War Horn of Jotunheim
3520	Move inside the cathedral
3521	Interact with gameobject: Metal Stake
3522	Interact with gameobject: Grasping Arm
3523	Use the Burning Skeleton Minions
3524	You can find Grasping Arms around
3525	Tell him "Let's kill this... thing... and get this over with."
3526	Subdue a Lithe Stalker
3527	Choose <Seize control of a Lithe Stalker through the eye.>
3528	Seize Control of a Lithe Stalker
3529	Chain Scourge Bombs
3530	You can find more Scourge Bombs around
3531	Throw Rocks at Umbral Brutes
3532	Push Iceskin Sentries Off the Cliffs
3533	Release the Lithe Stalker
3534	Interact with gameobject: Refurbished Demolisher
3535	Control the Refurbished Demolisher
3536	Leave the Refurbished Demolisher
3537	Dispel the Vision
3538	Drag and Drop 3 Dark Subjugators
3539	Dark Sample Collected
3540	Green Sample Collected
3541	Blue Sample Collected
3542	Interact with gameobject: Summoning Stone
3543	Defeat Alumeth the Ascended
3544	Interact with gameobject: Bloodstained Stone
3545	Find Out the Prince's Destiny
3546	Wear the Cultist Disguise
3547	Tell him "I'm ready, Highlord."
3548	Begin Following Highlord Tirion Fordring
3549	Witness Tirion's Gambit
3550	Interact with gameobject: Escape Portal
3551	Escape to Crusaders' Pinnacle
3552	Congratulations! +142/140 quests for achievement "Icecrown: The Final Goal".
3553	They look like piles of gray stones on the ground around this area.
