1	He walknside the building.
2	Use them on defeated Erratic Sentries.
3	Use them on floating orange globes around the Spirit Fields near the big crystal.
4	Use it on Felblood Initiates.
5	The Felblood Initiates will transform.
6	This will summon a Living Flare.
7	Flying on your flying mount will cause it to despawn and reset your progress.
8	Kill them until the Living Flare becomes unstable.
9	These drop from Mining veins, herbs, and skinned enemies.
10	Use profession farming guides to farm herbs in Outland zones.
11	Use profession farming guides to farm ore in Outland zones.
12	Use profession farming guides to farm leather in Outland zones.
13	This guide will reset when more become available.
14	Use it on the Emissary's corpse.
15	Fly to the Dead Scar.
16	Drop the bombs on enemies below you.
17	They look like small pink boxes on the ground around this area.
18	Drop the oil on the ship's sails.
19	Swim out to any of the three ships and run up the ramp on the side.
20	This quest requires you to donate ten gold in exchange for 150 Shattered Sun Offensive reputation.
21	Throw the orb on groups of murlocs around this area.
22	Use it on Razorthorn Ravager.
23	Once it is charmed, take it near dirt mounds and use the "Expose Razorthorn Root" ability on your pet bar.
24	They appear after being exposed by a Razorthorn Ravager.
25	They look like various dead NPCs on the ground around this area.
26	Keep opening them until you receive the plans.
27	You need to be in the Moonrest Gardens to use this.
28	Walk to the center of the platform.
29	Use it on the Ley Line Focus.
30	It looks like a large glowing half-circle.
31	He walks a clockwise circle around the Ley Line Focus.
32	Floating underwater.
33	It looks like a large glowing half-circle underwater.
34	Enemies will attack in waves.
35	Assist the NPCs in killing them.
36	NPCs will move to different areas periodically.
37	They look like red stones on the ground near bones and flower patches around this area.
38	They look like huge red dragons on fire.
39	In the middle of the temple.
40	Use "Flame Breath" and "Immolation" to deal damage.
41	"Blazing Speed" will provide you with a 100% speed boost.
42	Use "Renew" frequently to restore health.
43	Use the "Destabilize Azure Dragonshrine" ability on your vehicle bar.
44	Click the "Exit" button to exit the drake.
45	This costs 1,000 gold.
46	You will need flying to complete the "Aces High!" daily.
47	Under the large purple dome.
48	You need these to destroy dragon eggs.
49	They look like large eggs with blue crystals on them on the ground around this area.
50	Use it on a Nexus Drake Hatchling.
51	Stand here under the purple dome until it's captured.
52	On the eastern platform floating in the sky.
53	Using the third ability, "Revivify," build 5 stacks of the buff before engaging.
54	Spam the first ability, build 5 combo points.
55	Immediately use the fifth ability to shield yourself, then recast the third ability "Revivify."
56	Repeat the rotation 1, 1, 1, 1, 1, 5, 3 for each enemy.
57	Always maintain 5 stacks of "Revivify" and 4-5 combo point "Flame Shields."
58	Use the "Exit" button to dismount.
59	You will only be able to accept one quest each day.
60	Walk into the water with the debuff.
61	You must do this within three minutes.
62	A higher Fishing skill increases the chance of a drop.
63	Fish in the "Pool of Blood."
64	This guide will automatically reset when the dailies reset.
65	Your Cooking profession skill must be at least 350 to do Dalaran Cooking dailies.
66	They look like small blue-ish wine glasses sitting on tables and on the ground inside this building.
67	They look like small blue-ish green jugs sitting on the ground inside this building.
68	Kill Rabid Grizzlies and Blighted Elk.
69	You will need a cooking fire to cook with.
70	Click the line above to cook Northern Stew.
71	They look like grouped up blue mushrooms on the ground around this area.
72	You need this recipe to make a Mustard Dog Basket.
73	They look like small bushy yellow flowers on the ground around this area.
74	Click the line above to cook Rhino Dogs.
75	They look like carrots sticking out of the ground at the base of trees around this area.
76	Your Jewelcrafting profession skill must be at least 375 to do Dalaran Jewelcrafting dailies.
77	Prospect it from Northrend ore or purchase it from the auction house.
78	Cobalt Ore has the best chance to yield Chalcedony.
79	Cobalt Ore has the best chance to yield Dark Jade.
80	Cobalt Ore has the best chance to yield Bloodstone.
81	Cobalt Ore has the best chance to yield Huge Citrine.
82	They wander around the area in packs.
83	Cobalt Ore has the best chance to yield Shadow Crystal.
84	Cobalt Ore has the best chance to yield Sun Crystal.
85	It swims around the floating ice.
86	Use it on the Schools of Tasty Reef Fish.
87	This will cause a Reef Bull to come to the spot where you are standing.
88	Keep using them in 20 yard distances to lead it to a cow.
89	You should have plenty to lead it, but remember you only have 10 total.
90	They look like small brown baskets on the shore around these areas.
91	Pitch has to currently be dead for this quest to be offered.
92	Use it on Softknuckles around this area.
93	They look like small baby gorillas.
94	A Hardknuckle Matriarch will eventually spawn.
95	They run all over the village.
96	Use it on Chicken Escapees to prevent them from running.
97	Use this if Zepik is not standing next to you.
98	Use it next to the tall rectangle stone monument.
99	It appears after using the Skyreach Crystal Clusters.
100	It will spawn and attack after helping the Oracle.
101	Protect it as it returns to Rainspeaker Canopy.
102	Stay close and protect it as it returns to Rainspeaker Canopy.
103	Use this if Lafoo is not standing next to you.
104	It walks back and forth near the waterfall.
105	Stand on top of the twinkles of light on the ground all aroud Rainspeaker Canopy.
106	Lafoo will dig up the treasure.
107	He will boot you off the cliff to safety in the water.
108	He comes walking up on a red proto-drake.
109	Zeptek the Destroyer will attack you too.
110	Use this if Moodle is not standing next to you.
111	You will only be able to save some of them.
112	Begin by attacking Artruis until he shields himself.
113	Killing Jaloot will start your path with the Frenzyheart Tribe.
114	Killing Zepik the Gorloc Hunter will allow you to ally yourself with The Oracles.
115	Once you kill Zepik the Gorloc Hunter, finish off Artruis.
116	If you make a mistake, abandon the quest and accept it from Moodle again using his Stress Ball.
117	In the small hut.
118	Use it at the top of the giant rock pillar.
119	When the Aqueous Spirits are weak, use the "Devour Water" ability to eat them.
120	After eating an Aqueous Spirit, you will turn into Haiphoon's Water Form.
121	When the Storm Revenants are weak, use the "Devour Wind" ability to eat them.
122	After eating a Storm Revenant, you will turn into Haiphoon's Air Form.
123	Use it next to Soaked Fertile Dirt piles.
124	They look like mounds of dirt with small trees growing out of them on the ground around this area.
125	You can skip this step if you want to kill 50 enemies without the help of the Spirit Beast.
126	Use the crystals to help you defeat Frenzyheart enemies around this area.
127	Click the "Exit" button on your vehicle bar.
128	Killing Zepik the Gorloc Hunter will start your path with The Oracles.
129	Killing Jaloot will allow you to ally yourself with the Frenzyheart Tribe.
130	Once you kill Jaloot, finish off Artruis.
131	Use it on the corpse of a Sapphire Hive Wasp.
132	Use it on the corpse of a Hardknuckle Charger.
133	Use it on the corpse of Mistwhisper enemies you kill.
134	Use it while standing in the water at the top of the giant stone pillar.
135	They look like large stone statues walking around this area.
136	Use it on the corpses of Stormwatchers you kill.
137	Stand next to the tall stone altar.
138	You may even need to rub against or stand next to it so that you are touching it.
139	Use your traps near Oracles mobs around this area.
140	Up on the mountain in Sifreldar Village.
141	She walks back and forth down the side tunnels to the north and south.
142	She does not walk up or down the ramps.
143	They are sitting on the ground in side tunnels inside the mine.
144	They will attack you after disciplining them.
145	Some tunnels have two levels.
146	They are always the ones standing alone.
147	Use the "Flaming Arrow" ability on your vehicle bar.
148	Icefang will do one full pass and then return to Brijana.
149	Click the "Exit" button on your vehicle bar or wait until Icefang returns to Brijana.
150	Flying in the air chained to the large ice pillars.
151	Use the "Ice Shard" ability on Brunnhildar Prisoners.
152	The Brunnhildar Prisoners look like NPCs trapped in blue blocks of ice around this area.
153	Flying low will put you in range so the giants can attack you, so be careful and quick.
154	Swoop down quickly and then fly back up as soon as "Ice Shard" activates.
155	When your Proto-Drake is holding 3 Brunnhildar Prisoners, start flying toward Brunnhildar Village and it go on autopilot.
156	You will need to do this two more times.
157	You will need to do this one more time.
158	Don't click the Injured Icemaw Matriarch until you finish killing Ravenous Jormungar.
159	The bear runs back to Brunnhildar Village.
160	Return to Bruunhildar Village with the Icemaw Matriarch.
161	Open by using "Charge" on Kirgaraak.
162	Alternate using "Maul" and "Smash" until Kirgaraak is defeated.
163	After every other "Smash" cast, follow it with a "Charge."
164	Open by using "Charge" on Hyldsmeet Warbears.
165	Alternate using "Maul" and "Smash" until Hyldsmeet Warbears are defeated.
166	You drake will automatically fly you up to the spire.
167	Use it on Hyldsmeet Proto-Drake flying around the Temple of Storms high above The Storm Peaks.
168	It will take you minute to fly within range.
169	Each time you use it, you will jump to a new drake so you can kill its rider.
170	They look like light fixtures on the side of stone columns.
171	At the top of the Temple of Storms.
172	They look like large gray rocks on the ground around this area.
173	One Granite Boulder is required to use this item each time.
174	Help the summoned dwarves kill the giants.
175	Help the summoned dwarves kill Fjorn.
176	They respawn quickly.
177	Use the "Gather Snow" ability to gather snow from Snowdrifts.
178	Snowdrifts look like piles of snow on the ground.
179	Use the "Throw Snowball" ability to throw snow at Seething Revenants.
180	It may take a moment for him to phase in.
181	Use it on Dead Iron Giants.
182	They sometimes attack in groups after using the pick.
183	Loot Ambushers for eyes as well.
184	Use it next to Smoldering Scraps.
185	They look like small steaming pieces of spiked metal on the ground around this area.
186	They look like small off-white pieces of horn on the ground all over this area.
187	Use it at the tip of the smaller ice spike near the ground.
188	You can use it while flying.
189	At the tip of the ice spike in the air.
190	They walk around this area.
191	Follow the worg and wait for it to locate an Infiltrator.
192	Stay close to the worg so it doesn't despawn.
193	It will take roughly 60 seconds to locate each Infiltrator.
194	Use it on Everfrost Razor Dead Icemaw Bears inside the cave.
195	They look like spiked brown eggs in the giant nests around these areas.
196	Use it in the nest.
197	Veranus will slowly fly down.
198	You may need to relog for it to appear.
199	Use it on their corpse.
200	This will summon Earthen Helpers to assist you.
201	Thorim will walk forward and confront Loken.
202	It's a huge spear hanging in the air from 2 chains.
203	Use it on a Wild Wyrm flying around in the sky.
204	While fighting the Wild Wyrm, there will be 2 phases to the fight.
205	During phase 1, you will be underneath it.
206	Use the "Grab On" ability to keep your grip high at all times or you wll fall.
207	Spam the "Thrust Spear" ability.
208	When you see the message about the claw attack, use "Dodge Claws" and immediately use "Mighty Spear Thrust" after.
209	During phase 2 , you will be inside the Wild Wyrm's mouth.
210	Spam the "Pry Jaws Open" ability and stack it to 20.
211	After stacking "Pry Jaws" 20 times, use the "Fatal Strike" ability.
212	If you are close to dying before reaching 20 stacks, "Fatal Strike" before you die and hope it kills the Wild Wyrm.
213	Use it on Roaming Jormungars around this area.
214	Fight them until Arngrim the Insatiable comes to eat them.
215	This is a repeatable quest.
216	Turn in all of your Relics of Ulduar between daily quests.
217	You can continue farming up to 10 before turning them in.
218	They look like small blue ice spikes sticking out of the ground.
219	They spawn in random locations around Brunnhildar Village, Dun Niffelem, and Thunderfall.
220	This guide section contains the pre-quests to unlock the daily quests in the Coldarra region of Borean Tundra.
221	The Kaskala region of Borean Tundra does not have any pre-quests to unlock the daily quest that is available there.
222	Stand here until it says Captured Nexus Drake
223	Tell Corastrasza you have the courage to face Malygos drakes
224	She will give you a Wyrmrest Skytalon to ride
225	Before engaging enemies, stack Revivify on yourself 5 times, then target yourself and cast Life Burst
226	Target a Scalesworn Elite flying above Corastrasza.
227	To cause damage, stack Flamestrike five times, then use Engulf in Flames. To keep your health up, stack Revivify 5 times, then target yourself and use Life Burst. Keep Revivify up while Life Burst is in use. Be ready to cast Flame Shield if they cast Arcane Surge.
228	This guide section will walk you through completing the daily quests in the Coldarra region of Borean Tundra.
229	Tell Corastrasza you are ready
230	This guide section will walk you through completing the daily quests in the Kaskala region of Borean Tundra.
231	There are no pre-quests needed to unlock the daily quest offered in this guide section.
232	Click baskets on the shore
233	This guide section contains the pre-quest to unlock the Cooking daily quests in Dalaran.
234	This quest is only available to you if you have 350+ Cooking skill.
235	This guide section contains the pre-quest to unlock the Jewelcrafting daily quests in Dalaran.
236	This quest is only available to you if you have 375+ Jewelcrafting skill.
237	This quest is only available once you have 375+ Jewelcrafting skill.
238	Go the the Auction House in a major city:
239	Buy 1 Chalcedony
240	If you don't want to, or can't, buy the Chalcedony, you can also try to get one by mining or prospecting.
241	This guide section will walk you through completing the Cooking daily quests in Dalaran.
242	You can find more Half Full Glasses of Wine inside the building at 49.4,39.3
243	At 50.3,48.3
244	At 37.2,43.9
245	they looke like carrots sticking out of the ground, at the base of trees around this area underneath Dalaran.  They spawn in random locations around this area.
246	This guide section will walk you through completing the Fishing daily quests in Dalaran.
247	You will only be able to accept, and turn in, 1 of these 5 daily quests per day:
248	Get the Animal Blood buff
249	Walk into the water here to create a pool of blood
250	Fish in the pool of blood
251	Fish in thisbig lake
252	Fish in the water in the Dalaran sewers
253	Stand on the this circular platform and fish in the water here
254	Click the Bloated Slippery Eel in your bags
255	Fish in the water here
256	Click the Phantom Ghostfish in your bags to eat it
257	Discover the Ghostfish mystery
258	This guide section will walk you through completing the Jewelcrafting daily quests in Dalaran.
259	You will only be able to accept, and turn in, 1 of these 6 daily quests per day, and they all require you have 375+ Jewelcrafting skill:
260	Buy 1 Dark Jade
261	If you don't want to, or can't, buy the Dark Jade, you can also try to get one by mining or prospecting.
262	Buy 1 Bloodstone
263	If you don't want to, or can't, buy the Bloodstone, you can also try to get one by mining or prospecting.
264	Use your Vrykul Amulet in your bags
265	Buy 1 Huge Citrine
266	If you don't want to, or can't, buy the Huge Citrine, you can also try to get one by mining or prospecting.
267	Use your Elemental Armor Scrap in your bags
268	Buy 1 Shadow Crystal
269	If you don't want to, or can't, buy the Shadow Crystal, you can also try to get one by mining or prospecting.
270	Use your Northern Ivory in your bags
271	Use your Proto Dragon Bone in your bags
272	Buy 1 Sun Crystal
273	If you don't want to, or can't, buy the Sun Crystal, you can also try to get one by mining or prospecting.
274	Use your Scourge Curio in your bags
275	The entrance to the cave starts here
276	Use your Iron Drawf Brooch in your bags
277	This guide section contains the pre-quests to unlock the daily quests in the Wyrmrest Temple region of Dragonblight.
278	The Moa'ki Harbor region of Dragonblight does not have any pre-quests to unlock the daily quest that is available there.
279	Fly to Star's Rest
280	This guide section will walk you through completing the daily quest in the Moa'ki Harbor region of Dragonblight.
281	This guide section will walk you through completing the daily quest in the Wyrmrest Temple region of Dragonblight.
282	This guide section contains the pre-quests to unlock the daily quest in the Granite Springs region of Grizzly Hills.
283	The Blackriver Logging Camp, Blue Sky Logging Grounds, and Venture Bay regions of Grizzly Hills
284	do not have any pre-quests to unlock the daily quests that are available in those regions.
285	This guide section will walk you through completing the daily quest in the Blackriver Logging Camp region of Grizzly Hills.
286	Kill Horde Players or Conquest Hold Raiders in the Blackriver Logging Camp
287	Kill 10 Horde in Blackriver
288	This guide section will walk you through completing the daily quests in the Blue Sky Logging Grounds region of Grizzly Hills.
289	There are no pre-quests needed to unlock the daily quests offered in this guide section.
290	Use Renewing Bandages on Wounded Wesfall Infantry
291	Heal 10 Westfall Infantry
292	Click Grooved Cogs, Notched Sprockets, and High Tension Springs on the ground of the Blue Sky Logging Grounds
293	Kill Horde Players or Wounded Skirmishers in the area
294	Eliminate 15 Horde units
295	Find the Broken-down Shredder that spawns. Blizzards quest helper will mark it on your map for you.
296	Click the Broken-down Shredder to get inside it
297	Use your abilities on your hot bar to return the shredder to Synipus
298	Deliver 3 Shredders
299	This guide section will walk you through completing the daily quest in the Granite Springs region of Grizzly Hills.
300	Burn 30 Scourge Trolls
301	This guide section will walk you through completing the daily quests in the Venture Bay region of Grizzly Hills.
302	If he's not there, then you have to take control of Venture Bay for the Alliance
303	To take control of Venture Bay for the Alliance, go to 15.1,88.0
304	Hide behind the lighthouse in between the 2 big brown rocks. Flag yourself for PvP and a bar will appear under your minimap. Sit here until the bar marker is all the way to the left, this will make Commander Howser spawn.
305	Toss the Smoke Bomb into the buildings to smoke out Venture Co. Stragglers
306	Building one can be found at 18.0,79.6
307	Building two can be found at 16.4,76.6
308	Building three can be found at 14.6,76.7
309	Smoke out 20 Venture Company Stragglers
310	Kill Horde Players or Conquest Hold Berserker in Venture Bay
311	Kill 10 Horde in Venture Bay
312	Click the Element 115 in the back room of the ship
313	It looks like a red canister with a handle on the top
314	On the next step you will guide a rocket into this Horde Lumberboat
315	Your target will be the wooden X on the back
316	Go to 13.6,88.9
317	You will want to use your keys, not your mouse, to guide the rocket
318	Avoid icebergs or the rocket will explode and you will have to start over
319	Click a red rocket to take control of one
320	Hit the wooden X on the back of the Horde Lumberboat
321	Destroy the Horde Lumberboat
322	This guide section contains the pre-quests to unlock the daily quest in the Kamagua and Steel Gate regions of Howling Fjord.
323	The Westguard Keep region of Howling Fjord does not have any pre-quests to unlock the daily quest that is available there.
324	Go northwest across the Ancient Lift to 25.0,57.0
325	This guide section will walk you through completing the daily quest in the Apothecary Camp region of Howling Fjord.
326	This guide section will walk you through completing the daily quest in the Kamagua region of Howling Fjord.
327	This guide section will walk you through completing the daily quest in the Westguard Keep region of Howling Fjord.
328	If you have a flying mount you can just fly onto the boats and kill the pirates and cannons
329	If you do not have a flying mountm wait for the zeppelin to come back, if it is there already, then get on it
330	This guide section contains the quest path for the entire Icecrown zone, which includes the pre-quests
331	to unlock the daily quests in the Orgrim's Hammer, Ymirheim, Aldur'Thar, Shadowvault, and Death's Rise regions of Icecrown.
332	The Argent Tournament Grounds pre-quests are not included in this guide section.
333	Click Webbed Crusaders
334	They look like white squirming cocoons on the ground around this area.
335	Click an Argent Skytalon dragon to ride it
336	They look like dragons under white canopies.
337	Once you pick up a Captured Crusader, fly to 86.9,76.5
338	It looks like a white cannon on top of a wall tower.
339	You can find another Forgotten Depths High Priest at 76.2,61.0
340	Go south to Crystalsong Forest
341	Click Crystalline Heartwood
342	They look like pink glowing tree stumps on the ground around this area.
343	Click Ancient Elven Masonry
344	They look like blue stone pieces of a building on the ground around this area.
345	You can find more Ancient Elven Masonry around 79.6,61.3
346	Go northwest to Icecrown
347	Click Emerald Acorns
348	They look like brown pinecones on the ground around this area.
349	Click the Moonglade Return Portal that appears next to you
350	Fly to Wyrmrest Temple in Dragonblight
351	Click the Dahlia's Tears
352	They look like yellow flowers on the ground.
353	Fly to Crusaders' Pinnacle in Icecrown
354	The Skybreaker flies in a circular pattern using these points:
355	Point 1: 57.4,37.2
356	Point 2: 64.4,55.4
357	Find The Skybreaker flying around in the sky
358	On you world map, it looks like a blue ship icon with 2 spiky balls on either side of it.
359	On the Skybreaker airship:
360	Follow the Alliance troops up the mountain and help them fight
361	Escort the Alliance troops into Ymirheim
362	At least 4 Alliance troops must survive.
363	The entrance to the cave starts here, go inside the cave
364	Talk to Saronite Mine Slaves
365	Tell them they're free, get out of here!
366	Rescue 10 Saronite Mine Slaves
367	Go outside the cave
368	Click Geargrinder's Jumpbot to get in the robot
369	Use your Jump Jets ability to jump up the mountain to this spot
370	This spot is the peak of the mountain.
371	Use your Plant Alliance Battle Standard ability next to the Ymirheim Peak Skulls
372	The Ymirheim Peak Skulls look like a big pile of skulls at the peak of the mountain, next to 2 blue flame torch lights.
373	Plant the Alliance Battle Standard
374	Click the red arrow button on your vehicle hotbar to get out of the robot
375	Click the Skybreaker Suppression Turret to control the gun on the airplane
376	You will fly off in the airplane:
377	Use your Suppression Charge ability on the cannons on the ground to stun them as you fly around
378	Drop 4 Skybreaker Infiltrators
379	Ask him what happened here
380	Question the Dying Soldier
381	Tell 5 Dying Soldiers to travel well
382	Kill 5 Dying Alliance Soldiers
383	Click Abandoned Armor
384	They look like metal armor chestpieces laying on the ground around this area.
385	Click Abandoned Helm
386	They look like metal helmets laying on the ground around this area.
387	Click Piles of Bones
388	They look like small piles of bones laying on the ground around this area.
389	Use Smuggled Solution 3 times
390	Conduct 3 Field Tests
391	Kill 5 Hulking Abominations
392	Kill 5 Malefic Necromancer
393	Kill 5 Shadow Adept
394	Use your Abomination Reanimation Kit
395	With your control Abomination, go to 69.1,61.6
396	Use your Burst at the Seams ability to explode the mobs around this area
397	Keep repeating this process until you:
398	Explode 15 Icy Ghouls
399	Explode 15 Vicious Geists
400	Explode 15 Risen Alliance Soldiers
401	Visit Aldur'thar South
402	Visit Aldur'thar Central
403	Visit Aldur'thar North
404	Visit Aldur'thar Northwest
405	Fly up to and land on the platform at 54.0,42.9
406	Tell her to give you a bomber!
407	You fly off in an airplane:
408	Use the 3 different modes on the right side of your hotbar to shoot rockets, drop bombs, or repair your airplane
409	Shoot rockets at the gargoyles that fly behind you (you have to aim it)
410	Drop bombs on the mobs below
411	Use your Charge Shield ability to keep your airplane's defense up
412	Use your Fight Fire ability to put out fires on your airplane
413	Click the red arrow to get out of the plane
414	Use your Eyesore Blaster on The Ocular
415	The Ocular is a huge blue glowing eye at the very top of the Shadow Vault.
416	Destroy The Ocular
417	Use your Sovereign Rod on The Leaper's corpse
418	Turn The Leaper
419	Use your Sovereign Rod on Vile's corpse
420	Turn Vile
421	Use your Sovereign Rod on Lady Nightswood's corpse
422	Turn Lady Nightswood
423	The entrance to the Shadow Vault starts here
424	Click the General's Weapon Rack
425	General Lightsbane spawns
426	Leave the Shadow Vault
427	Kill Overseer Faedris
428	He's standing in a tent.
429	Use your Orbs of Illusion on Dark Subjugators
430	Drag and drop 3 Dark Subjugators
431	Kill Overseer Jhaeqon
432	Kill Overseer Veraj
433	He's standing under a white canopy.
434	Use your Partitioned Flask next to the big cauldron with purple smoke
435	Collect the Dark Sample
436	Use your Partitioned Flask next to the big cauldron with green smoke
437	Collect the Green Sample
438	Use your Partitioned Flask next to the big cauldron with gray or blue smoke
439	Collect the Blue Sample
440	Kill Overseer Savryn
441	Watch out for the Mjordin Combatants. They will attack you!
442	Challenge him to a duel
443	Defeat Efrem the Faithful
444	Tell her you can't afford her as a distraction
445	Defeat Tinky Wickwhistle
446	Use your Challenge Flag on Mjordin Combatants to challenge them
447	Challenge and defeat 6 Mjordin Combatants
448	Tell her you heard vrykul women cannot fight at all
449	Defeat Sigrid Iceborn
450	Tell him you have bad news for him
451	Defeat Onu'zun
452	Click the Jotunheim Rapid-Fire Harpoon
453	Shoot down 15 Jotunheim Proto-Drakes
454	Hearth to The Shadow Vault
455	The entrance to the Ufrang's Hall starts here
456	Use your Shadow Vault Decree on Thane Ulfrang the Mighty
457	Leave Ufrang's Hall
458	Use your Diluted Cult Tonic
459	This gives you a buff that allows you to collect Tainted Essences from dead cultists in Aldur'thar.  If you lose the buff, use this again.
460	Use a Tainted Essence to combine them
461	Use your Rod of Siphening on the Enslaved Minion corpses
462	Click the Summoning Stone
463	Summon the Dark Messenger
464	Use your Writhing Mass next to the big cauldron
465	Banish the Writhing Mass
466	Some classes may need to get in a three-man group for the next quest
467	Go into the building at 51.9,32.7
468	Use a Cult of the Damned Research Page to combine them
469	Use your Ebon Blade Banner on the Jotunheim vrykul corpses
470	Plant 15 Ebon Blade Banners near vrykul corpses
471	Click Jortunheim Cages
472	They look like wooden cages on the ground around this area.
473	Set free 8 Ebon Blade Prisoners
474	Click Vrykul Banners
475	They look like big wooden posts with red banners hanging from them around this area.
476	Burn 10 Vrykul banners
477	The entrance to The Underhalls starts here
478	Use Bethod's Sword in the middle of the room
479	Issue a challenge using Bethod's Sword
480	Beat the information out of Apprentice Osterkilgr
481	Click Dr. Terrible's "Building a Better Flesh Giant" in your bags
482	Click Nergeld to control him
483	He's a big undead monster.
484	Use Nergeld's abilities to kill Dr. Terrible
485	The best way to kill Dr. Terrible is to knock him, and all the other mobs, away using Nergeld's shout ability.  Then, target Dr. Terrible and pull him close with Nergeld's chain ability.  When Dr. Terrible is close to you, use Nergeld's punch ability to get his health down quickly.  When Dr. Terrible tries to heal, use Nergeld's shout ability to interrupt him, then pull him close again and resume punching him.
486	Leave The Underhalls
487	Click the huge Lock Gate to control a Water Terror
488	Use the Water Terror's abilities to kill mobs around this area
489	Slay 10 Jotunheim vrykul while possessing a Water Terror
490	Click the red arrow on your vehicle hot bar to stop controlling the Water Terror
491	The entrance to Kul'galar Keep starts here
492	Click the Eye of the Lich King
493	It's a blue floating ball up on a stage.
494	Grasp the Eye of the Lich King and focus
495	Gain information for The Bone Witch
496	Leave Kul'galar Keep
497	The entrance to the Halls of the Ancestors starts here
498	Waken them to see if it is Iskalder
499	Use The Bone Witch's Amulet on Iskalder
500	Bring Iskalder back to The Bone Witch at 32.5,42.9
501	Deliver Iskalder to The Bone Witch
502	Click a Summoning Altar
503	They look like small stone stages with green summoning circles on them on the ground around this area.
504	Investigate a Summoning Altar
505	Click the Cauldron Area Orb Stand
506	It looks like a square metal table with a small blue glowing ball on top of it.
507	Place the orb in the Cauldron Area Orb Stand
508	Click the Abomination Lab Orb Stand
509	Place the orb in the Abomination Lab Orb Stand
510	Click the Flesh Giant Lab Orb Stand
511	Place the orb in the Flesh Giant Lab Orb Stand
512	Use your Master Summoner's Staff next to the green summoning altar
513	You can use the staff while on your flying mount, hovering above the summoning altar a little.  You don't have to land.
514	Destroy the First Summoning Altar
515	Destroy the Second Summoning Altar
516	Destroy the Fourth Summoning Altar
517	Destroy the Third Summoning Altar
518	Attack the vats of Embalming Fluid
519	They look like big glass balls half full of green liquid with 4 metal legs holding them around this area.
520	Destroy 5 Vats of Embalming Fluid
521	Attack the Blood Orbs
522	They look like small glass balls half full of red liquid floating above small metal pillars around this area.
523	Shatter 5 Blood Orbs
524	Click the Jagged Shard in your bags
525	Click the Saronite Bomb Stack
526	It looks like a pile of big spiked round bombs.
527	Click the Pulsing Crystal underwater
528	This is underground in Naz'anak: The Forgotten Depths.
529	They look like elephant men with squid arms underground in Naz'anak: The Forgotten Depths.
530	Click the Surface Portal
531	It looks like a small round green and black portal underground in Naz'anak: The Forgotten Depths.
532	Go to the surface
533	Use your Bag of Jagged Shards while standing on the big platform with fire shooting out of it
534	Click the Refurbished Demolisher to drive it
535	It looks like a big wooden catapult machine.
536	Use the catapult's abilities around this area to:
537	Use your abilities as Arthas to kill Lordaeron Footsoldiers and turn them into Ghoulish Minions
538	Raise 100 Ghoulish Minions
539	Click the red arrow on your vehicle hot bar to stop controlling Arthas
540	Use your Barricade Construction Kit near the floating orbs that glow pink
541	Construct 8 Barricades
542	Use the Dart Gun on Orgrim's Hammer Scouts
543	They are flying up in the air on purple dragons
544	When they hit the ground, fly down and loot their bodies
545	Click an Eye of Domination
546	They look like red globes floating above small metal pillars.
547	Sieze Control of an Eidolon Watcher
548	Use your Eidolon Watcher abilities around this area to:
549	Feed 18 Hungering Plaguehounds
550	Assassinate 20 Restless Lookouts
551	Banish 10 Scourge Crystals
552	The Scourge Crystals look like big crystals floating above small stone pillars around this area.
553	Tell him you are prepared to join the assault
554	Use your Firebomb ability as you fly around to:
555	Slaughter 80 Weeping Quarry Undead
556	Click the red arrow on your vehicle hot bar to stop riding the skeleton mount
557	Click the Weeping Quarry Schedule
558	It looks like a rolled up white scroll laying on the back of this wagon, next to a bunch of wooden boxes.
559	Click the Weeping Quarry Map
560	It looks like a tan piece of paper laying on a wooden box, next to a bunch of wooden boxes and a canopy.
561	Click the Weeping Quarry Ledger
562	It looks like a rolled up white scroll laying on the corner of a wooden box, under a canopy.
563	Click the Weeping Quarry Document
564	It looks like an unrolled white scroll with black writing on it, laying on the corner of a wooden box, under a canopy.
565	Click a Njorndar Proto-Drake to ride it
566	Use your Proto-Drake abilities near the buildings around this area to:
567	Burn 8 Vrykul Buildings
568	Click the red arrow on your vehicle hot bar to stop riding the Njorndar Proto-Drake
569	Tell him you would hear his tale
570	Use Darkmender's Tincture on the Onslaught mobs' corpses
571	Transform 10 Scarlet Onslaught Corpses
572	Click Scarlet Onslaught Trunks
573	Click the Note from the Grand Admiral in your bags
574	They are sharks in the water.
575	Use your Gore Bladder on their corpses
576	Collect 10 Blood from Ravenous Jaws
577	Standind on the top deck of the ship, next to the wooden steering wheel.
578	Beat and kill Captain Hartford for information
579	Beat and kill Captain Welsington for information
580	Use your Onslaught Gryphon Reins in your bags
581	Take control of an Onslaught Gryphon
582	Use the Deliver Gryphon ability on your gryphon hotbar next to Uzo Deathcaller
583	He's standing on a bunch of scattered straw on the ground.
584	Deliver the Onslaught Gryphon to Uzo Deathcaller
585	Use your Bone Gryphon in your bags
586	Ride a Bone Gryphon
587	Use your Bone Gryphon abilities to:
588	Get to a safe place and click the red arrow on your vehicle hot bar to stop riding the Bone Gryphon
589	The entrance to the Sanctum of Reanimation starts here
590	Use Olakin's Torch on Festering Corpses
591	They look like dead soldiers on the ground inside this cave.
592	Burn 7 Festering Corpses
593	Follow the path in the cave to this spot
594	Click the Metal Stake
595	It looks like a big metal spike sticking out of the ground.
596	Free Patches
597	Help Patches kill Doctor Sabnok
598	Leave the Sanctum of Reanimation
599	Click Grasping Arms
600	They look like green arms on the ground that reach up sometimes.
601	Get a Burning Skeleton minion
602	With a Burning Skeleton minion, go to 32.2,71.2
603	Stand next to Chained Abominations with your Burning Skeleton to burn them
604	They look like fat white abominations chained to the big spikes around the edge of this platform.
605	Burn 3 Chained Abominations
606	Click the Spool of Thread
607	It looks like a red spool with white thread wound on it, sitting on a small metal chest with a skull on it, in a small side room in the Sanctum of Reanimation.
608	Follow the path in the cave all the way to the end into the doctor's big lab.
609	Click The Doctor's Cleaver
610	It looks like a butcher's cleaver stuck in a bloody metal table.
611	Follow the path in the cave back up into the main entrance room of the cave
612	Use Crusader Olakin's Remains while standing on the big black stone slab made of skulls
613	Revive Crusader Olakin Sainrith
614	Escort Father Kamaros to safety
615	Click a Bloodstained Stone
616	They look like pointed rocks on the ground around this area.
617	Fight Illidan using your Arthas abilities
618	The best way to kill Illidan is to just keep parrying his attacks until your mana is full.  Once your mana is full, use your knockback ability, followed immediately by your Annihilate ability.  Keep repeating this process until Illidan is dead.
619	Find out the Prince's Destiny
620	Fight a Lithe Stalker until you see a message in your chat that it's weak
621	You can find Lithe Stalkers up on this high bridge.
622	Use your Sigil of the Ebon Blade on a weakened Lithe Stalker
623	Bring the Lithe Stalker off the bridge to 55.4,70.8
624	Return the Subdued Lithe Stalker
625	Explore the Altar of Sacrifice
626	Explore the Runeworks
627	Explore the Blood Forge
628	Explore the Icy Lookout
629	Click the Eye of Domination
630	It looks like a red globe floating above a small metal pillar.
631	Seize control of a Lithe Stalker
632	Start 5 Worker Fights
633	To start a Worker Fight, use your Lithe Stalker Throw Rock ability on Umbral Brutes when they get close to the skeletons around this area.
634	Deliver 4 Scourge Bomb Gifts
635	The Scourge Bombs look like spiked round metal bombs on the ground around this area.  Use your Lithe Stalker Iron Chain ability on the Scourge Bombs.  Then, drag the Scourge Bombs next to Lumbering Atrocities.  Lumbering Atrocities look like abominations around this area.
636	Use your Lithe Stalker Leap ability to jump up the cliff to this spot.
637	Destroy 12 Iceskin Sentries
638	The Iceskin Sentries look like gargoyles sitting high up on the cliffside.  Use your Lithe Stalker Leap ability to jump around to them.  Once you get close to them, use your Lithe Stalker Heave ability to destroy them.
639	Click the red arrow on your hot bar to stop controlling a Lithe Stalker
640	Use your Cultist Acolyte's Hood
641	Become disguised as a cultist
642	Tell him you're ready and follow him into the cathedral
643	See Tirion's Gambit
644	Click the Escape Portal that appears after the cutscene
645	This guide section contains the pre-quests to unlock most of the daily quests in the Argent Tournament Grounds region of Icecrown.
646	You will need to achieve the Crusader title, using the Crusader Title Guide section in the Icecrown section, to unlock more daily quests.
647	Equip the Alliance Lance in your bags
648	Click to mount the Stabled Quel'dorei Steed
649	Listen to Valis Windchaser's advice
650	Listen to Rugan Steelbelly's advice
651	Listen to Jeran Lockwood's advice
652	Target a Melee Target
653	If you don't want to kill your mount be sure to keep your Defend ability maxed out at 3 stacks
654	Use your Thrust ability to attack the target 5 times
655	Target a Charge Target from a distance
656	Use Shield-Breaker ability until you notice the targets Defend is gone
657	Use your Charge ability on the Charge Target 2 times
658	Target a Ranged Target from a distance
659	Use Shield-Breaker ability on Ranged Target to bring it's shields down
660	Use Shield-Breaker ability on Ranged Target twice, while it's shields are down
661	Click the red arrow on your hotbar to stop riding the steed mount
662	This guide section will walk you through completing your race's Aspirant Rank dailies
663	in order to achieve Argent Tournament Grounds Valiant Rank with your own race.
664	Use the Warts-B-Gone Lip Balm
665	Target Lake Frogs
666	Use the emote /kiss on the Lake Frogs
667	Repeat this process until one of the Lake Frogs turns into the Maiden of Ashwood Lake
668	Click Winter Hyacinth
669	Use Winter Hyacinths in the water here
670	Listen to the Maiden of Drak'Mar
671	Click the Blade of Drak'Mar that spawns
672	Use the Everburning Ember on Maiden of Winter's Breath
673	This guide section will walk you through completing your race's Valiant Rank dailies
674	in order to achieve Argent Tournament Grounds Champion Rank with your own race.
675	You must have completed the Argent Tournament Grounds Aspirant Rank Dailies guide section
676	in order to have access to the quests in this guide section.
677	You must turn in the Up To The Challenge quest before you can accept this quest.  The Up To The Challenge quest is turned in at the end of the ARGENT TOURNAMENT GROUNDS DAILIES (ASPIRANT RANK) guide section.
678	Tell him you are ready to fight!
679	Use your Defend ability on your hotbar to max your shield out at 3 charges before telling Squire David this.
680	An Argent Valiant runs up on a horse
681	Use the abilities on your hotbar to defeat the Argent Valiant
682	The best strategy to defeat the Argent Valiant is to always make sure your shield is up by using your Defend ability.  Then, use your Shield-Breaker ability to bring down the Argent Valiant's shield.  When his shield is down, use your Charge ability on him.  Keep repeating this process until he is defeated.
683	Defeat the Argent Valiant
684	Click to mount the Stabled Campaign Warhorse
685	They are skeletons that walk around this area.  You can simply run over these with your horse, you don't need to target or attack them at all.
686	They are gargoyles that fly around this area.  Use your Shield-Breaker ability on them, while also using your Defend ability to keep your shield maxed at 3 charges.
687	They ride horses around this area.  Use your Shield-Breaker ability on then to bring down their shields, then use your Charge ability on them.  Also, keep your shield maxed at 3 by using your Defend ability.  If they get too close, you can also use your Thrust ability to do a good amount of damage, but just remember to keep your shield maxed at 3 charges.
688	Click the red arrow on your vehicle hot bar to stop riding the horse
689	Click to mount the Stabled Exodar Elekk
690	Talk to the riders on mounts of other Alliance races
691	Tell them you are ready to fight!
692	Fight and defeat them
693	Use your Defend ability to keep your shield maxed at 3 charges, then use your Shield-Breaker to lower the Valiants' shields, then use your Charge ability on them.  If they get close, use your Thrust ability, then use your Charge ability when they run away to get into Charge range.  Just remember to keep your shield maxed at 3 charges.
694	Click to mount the Stabled Ironforge Ram
695	Click to mount the Stabled Stormwind Steed
696	Click to mount the Stabled Darnassian Nightsaber
697	Click to mount the Stabled Gnomeregan Mechanostrider
698	Make sure you have 25 Valiant Seals:
699	If you do not have 25 Valiant's Seals, keep repeating the daily quests in this guide section.  It takes 5 days of doing these Valiant Rank dailies to get 25 Valiant's Seals.
700	An Argent Champion runs up on a horse
701	Use the abilities on your hotbar to defeat the Argent Champion
702	The best strategy to defeat the Argent Champion is to always make sure your shield is up by using your Defend ability.  Make sure your shield is stacked to 3 charges before you begin the fight.  When the fight begins, immediately use your Charge ability on the Argent Champion.  Stay in very close range and spam your Thrust ability.  Remember to keep your shield maxed at 3 charges, also.  Eventually, the Argent Champion will try to run away to get into Charge range.  When he starts to run away, start spamming your Charge ability until you charge him in the back, then get back into melee range and start spamming your Thrust ability again.  Keep repeating this process until he is defeated.
703	You must be a Death Knight to do the quests in this Argent Tournament Grounds guide section.
704	Also, you must have completed the Argent Tournament Grounds Valiant Rank Dailies guide section.
705	You must have turned in the quest The Black Knight's Fall from the ATG Black Knight Quest Chain guide section in order to be able to get this daily quest.
706	Talk to the riders on mounts around this area
707	The best strategy to defeat the Champion riders is to always make sure your shield is up by using your Defend ability.  Make sure your shield is stacked to 3 charges before you begin the fight.  When the fight begins, immediately use your Charge ability on the Champion rider (use your Shield-Breaker ability as you circle around to come back to the Champion rider, if possible).  Stay in very close range and spam your Thrust ability.  Remember to keep your shield maxed at 3 charges, also.  Eventually, the Champion rider will try to run away to get into Charge range.  When he starts to run away, start spamming your Charge ability until you charge him in the back (use your Shield-Breaker ability as you circle around to come back to the Champion rider, if possible), then get back into melee range and start spamming your Thrust ability again.  Keep repeating this process until he is defeated.
708	Click the red arrow on your hotbar to get off your mount
709	The best strategy to defeat the Boneguard Commanders is to always make sure your shield is up by using your Defend ability.  Make sure your shield is stacked to 3 charges before you begin the fights.  When the fights begin, immediately use your Charge ability on the Boneguard Commanders (use your Shield-Breaker ability as you circle around to come back to the Boneguard Commanders, if possible).  Stay in very close range and spam your Thrust ability.  Remember to keep your shield maxed at 3 charges, also.  Eventually, the Boneguard Commanders will try to run away to get into Charge range.  When they start to run away, start spamming your Charge ability until you charge them in the back (use your Shield-Breaker ability as you circle around to come back to the Boneguard Commanders, if possible), then get back into melee range and start spamming your Thrust ability again.  Keep repeating this process until you kill 3 Boneguard Commanders.  Also, it may help you try to party with other players while doing this quest, as it will get done much faster and there are always other players in this area doing this same daily quest.
710	You will need to get a group of at least 3 people to do the daily quest in the next step of the guide.  Find a group, it should be pretty easy because there are always other players doing this quest.
711	This is how this fight will happen:
712	You will pull Chillmaw first and fight him until he is at about 75% health.  At that point, a Cultist Bombardier will spawn to help Chillmaw fight.  Kill the Cultist Bombardier IMMEDIATELY, as they do alot of damage, compared to Chillmaw.  Continuing fighting Chillmaw and 2 other Cultist Bombardiers will spawn: 1 when Chillmaw is at about 50% health, and 1 when Chillmaw is at about 25% health.  Again, kill the Cultist Bombardiers immediately when they spawn and this fight will be a fairly easy one.
713	Chillmaw is a big skeletal dragon that flies around this area.
714	You must NOT be a Death Knight to do the quests in this Argent Tournament Grounds guide section.
715	In order to be able to complete the quests in this guide section, you must already be Exalted
716	with the Darkspear Trolls, Orgrimmar, Silvermoon City, Thunder Bluff, and Undercity factions.
717	Also, you must have already become a Champion with each of those factions,
718	using the Crusader Title Guide in the Icecrown section of the Dailies guide.
719	You will only be able to accept, and turn in, 1 of these 2 daily quests per day:
720	He's standing in a small pit area.
721	Click Discarded Soul Crystals
722	They look like small blue-glowing crystals laying on the ground around this area.
723	Use your Light-Blessed Relic on Fallen Hero's Spirits
724	Bless 6 Fallen Hero's Spirits
725	Use your Mistcaller's Charm while standing inside this cave, next to the blue floating crystal
726	Use Kvaldir War Horn next to the bonfire
727	Use your Captured Kvaldir Banner on the deck of the Bor's Fury ship
728	Click a Stabled Argent Hippogryph to ride it
729	Use your Flaming Spears on North Sea Kraken and Kvaldir Deepcallers while flying
730	Hurl Spears at 6 North Sea Kraken
731	This Argent Tournament Grounds guide section unlocks a Champion Rank group daily quest.
732	We recommend you complete the Argent Tournament Grounds Valiant Rank Dailies guide section,
733	and achieve Champion Rank with your race, before doing this quest chain.
734	Starting this quest chain when you are already Champion Rank will allow you to do the entire quest chain
735	without having to switch back and forth between guide sections, allowing you to get it done much faster and more efficiently.
736	You will be unable to get some quests in this quest chain if you are not already at Champion Rank with The Argent Tournament Grounds.
737	Click the Dalaran Portal to Stormwind City
738	Click the Dusty Journal
739	It's a blue open book laying on the floor inside this house.
740	Hearth to Silver Covenant Pavilion
741	Click Sir Wendell's Grave
742	Investigate Sir Wendell Balfour's Death
743	Click Lorien's Grave
744	Investigate Lorien Sunblaze's Death
745	Click Connall's Grave
746	Investigate Connall Irongrip's Death
747	Use your Large Femur on Maloric while standing behind him
748	Loot Maloric
749	Use your Enchanted Bridle next to the Black Knight's Gryphon
750	Take the Black Knight's Gryphon
751	He will take you to an island.
752	Click the Stolen Tournament Invitation
753	It looks like a flat scroll laying on top of a wooden barrel in this tiny house.
754	Click the Black Knight's Orders
755	It looks like a rolled up scroll laying on a small wooden crate in this tiny house.
756	Click to mount the Stabled Argent Warhorse
757	Ask him to summon the Black Knight.
758	The Black Knight will run up to you on his gryphon
759	Fight the Black Knight
760	This is a really easy fight, but it has 2 phases.  For the first phase, use your abilities to fight him in jousting.  After you've almost killed him, he will get off his gryphon and challenge you to fight him in hand-to-hand combat.  You will automatically dismount your horse, so don't click the red arrow button.  Once you are dismounted from your horse, make sure to equip your weapon again, so you can fight him.  Then, just fight him like a normal mob and kill him.
761	Stand next to the tombstone that has a purple and pink swirl around it
762	You must stay near the tombstone for it to complete
763	Investigate the Black Knight's Grave
764	Congratulations! You've reached the end of this section.
765	They are flying up in the air on purple dragons.
766	There are elites and grouped mobs on the ground.
767	Frostbrood Skytalons Destroyed
768	Shoot rockets at the gargoyles and sentries that fly around you (you have to aim it)
769	Shoot rockets at the gargoyles that fly around you (you have to aim it)
770	This guide section will walk you through completing the daily quests in the Shadowvault region of Icecrown.
771	Click a Jotunheim Rapid-Fire Harpoon to control it
772	Use your Jotunheim Rapid-Fire Harpoon abilities to shoot at the Jotunheim Proto-Drakes that fly around this area
773	Shoot down 15 Jotunheim Proto-Drakes & Their Riders
774	Click the red arrow on your hotbar to stop controlling the Jotunheim Rapid-Fire Harpoon
775	This guide section will walk you through completing the daily quests in the Death's Rise region of Icecrown.
776	Use your Bone Gryphon in your bags while in Onslaught Harbor
777	This guide section will walk you through completing the daily quests
778	for The Silver Covenant faction in the Argent Tournament Grounds area of Icecrown.
779	You will only be able to accept, and turn in, 2 of these 5 daily quests per day:
780	Click Black Cages
781	They look like big sqaure cages around this area.
782	Rescue 4 Captive Aspirants
783	Click the Black Cage
784	It looks like big sqaure cage up on this platform.
785	Rescue Kul the Reckless
786	Click a Bucket of Fresh Chum
787	They looks like wooden buckets on the deck of this ship.
788	Use the Fresh Chum in your bags
789	They spawn underwater around this area when you use the Fresh Chum.
790	Click Stolen Tallstrider Legs
791	They look like chicken legs laying on objects and on the ground around this area.
792	Kill 10 Kvaldir
793	Use your Confessor's Prayer Book on Slain Tualiq Villagers
794	They look like dead walrus men corpses around this area.
795	Administer 8 Last Rites
796	Use your Earthshaker Drum next to the piles of snow on the ground
797	They spawn after using your Earthshaker Drum next to the piles of snow.
798	Use your Weighted Net on Snowblind Followers
799	Capture 8 Snowblind Followers
800	This guide section contains the pre-quests to unlock the ability to complete daily quests
801	for The Oracles and Frenzyheart Tribe factions in Sholazar Basin.
802	Follow the path inside the cave up to 72.2,57.3
803	Kill either Zepik the Gorloc Hunter or Jaloot that spawn during the fight.  Killing Zepik the Gorloc Hunter will make you allied with The Oracles.  Killing Jaloot will make you allied with the Frenzyheart Tribe.
804	Click Artruis's Phylactery that spawns after the fight
805	If you kill Zepik the Gorloc Hunter:
806	If you kill Jaloot:
807	This guide section will walk you through completing the daily quests for the Frenzyheart Tribe faction in Sholazar Basin.
808	If you are not allied with the Frenzyheart Tribe, you must fight an elite mob, Artruis the Heartless (on the next step of the guide) and, at the end of the fight, kill the Oracles mob, Jaloot, and you will become allied with the Frenzyheart Tribe.
809	Kill Jaloot that spawns during the fight.  Killing Jaloot will make you allied with the Frenzyheart Tribe.
810	Ask him for some booze
811	Click the Wolvar Berries in your bags
812	This guide section will walk you through completing the daily quests for the The Oracles faction in Sholazar Basin.
813	If you are not allied with the The Oracles, you must fight an elite mob, Artruis the Heartless (on the next step of the guide) and, at the end of the fight, kill the Frenzyheart Tribe mob, Zepik, and you will become allied with the The Oracles.
814	Kill Zepik the Gorloc Hunter that spawns during the fight.  Killing Zepik the Gorloc Hunter will make you allied with the The Oracles.
815	It lookes like a small bamboo chest sitting at the base of a tree, next to a small hut.
816	This guide section contains the quest path for the entire The Storm Peaks zone,
817	which includes the pre-quests to unlock the daily quests in the Brunnhildar Village,
818	Dun Niffelem (The Sons of Hodir), Frosthold, and K3 regions of The Storm Peaks.
819	Click the Colossus Attack Specs
820	It looks like a white scroll laying on a small square metal table.
821	Click the Colossus Defense Specs
822	It looks like a white scroll laying on an anvil under a white canopy.
823	Click the Heart of the Storm
824	Enter the big round metal door and fly down into the hallway, then follow the hallway to this spot.  It looks like a big blue orb, sitting in a three-pronged metal stand.
825	Go outside
826	Click the Jormungar Control Orb
827	It looks like a white glowing ball floating with a golden ring around it.
828	This guide section will walk you through earning Honored reputation with The Sons of Hodir.
829	You must have completed the The Storm Peaks Full Zone Guide (Includes Pre-Quests) guide section,
830	as it contains pre-quests to unlock The Sons of Hodir up to Friendly reputation, before having access to the quests in this guide section.
831	You must complete the STORM PEAKS PRE-REQS section of this guide before doing this, as it contains pre-quests to unlock The Sons of Hodir to Friendly reputation.
832	They look like slimes inside this cave.
833	If you want to grind mobs for Relics of Ulduar, or buy them on the Auction House, to turn in for The Sons of Hodir reputation, this is an awesome spot, as these mobs drop the Relics of Ulduar frequently.  You get 650 The Sons of Hodir reputation for every 10 Relics of Ulduar you collect.  If you don't want to do this, skip this step.
834	They are air elementals all around inside this big cave.
835	You can also buy the Relics of Ulduar on the Auction House, if you'd like to get the reputation much faster.
836	You turn these in in multiples of 10.  When you are done with this step, skip to the next step of the guide.
837	This is a repeatable quest.  Turn in all of your Relics of Ulduar.
838	Repeat this process until you are Honored with The Sons of Hodir, then go to the The Sons of Hodir (Honored Section) to continue.
839	This guide section will walk you through completing a pre-quest, unlocked by earning
840	Honored reputation with The Sons of Hodir faction, that unlocks a daily quest.
841	You must have completed the The Sons of Hodir Reputation (Friendly) guide section
842	in order to have access to the quest in this guide section.
843	You must complete the STORM PEAKS PRE-REQS section of this guide before doing this, as it contains pre-quests to unlock The Sons of Hodir to Friendly reputation.  After that, you must complete the THE SONS OF HODIR (FRIENDLY) guide section until you are Honored with The Sons of Hodir.
844	This quest will unlock the Thrusting Hodir's Spear daily quest.
845	Click Everfrost Shards
846	They look like greenish blue spikes coming out of this frozen pond in the back of the cave.
847	This guide section will walk you through earning Revered reputation with The Sons of Hodir.
848	You must have completed the The Sons of Hodir Reputation (Friendly) guide section and
849	the The Sons of Hodir Reputation (Honored) - Pre-Quest guide section
850	before having access to the quests in this guide section.
851	Click Hodir's Spear
852	It's a huge spear hanging from 2 chains.
853	Use your Ethereal Worg's Fang next to the Corpse of the Fallen Worg
854	Follow the wolf that spawns and kill the Stormforged Infiltrator it finds
855	Kill 3 Stormforged Infiltrators
856	Use the Spear of Hodir on a Wild Wyrm flying around in the sky
857	While fighting the Wild Wyrm, there will be 2 phases to the fight.  Phase 1:
858	In phase 1 of the fight, you will be underneath the Wild Wyrm.  Use your Grab On ability to keep your grip high, or you will fall off and die.  Repeatedly use your Thrust Spear ability, until you get a message the Wild Wyrm is about to use its claw attack.  When you see that message, use your Dodge Claws ability, and then immediately use your Mighty Spear Thrust ability after that.  Remember to keep your grip up by using your Grab On ability, and repeat this process until phase 2 of the fight begins.
859	In phase 2 of the fight with the Wild Wyrm, the strategy changes:
860	In phase 2 of the fight, you will be inside the Wild Wyrm's mouth.  Repeatedly use your Pry Jaws Open ability, try to stack it 20 times.  After you stack your Pry Jaws ability 20 times (which will give your Fatal Strike ability 100% chance to hit), use your Fatal Strike ability to kill the Wild Wyrm.  If you are close to dying, just stack your Pry Jaws Open ability as many times as you can, then use your Fatal Strike ability before you die, and hope it kills the Wild Wyrm.
861	Kill the Wild Wyrm
862	Repeat this process until you are Revered with The Sons of Hodir, then go to the The Sons of Hodir (Revered Section) to continue.
863	This guide section will walk you through earning Exalted reputation with The Sons of Hodir.
864	You must have completed the The Sons of Hodir Reputation (Honored) guide section before having access to the quests in this guide section.
865	You must complete the STORM PEAKS PRE-REQS section of this guide before doing this, as it contains pre-quests to unlock The Sons of Hodir to Friendly reputation.  After that, you must complete the THE SONS OF HODIR (FRIENDLY) guide section until you are Honored with The Sons of Hodir, and then the you must complete the THE SONS OF HODIR (HONORED) guide section until you are Revered with The Sons of Hodir.
866	Click Arngrim the Insatiable
867	Use Arngrim's Tooth on Roaming Jormungars
868	Fight Disembodied Jormungars until Arngrim the Insatiable comes to eat them
869	Feed Arngrim's Spirit 5 Times
870	You can repeat this process until you are Exalted with The Sons of Hodir.
871	This guide section will walk you through completing the daily quests in the Brunnhildar Village region of The Storm Peaks.
872	Use your Reins of the Icemaw Matriarch inside The Pit of the Fang to ride a bear
873	The entrance to the Forlorn Mine is here
874	Leave the mine
875	If you are not Revered with The Sons of Hodir, you will not be able to accept some of the quests in this guide section.
876	To become Revered with The Sons of Hodir, use the The Sons of Hodir (Friendly), The Sons of Hodir (Honored) - Pre-Quest,
877	and The Sons of Hodir (Honored) guide sections in the Reputation section of the Dailies guide.
878	If you are not Revered with The Sons of Hodir, you will not be able to accept some of the following quests.  To become Revered with The Sons of Hodir, use the THE SONS OF HODIR REPUTATION GUIDE.
879	This guide section will walk you through completing the daily quests in the K3 region of The Storm Peaks.
880	This guide section contains the pre-quests to unlock the daily quests in the The Argent Stand region of Zul'Drak.
881	This guide section will walk you through completing the daily quests in the The Argent Stand region of Zul'Drak.
882	The Zul'Drak daily quests are timed, so having an epic flying mount will help you get them done a lot faster and easier.  You will receive 650 extra Argent Crusade reputation and 18 extra gold by completing these quests within 20 minutes.
883	Tell Alchemist Finklestein you are ready to begin
884	Some of the items he asks you for can be found in both of the rooms on either side of you.  Those items are:
885	Hairy Herring Heads, Icecrown Bottled Water, Knotroot, Muddy Mire Maggots, Pickled Eagle Egg, Pulverized Gargoyle Teeth, Putrid Pirate Perspiration, Seasoned Cider Slider, Speckled Guano, Spiky Spider Eggs, Withered Bat Wings
886	Here are the items that are only found in the ROOM ON THE LEFT:
887	Abomination Guts, Blight Crystal, Chilled Serpent Mucus, Crushed Basilisk Crystals, Frozen Spider Ichor, Prismatic Mojo, Raptor Claw
888	Here are the items that are only found in the ROOM ON THE RIGHT:
889	Amberseed, Ancient Ectoplasm, Crystallized Hogsnot, Ghoul Drool, Trollbane, Shrunken Dragon's Claw, Wasp's Wings
890	Collect the item's he calls for and bring them them back to him and click Finklestein's Cauldron to add the items he needs
891	Create the Truth Serum
892	This quest will be MUCH easier and faster once you start to remember where each item is.
893	Kill 7 Mossy Rampagers
894	Click Drakkari Corpses
895	They look like dead blue trolls laying on the ground around this area.
896	Use your Incinerating Oil on Defeated Argent Footmen
897	They look like dead soldiers laying on the ground around this area.
898	Incinerate 5 Argent Footman Corpses
899	Tell them to get out of there
900	Restore 5 Recruit's Courage
901	Use your Steel Spade next to the dirt piles
902	The dirt piles look like big purple-ish mounds of dirt around this area.
903	Investigate 5 Ancient Dirt Mounds
904	Use your Argent Crusade Banner next to this stone block
905	Plant the South Argent Crusade Banner
906	Plant the East Argent Crusade Banner
907	Plant the North Argent Crusade Banner
908	You can only get this quest if you complete the Troll Patrol daily in under 20 minutes.
909	This guide will help you to get Exalted reputation with the Darnassus, Exodar, Gnomeregan Exiles, Ironforge, and Stormwind factions.
910	You need to be exalted with these 5 reputations in order to earn your Crusader title and open up more daily quests.
911	kill murlocs
912	Click the Wanted Sign
913	Go inside the cave at 74.5,20.0
914	Kill Writhing and Cursed Highbornes
915	This is the end of the Home Cities Reputation Section. This section, in combination with the Argent Tournament section, should get you to Exalted with all five home cities.
916	This guide section will walk you through achieving Argent Tournament Grounds Champion Rank with the Human race.
917	You must have already completed the Argent Tournament Grounds Valiant Rank Dailies guide section in order to be able to complete this guide section.
918	You cannot complete this section if you are a Human.
919	In order to be able to do this guide section, you must have already completed the Argent Tournament Grounds Valiant Rank Dailies guide section, and earned Champion rank with the Argent Tournament Grounds for your race.
920	After you have earned the Champion rank with your race, you will have access to become a Champion with the other races of your faction.  Earning Champion rank with all the races of your faction, as well as becoming Exalted with Darnassus, Exodar, Gnomeregan Exiles, Ironforge, and Stormwind factions will earn you the Crusader title, and unlock more daily quests.
921	Congratulations, you are now a Champion of Stormwind!
922	This is the end of the Human Champion Rank Guide for the Crusader Title.
923	This guide section will walk you through achieving Argent Tournament Grounds Champion Rank with the Night Elf race.
924	You cannot complete this section if you are a Night Elf.
925	Congratulations, you are now a Champion of Darnassus!
926	This is the end of the Night Elf Champion Rank Guide for the Crusader Title.
927	This guide section will walk you through achieving Argent Tournament Grounds Champion Rank with the Dwarf race.
928	You cannot complete this section if you are a Dwarf.
929	Congratulations, you are now a Champion of Ironforge!
930	This is the end of the Dwarf Champion Rank Guide for the Crusader Title.
931	This guide section will walk you through achieving Argent Tournament Grounds Champion Rank with the Gnome race.
932	You cannot complete this section if you are a Gnome.
933	Congratulations, you are now a Champion of Gnomeregan!
934	This is the end of the Gnome Champion Rank Guide for the Crusader Title.
935	This guide section will walk you through achieving Argent Tournament Grounds Champion Rank with the Draenei race.
936	You cannot complete this section if you are a Draenei.
937	This guide section will walk you through a 25 daily quest speed gold run at level 80, without including any Argent Tournament Grounds dailies.
938	To be able to complete all the quests in this guide section, you must have completed the The Storm Peaks Full Zone Guide (Includes Pre-Quests),
939	The Sons of Hodir Reputation (Honored), and Icecrown Full Zone Quest Path (Includes Regular Dailies Pre-Quests) guide sections.
940	Use your Smuggled Solution 3 times
941	Destroy 3 Frostbrood Skytalons
942	This guide section will walk you through a 25 daily quest speed gold run at level 80.
943	To be able to complete all the quests in this guide section, you must have completed
944	the The Storm Peaks Full Zone Guide (Includes Pre-Quests), The Sons of Hodir Reputation (Honored),
945	and Icecrown Full Zone Quest Path (Includes Regular Dailies Pre-Quests) guide sections.
946	This guide section will walk you through getting Neutral reputation with Netherwing faction. You need to have Artisan flying to complete this section.
947	Go to Shadowmoon Valley in Outland
948	The Rocknail Flayers will drop Rocknail Flayer Carcasses, instead of Rocknail Flayer Giblets.
949	Click the Rocknail Flayer Giblets in your bags, once you have 5 of them, to combine them into a Rocknail Flayer Carcass
950	Use the Rocknail Flayer Carcasses in your bags
951	Feed 8 Netherwing Drakes
952	Listen to the Tale of Neltharaku
953	Click the Nethervine Crystals
954	They look like big thorny plants with a small puff of red smoke near the top of them, on the ground around this area.
955	Use your Enchanted Nethervine Crystal on Enslaved Netherwing Drakes
956	Help the Enslaved Netherwing Drakes kill their Dragonmaw Subjugator after you free them.
957	Free 5 Enslaved Netherwing Drakes
958	You will probably need a group to kill Zuluhed the Whacked.  He will summon demons through a portal to help him fight.  To avoid having to fight the demons, pull Zuluhed the Whacked into one of the small buildings, on either side of him, when he casts the portal.
959	Click Zuluhed's Chains
960	It looks like a big metal ball and chain.
961	Free Karynaku
962	Click a Netherwing Egg
963	They look like dark purple eggs with blue crystals on them.  They spawn in random places, so you will probably need to search for them.  For help finding a Netherwing Egg, use the Netherwing Egg Hunting - Optimized Path section of this guide.
964	This guide section will walk you through getting Friendly reputation with the Netherwing faction.
965	You must have completed the Netherwing Reputation (Neutral) - Pre-Quests guide section
966	in order to be able to complete the quests in this guide section.
967	This quest is only available if you have your Skinning skill to at least 350.
968	This quest is only available if you have your Mining skill to at least 350.
969	This quest is only available if you have your Herbalism skill to at least 350.
970	They fly low to the ground near this floating rock and the floating rock just to the east, so you can easily pull them while standing on these floating rocks.
971	Use Yarzill's Mutton next to groups of Dragonmaw Peons
972	Poison 12 Dragonmaw Peon Camps
973	Click Netherdust Bushes
974	They look like small green bushes that sparkle and can be found all around Netherwing Ledge, and on the small floating rock islands on the outskirts of Netherwing Ledge.  You must be and Herbalist with an Herbalism skill of at least 350 to be able to complete this step.
975	They look like dark blue ore deposits with light blue crystals on them and can be found all around Netherwing Ledge, and on the small floating rock islands on the outskirts of Netherwing Ledge.  You must be a Miner with an Mining skill of at least 350 to be able to complete this step.
976	The entrance to the mine starts here
977	Skin Nethermine Flayers
978	Repeat this process daily until you are Friendly with the Netherwing faction.  Also, you can use the Netherwing Egg Optimized Path guide section to find Netherwing Eggs and turn them in for 250 Netherwing reputation per Netherwing Egg.
979	This guide section will walk you through a chain of pre-quests, that become available
980	once you have earned Friendly reputation with the Netherwing faction.
981	This chain of pre-quests will open up more Netherwing faction daily quests.
982	Go inside the mine to 71.6,87.6
983	Click the Sludge-covered Objects in your bags to open them
984	Click the Murkblood Escape Plans in your bags
985	Go inside the mine and follow the path to 73.0,82.2
986	Tell him you are here for him
987	Gather Murkblood Information
988	You can get the 10 Knothide Leather from the Auction House, or by Skinning mobs for the leather.
989	If you want to get the 10 Knothide Leather by skinning, kill the mobs around 60.4,45.2
990	This guide section will walk you through getting Honored reputation with the Netherwing faction.
991	You must have completed the Netherwing Reputation (Friendly) - Pre-Quests guide section
992	Use your Booterang on Disobedient Dragonmaw Peons
993	Discipline 20 Dragonmaw Peons
994	Go inside the mine to 65.1,87.5
995	Click Nethermine Cargo
996	They look like carts full of ore and crystals all around inside the Netherwing Mines.
997	Repeat this process daily until you are Honored with the Netherwing faction.  Also, you can use the Netherwing Egg Optimized Path guide section to find Netherwing Eggs and turn them in for 250 Netherwing reputation per Netherwing Egg.
998	once you have earned Honored reputation with the Netherwing faction.
999	Follow Murg "Oldie" Muckjaw as he flies
1000	He will throw pumpkins at you as he flies, and you have to dodge them.  The easiest strategy is to fly sort of far behind him, and above him, so that you are looking down on him as you fly.  Don't let any of the pumpkins hit you and you will win the race.
1001	Defeat Murg "Oldie" Muckjaw
1002	Follow Trope the Filth-Belcher as he flies
1003	He will throw green bombs at you as he flies, and you have to dogde them.  The easiest strategy is to fly far behind him, and under him.  Strafe to the sides when he throws the bombs and you can dodge them easily.  Don't let any of the bombs hit you and you will win the race.
1004	Defeat Trope the Filth-Belcher
1005	Follow Corlok the Vet as he flies
1006	He will throw groups of skulls at you as he flies, and you have to dogde them.  The easiest strategy is to fly close behind him, but above him, while looking down at him.  Strafe to the sides when he throws the skulls and you can dodge them easily.  Don't let any of the skulls hit you and you will win the race.
1007	Defeat Corlok the Vet
1008	Follow Wing Commander Ichman as he flies
1009	He will throw fireballs at you as he flies, and you have to dogde them.  The easiest strategy is to fly behind him, but far above him, while looking down at him.  Strafe to the sides when he throws the fireballs and you can dodge them easily.  Don't let any of the fireballs hit you and you will win the race.  Also, be careful because he does sharp turns and maneuvers, so it's easy to lose track of him if you aren't careful.
1010	Defeat Wing Commander Ichman
1011	Follow Wing Commander Mulverick as he flies
1012	He will throw lightning bolts at you as he flies, and you have to dogde them.  The lightning bolts will follow you, unlike the previous race quests, where the objects they throw did not follow you.  The easiest strategy is to fly beside him, while strafing, and almost ahead of him, if you can.  Don't let any of the lightning bolts hit you and you will win the race.
1013	Defeat Wing Commander Mulverick
1014	Follow Captain Skyshatter as he flies
1015	Meteors fall all around you as you fly with Captain Skyshatter, and you have to dogde them.  The easiest strategy is to fly beside him, while strafing, and almost ahead of him, if you can.  Stay close to him and the meteors will hit him, as well as you, which will stop him for a second, allowing you to catch up to him, if needed.  You will not get knocked off your mount by the meteors, just stunned for a second, so there's nothing to worry about.
1016	Defeat Captain Skyshatter
1017	This guide section will walk you through getting Revered reputation with the Netherwing faction.
1018	You must have completed the Netherwing Reputation (Honored) - Pre-Quests guide section
1019	Repeat this process daily until you are Revered with the Netherwing faction.  Also, you can use the Netherwing Egg Optimized Path guide section to find Netherwing Eggs and turn them in for 250 Netherwing reputation per Netherwing Egg.
1020	once you have earned Revered reputation with the Netherwing faction.
1021	Click the Partially Digested Hand in your bags
1022	She looks like a big yellow Flayer mob that walks in a circle in this spot.
1023	This guide section will walk you through getting Exalted reputation with the Netherwing faction.
1024	You must have completed the Netherwing Reputation (Revered) - Pre-Quests guide section
1025	Follow Commander Hobb and help him fight the Dragonmaw Skybreakers
1026	Protect Commander Hobb, he must survive
1027	Defeat the Dragonmaw Forces
1028	Follow Commander Arcus and help him fight the Dragonmaw Skybreakers
1029	Protect Commander Arcus, he must survive
1030	Repeat this process daily until you are Exalted with the Netherwing faction.  Also, you can use the Netherwing Egg Optimized Path guide section to find Netherwing Eggs and turn them in for 250 Netherwing reputation per Netherwing Egg.
1031	This guide section will walk you through the final steps of getting your Netherdrake Mount,
1032	once you've earned Exalted reputation with the Netherwing faction.
1033	You must have completed the Netherwing Reputation (Revered) guide section
1034	You will be taken to Shattrath City
1035	Look at the netherdrakes sitting around this area.  Pick whichever one you like the best and complete the quest it offers you:
1036	Congratulations, you are now the proud owner of a Netherdrake Mount!  Enjoy!
1037	This guide section will walk you through an optimized path of collecting Netherwing Eggs,
1038	which you can turn in for 250 Netherwing rep each.
1039	in order to be able to collect and turn in the Netherwing Eggs you find using this guide section.
1040	There can be an egg here
1041	At the top of the stairs inside this tower.
1042	In this tiny hallway of the lookout point on the top level of the Dragonmaw Fortress.
1043	Sitting on the middle of this small round table inside this big room on the bottom level of the Dragonmaw Fortress.
1044	Sitting on the floor next to this small fire brazier inside this big room on the bottom level of the Dragonmaw Fortress.
1045	Sitting on the floor next to the wall inside this big room on the top level of the Dragonmaw Fortress.
1046	Sitting on the floor inside this tiny room on the top level of the Dragonmaw Fortress.
1047	Sitting on the ground in this pen area amongst the baby netherdrakes.
1048	Sitting on the ground in this corner.
1049	Sitting on the ground in this stall inside the stable.
1050	Sitting in this wooden wagon.
1051	Sitting on the ground inside this half burned down hut.
1052	Sitting on the corner edge of this wooden landing dock.
1053	Sitting on the ground next to this big bunch of blue crystals.
1054	Sitting on top of this small mountain peak.
1055	Sitting on the edge of this small cliff, between 2 bunchs of big blue crystals.
1056	Sitting on top of this tall mountain peak.
1057	Sitting at the very tip of this huge crystal.
1058	Sitting on this big floating rock.
1059	Sitting on this small floating rock.  You have to fly down to it.
1060	Sitting on this big floating rock.  You have to fly down to it.
1061	Sitting on this big floating rock.  You have to fly up to it.
1062	Sitting on the ground next to this bunch of big blue crystals.
1063	Turn in all of the Netherwing Eggs you have collected
1064	Sitting on the ground next to this bunch of big blue crystals.  This one is pretty well hidden, so pay close attention to this one or you might pass it up.
1065	Sitting on the ground near this bunch of big blue crystals.
1066	Go inside the mine to 64.8,87.2
1067	Netherwing Eggs can spawn in various places in this entry hallway in the mines, so look around before moving on.
1068	Jump down off the mine cart track here
1069	Netherwing Eggs can spawn in various places all around this room, so make sure to check thoroughly in each small side space.
1070	Netherwing Eggs can spawn in various places all around this room with the big blue ghost dragon, so make sure to check thoroughly.
1071	Go back to the mine cart track and follow the track on the right side.
1072	Follow the path in the cave to this spot.  Netherwing Eggs can spawn in various places all around this room, so make sure to check thoroughly in each small side space.  Also, be sure to keep an eye out for eggs all around as you run through the mine to this spot.
1073	Jump over the wooden rail in this spot to get down to the hallway below
1074	Make sure to keep an eye out for Netherwing Eggs as you run through the entrance hallway to leave the cave.
1075	Sitting on the ground next to this bunch of big blue crystals, up on the top of this mountain.
1076	Sitting on this small floating rock.
1077	Sitting on the ground inside this netherdrake skeleton's mouth.
1078	Sitting right next to this bunch of big blue crystals on the side of this cliff.  You have to fly down to it.
1079	Sitting on top of this tall mountain peak.  You have to fly up to it.
1080	This guide section will tell you the various ways you can gain reputation with the Argent Crusade faction with this guide.
1081	To gain reputation with the Argent Crusade faction:
1082	Complete the Icecrown Full Zone Quest Path guide section in the Icecrown section.
1083	Complete the Slaves of Saronite daily quest in the Orgrim's Hammer / Ymirheim / Aldur'Thar Dailies guide section in the Icecrown section.
1084	Do this daily, if you'd like.
1085	Complete the Zul'Drak Pre-Quests guide section in the Zul'Drak section.
1086	Complete the The Argent Stand Dailies guide section in the Zul'Drak section.
1087	Complete the ATG Champion Rank Dailies - Non-Death Knight Only guide section in the Icecrown section.
1088	Do this daily, if you'd like.  You can only do this if you are not a Death Knight.
1089	Once you earn Friendly reputation with the Argent Crusade faction, you can buy the Tabard of the Argent Crusade.
1090	Wear the Tabard of the Argent Crusade and use the Dungeon Finder tool to complete random Lich King Heroics.  You will gain reputation with the Argent Crusade for each mob you kill inside the dungeon, so you can gain reputation very quickly doing this.
1091	You can buy the Tabard of the Argent Crusade by talking to Veteran Crusader Aliocha Segard in Icecrown at 87.5,75.6
1092	This guide section will tell you the various ways you can gain reputation with the Kirin Tor faction with this guide.
1093	To gain reputation with the Kirin Tor faction:
1094	Complete the Cooking Dailies guide section in the Dalaran section.
1095	Complete the Fishing Dailies guide section in the Dalaran section.
1096	Complete the Jewelcrafting Dailies guide section in the Dalaran section.
1097	Once you earn Friendly reputation with the Kirin Tor faction, you can buy the Tabard of the Kirin Tor.
1098	Wear the Tabard of the Kirin Tor and use the Dungeon Finder tool to complete random Lich King Heroics.  You will gain reputation with the Kirin Tor for each mob you kill inside the dungeon, so you can gain reputation very quickly doing this.
1099	You can buy the Tabard of the Argent Crusade by talking to Archmage Alvareaux in Dalaran at 25.2,47.8
1100	This guide section will tell you the various ways you can gain reputation with the Knights of the Ebon Blade faction with this guide.
1101	To gain reputation with the Knights of the Ebon Blade faction:
1102	Complete the Shadowvault Dailies guide section in the Icecrown section.
1103	Complete the Death's Rise Dailies guide section in the Icecrown section.
1104	Complete the ATG Champion Rank Dailies - Death Knight Only guide section in the Icecrown section.
1105	Do this daily, if you'd like.  You can only do this if you are a Death Knight.
1106	Once you earn Friendly reputation with the Knights of the Ebon Blade faction, you can buy the Tabard of the Ebon Blade.
1107	Wear the Tabard of the Ebon Blade and use the Dungeon Finder tool to complete random Lich King Heroics.  You will gain reputation with the Knights of the Ebon Blade for each mob you kill inside the dungeon, so you can gain reputation very quickly doing this.
1108	You can buy the Tabard of the Ebon Blade by talking to Duchess Mynx in Icecrown at 43.4,20.6
1109	This guide section will tell you the various ways you can gain reputation with The Kalu'ak faction with this guide.
1110	To gain reputation with The Kalu'ak faction:
1111	Complete the Kaskala Dailies guide section in the Borean Tundra section.
1112	Complete the Moa'ki Harbor Dailies guide section in the Dragonblight section.
1113	Complete the Kamagua Dailies guide section in the Howling Fjord section.
1114	There is no tabard for The Kalu'ak available at this time.
1115	This guide section will tell you the various ways you can gain reputation with The Sons of Hodir faction with this guide.
1116	To gain reputation with The Sons of Hodir faction:
1117	Complete The Storm Peaks Full Zone Quest Path guide section in The Storm Peaks section.
1118	Complete The Sons of Hodir Reputation guide sections in The Storm Peaks section.
1119	There is no tabard for The Sons of Hodir available at this time.
1120	This guide section will tell you the various ways you can gain reputation with The Wyrmrest Accord faction with this guide.
1121	To gain reputation with The Wyrmrest Accord faction:
1122	Complete the Coldarra Dailies guide section in the Borean Tundra section.
1123	Complete the Wyrmrest Temple Dailies guide section in the Dragonblight section.
1124	Once you earn Friendly reputation with The Wyrmrest Accord faction, you can buy the Tabard of the Wyrmrest Accord.
1125	Wear the Tabard of the Wyrmrest Accord and use the Dungeon Finder tool to complete random Lich King Heroics.  You will gain reputation with The Wyrmrest Accord for each mob you kill inside the dungeon, so you can gain reputation very quickly doing this.
1126	You can buy the Tabard of the Wyrmrest Accord by talking to Cielstrasza in Dragonblight at 60.0,53.0
1127	This guide section will tell you the various ways you can gain reputation with the Explorers' League faction with this guide.
1128	To gain reputation with the Explorers' League faction:
1129	Complete the Steel Gate Dailies guide section in the Howling Fjord section.
1130	There is no tabard for the Explorers' League available at this time.
1131	Although there is no tabard for the Explorers' League at this time, you can still gain reputation with the Explorers' League by using the Dungeon Finder tool to complete random Lich King Heroics while not wearing any tabard at all.  You will gain reputation with the Explorers' League for each mob you kill inside the dungeon, so you can gain reputation very quickly doing this.
1132	This guide section will tell you the various ways you can gain reputation with The Frostborn faction with this guide.
1133	To gain reputation with The Frostborn faction:
1134	Complete the Frosthold Dailies guide section in The Storm Peaks section.
1135	There is no tabard for The Frostborn available at this time.
1136	Although there is no tabard for The Frostborn at this time, you can still gain reputation with The Frostborn by using the Dungeon Finder tool to complete random Lich King Heroics while not wearing any tabard at all.  You will gain reputation with The Frostborn for each mob you kill inside the dungeon, so you can gain reputation very quickly doing this.
1137	This guide section will tell you the various ways you can gain reputation with The Silver Covenant faction with this guide.
1138	To gain reputation with The Silver Covenant faction:
1139	Complete the Argent Tournament Grounds Dailies guide sections in the Icecrown section.
1140	Do these daily, if you'd like.
1141	Complete the guide sections in the Crusader Title section in the Icecrown section.
1142	There is no tabard for The Silver Covenant available at this time.
1143	Although there is no tabard for The Silver Covenant at this time, you can still gain reputation with The Silver Covenant by using the Dungeon Finder tool to complete random Lich King Heroics while not wearing any tabard at all.  You will gain reputation with The Silver Covenant for each mob you kill inside the dungeon, so you can gain reputation very quickly doing this.
1144	This guide section will tell you the various ways you can gain reputation with the Valiance Expedition faction with this guide.
1145	To gain reputation with the Valiance Expedition faction:
1146	Complete the Blackriver Logging Camp Dailies guide section in the Grizzly Hills section.
1147	Complete the Blue Sky Logging Grounds Dailies guide section in the Grizzly Hills section.
1148	Complete the Westguard Keep Dailies guide section in the Howling Fjord section.
1149	Complete the Orgrim's Hammer / Ymirheim / Aldur'Thar Dailies guide section in the Icecrown section.
1150	Do this daily, if you'd like.  All of the daily quests in the Orgrim's Hammer / Ymirheim / Aldur'Thar Dailies guide section won't give Warsong Offensive reputation, but many will.
1151	There is no tabard for the Valiance Expedition available at this time.
1152	Although there is no tabard for the Valiance Expedition at this time, you can still gain reputation with the Valiance Expedition by using the Dungeon Finder tool to complete random Lich King Heroics while not wearing any tabard at all.  You will gain reputation with the Valiance Expedition for each mob you kill inside the dungeon, so you can gain reputation very quickly doing this.
1153	This guide section will tell you the various ways you can gain reputation with the Frenzyheart Tribe faction with this guide.
1154	To gain reputation with the Frenzyheart Tribe faction:
1155	Complete the Frenzyheart Tribe Dailies guide section in the Sholazar Basin section.
1156	This guide section will tell you the various ways you can gain reputation with The Oracles faction with this guide.
1157	To gain reputation with The Oracles faction:
1158	Complete The Oracles Dailies guide section in the Sholazar Basin section.
1159	This guide section will walk you through completing the main questline for the Love is in the Air event.
1160	This guide section will walk you through completing the Love is in the Air even daily quests.
1161	Go outside Stormwind to Elwynn Forest
1162	Kill any mobs that give you XP.
1163	Use Lovely Charms to create Lovely Charm Bracelets
1164	Go to Stormwind City
1165	Go to Everlook
1166	Ride the Deep Run Tram to Ironforge
1167	It's a blue portal at the top of the mage tower.
1168	Go into the big green portal to Outland
1169	Go outside of Shattrath City to Terokkar Forest
1170	Click the Shattrath Portal to Ironforge
1171	The next quest requires you to go to Crystalsong Forest.
1172	Before level 74 this isn't easy to do. The next steps will guide you on how to get there.
1173	Be warned, you will encounter high level mobs and may die. This was badly designed by Blizzard.
1174	Follow the road north east to Dragonblight
1175	We recommend the following route to get through Dragonblight
1176	Follow the road north east to this point: 50.1,55.6
1177	Head towards Wyrmrest temple to this point: 57.9,51.2
1178	Travel north up the Path of the Titans starting at: 60.0,42.3
1179	Continue up through the Crystal Vice starting here 64.6,23.9
1180	Avoid the elite giants the best you can
1181	Go north to Crystalsong Forest
1182	Go to Dragonblight
1183	Go to Dalaran
1184	Follow The Crystal Vice to this point 64.6,23.9
1185	Travel south down the Path of the Titans to this point: 60.0,42.3
1186	Follow the road west to this point: 50.1,55.6
1187	Go west to Borean Tundra
1188	Click the Dalaran Portal to Ironforge
1189	This guide section will walk you through completing the main questline for the Lunar Festival event.
1190	Use the Lunar Festival Invitation while standing in Ironforge Revelers beam of light
1191	This guide section will walk you through an optimized path for honoring the elders
1192	that are spread out all over Azeroth for the Lunar Festival event.
1193	The 13 elders that are inside instances are not included in this guide section.
1194	Using this guide section, you will collect 62 of the total 75 Coins of Ancestry.
1195	The Lunar Festival event requires you to speak with special NPCs called Elders who will each give you a Coin of Ancestry.
1196	Follow the road west to Tirisfal Glades
1197	Go south to Undercity
1198	Go outside to Tirisfal Glades
1199	Go south west to Silverpine Forest
1200	Go north east to Tirisfal Glades
1201	Go east to Western Plaguelands
1202	Go to Chillwind Camp
1203	Fly to Light's Hope Chapel
1204	Fly to Thorium Point
1205	Go outside of the city of Stormwind
1206	Fly to Nethergarde Keep
1207	Go northeast to Durotar
1208	Go north to Orgrimmar
1209	Go southwest to The Barrens
1210	Go to west to Mulgore
1211	Go north to Thunder Bluff
1212	Go outside to Mulgore
1213	Go east to The Barrens
1214	Go south to Thousand Needles
1215	Go northwest to Un'Goro Crater
1216	Fly to Cenarion Hold
1217	Fly to Talrendis Point
1218	Go outside the east exit of Darnassus to Teldrassil
1219	Go to Moonglade
1220	Go northeast to Sholazar Basin
1221	Go southeast to Wintergrasp
1222	Go to outside of the Wintergrasp Fortress
1223	Leave Wintergrasp and get back on your flying mount
1224	Skip to the next step of the guide once you are back on your flying mount
1225	Go southeast to Dragonblight
1226	Go east to Grizzly Hills
1227	Go northwest to Zul'Drak
1228	Go northwest to The Storm Peaks
1229	This guide section will walk you through completing the dailies for the Noblegarden event.
1230	Leave out of the east exit of Darnassus to go outside to Teldrassil
1231	Click Brightly Colored Eggs
1232	They look like small Easter eggs on the ground. There is at least one available at all times. You don't have to wait for respawns. If Dolanaar is too crowed with other players looking for eggs, you can also find them at Azure Watch, Goldshire, and Kharanos.
1233	This guide section will walk you through getting all 12 achievements for the Noblegarden event.
1234	If you don't already have these items, collect Noblegarden Chocolates and purchase them from the Noblegarden Vendor at 56.0,58.7:
1235	Use your Spring Rabbit's Foot in your bags to get a Spring Raibbit companion
1236	Hold SHIFT and press P to bring up your Pets screen, then click the Spring Rabbit icon.
1237	Go inside the pink portal to Teldrassil
1238	Fly to Auberdine, Darkshore
1239	Ride the boat to Azuremyst Isel
1240	Fly to Nijel's Point, Desolace
1241	Press C to open your character's equipment screen, then right-click your equipped Spring Robes to use its ability.
1242	Fly to Thalanar, Feralas
1243	Go east to Thousand Needles
1244	Go west to Feralas
1245	Fly to Cenarion Hold, Silithus
1246	Fly to Marshal's Refuge, Un'Goro Crater
1247	Fly to Gadgetzan, Tanaris
1248	Fly to Theramore, Dustwallow Marsh
1249	Fly to Thelsamar, Loch Modan
1250	Go southeast to Badlands
1251	Go north to Loch Modan
1252	Fly to Ironforge, Dun Morogh
1253	Fly to Stormwind, Elwynn
1254	Find another player who is wearing the Elegant Dress and perform the /kiss emote on them
1255	Find a female characters of every race that are at least level 18 and do the following:
1256	The best place, by far, to find them is in Dalaran.  You could also try Shattrath.
1257	Place bunny ears on a Undead
1258	This guide section will walk you through completing the Stormwind questline for the Children's Week event.
1259	Take your orphan to the top of the Stonewrought Dam in Loch Modan
1260	Fly to Sentinel Hill, Westfall
1261	Take your orphan to the Westfall Lighthouse
1262	Fly to Rut'theran Village, Teldrassil
1263	Go in the pink portal to Darnassus
1264	Take your orphan to the bank in Darnassus, otherwise known as the Bough of the Eternals
1265	Go in the pink portal to Rut'theran Village
1266	Ask her for her autograph
1267	Fly to Ratchet, The Barrens
1268	You will be able to choose from 3 pet companions or a 5 gold reward.  If you already have all 3 pets, choose the gold.  You will be able to do this quest each year, so you will be able to collect all 3 pets, eventually.
1269	This guide section will walk you through completing the Shattrath questline for the Children's Week event.
1270	Go through the Dark Portal to the Blasted Lands
1271	Fly to Booty Bay, Stranglethorn
1272	Follow the path down to 60.6,57.5
1273	Go outside to 51.0,29.4
1274	Go inside The Exodar
1275	Go inside the pink portal to Darnassus
1276	Click the Portal to Blasted Lands to go to the Blasted Lands
1277	Go south through the Dark Portal to Hellfire Peninsula
1278	Fly to Shattrath, Terokkar Forest
1279	You will be able to choose from 3 pet companions.  You will be able to do this quest each year, so you will be able to collect all 3 pets, eventually.
1280	This guide section will walk you through completing the Dalaran Oracles questline for the Children's Week event.
1281	This guide section will walk you through completing the Dalaran Wolvar questline for the Children's Week event.
1282	This guide section will walk you through completing the Achievements for the Children's Week event.
1283	The following achievements are a little more dynamic, so we cannot walk you step-by-step through getting them.  Skip to the next guide step.
1284	This guide section will walk you through completing the quests for the Midsummer Fire Festival event.
1285	Go inside the pink portal to Rut'theran Village
1286	You must throw the torches at the correct braziers.  Throw the torches at the Torch Target Braziers when they have a floating red arrow point down above them.
1287	As soon as you light torch, it will fly in the air.  There will be be a small round shadow on the ground indicating where the torch is flying.  Follow that shadow and catch the torch.  When you catch the torch, it will be thrown in the air again.  Follow the shadow again and catch the torch.  Do this until you've caught the torch 4 times in a row without it hitting the ground.
1288	Go north to Bloodmyst Isle
1289	Fly to The Exodar
1290	Fly to Everlook, Winterspring
1291	Click the Horde Bonfire
1292	It's a huge bonfire.
1293	Fly to Astranaar, Ashenvale
1294	While in the crab disguise, go to 9.2,12.6
1295	Go south to The Barrens
1296	Go outside Orgrimmar to Durotar
1297	Fly to Stonetalon Peak, Stonetalon Mountains
1298	Go southwest to Desolace
1299	Go southeast to Feralas
1300	Ride the boat to Feathermoon
1301	Fly to Thalanaar, Feralas
1302	Go southeast to Tanaris
1303	Go northwest to Mulgore
1304	Fly to Nethergarde Keep, Blasted Lands
1305	Go northwest to Swamp of Sorrows
1306	Go west to Duskwood
1307	Go northwest to Stormwind City
1308	Fly to Lakeshire, Redridge
1309	Fly to Morgan's Vigil, Burning Steppes
1310	Fly to Thorium Point, Searing Gorge
1311	The path over to the Badlands starts here
1312	Go to the Badlands
1313	Go northeast to Loch Modan
1314	Fly to Menethil Harbor, Wetlands
1315	Fly to Refuge Pointe, Arathi
1316	Fly to Southshore, Hillsbrad
1317	Go north to Alterac Mountains
1318	Go northeast to Western Plaguelands
1319	Fly to Aerie Peak, The Hinterlands
1320	Go west to Silverpine Forest
1321	Go northeast to Tirisfal Glades
1322	Fly to Light's Hope Chapel, Eastern Plaguelands
1323	Go inside the huge swirling portal to the Ghostlands
1324	Go north to Eversong Woods
1325	Go east to Silvermoon City
1326	Go outside to Eversong Woods
1327	Go south to the Ghostlands
1328	Go inside the huge swirling portal to Eastern Plaguelands
1329	Go inside the big green portal to Hellfire Peninsula
1330	Click the Shattrath Portal to Stormwind
1331	This guide section will walk you through completing the achievements for the Midsummer Fire Festival event.
1332	Queue for The Frost Lord Ahune battle.
1333	Click Find Group
1334	Fly to Stormwind, Ewlynn
1335	You must juggle them all in under 15 seconds.  The best way to do this is the place your Juggling Torches on your hotbar.  Press the hotbar key and click the ground at the same time.  Keep spamming the the hotbar key and clicking the ground at the same time as fast as possible and dont stop until you get the achievement.
1336	This guide section will walk you through completing the Operation Gnomeregan Pre-Cataclysm event.
1337	Use your Motivate-a-Tron on Gnome Citizens
1338	Motivate 5 Gnomes
1339	Stand next to Captain Tread Sparknozzle
1340	Bring 5 Motivated Gnomes to Captain Tread Sparknozzle
1341	Target Drill Sergeant Steakcrank
1342	Salute the Drill Sergeant when he tells you to
1343	Roar with the Drill Sergeant when he tells you to
1344	Cheer with the Drill Sergeant when he tells you to
1345	Dance with the Drill Sergeant when he tells you to
1346	Click the Ejector Mechano-Tank
1347	It looks like an insect machine.
1348	Use the Eject! ability on your hotbar
1349	Test the Ejection System
1350	Click the Scuttling Mechano-Tank
1351	Test the Left Leg Servos 3 Times
1352	Test the Right Leg Servos 3 Times
1353	Test the Evasive Maneuver System 3 Times
1354	Use the Eject ability on your hotbar to get out of the vehicle
1355	Click 'Thunderflash'
1356	It's a helicopter.
1357	Board the Flying Machine
1358	Use your Radiageigatron on the big vents on the side of the mountain, with green smoking coming out of them
1359	Deploy 3 Radiageigatrons at Gnomeregan Vents
1360	Click the Shooting Mechano-Tank
1361	Control the Shooting Mechano-Tank
1362	Use the Shoot ability in your hotbar while facing the targets
1363	Test the Weapon System 3 Times
1364	Use your Gnomish Playback Device on Milli Featherwhistle
1365	Perform the Speech to Milli Featherwhistle
1366	Use your Gnomish Playback Device on Ozzie Togglevolt
1367	Perform the Speech to Ozzie Togglevolt
1368	Use your Gnomish Playback Device on Tog Rustsprocket
1369	Perform the Speech to Tog Rustsprocket
1370	From this point on, you need to be at least level 75.
1371	Take me to Mekkatorque!
1372	You will land near Gnomeregan
1373	Use your Gnomeregan Pride
1374	Transform into a Gnomeregan Infantry
1375	Wait until the battle begins
1376	Follow High Tinker Mekkatorque through the battle and fight for Gnomeregan!
1377	Regain the Surface of Gnomeregan
1378	Congratulations, you've taken back Gnomeregan for the Gnomes!
1379	This guide section will walk you through completing the Hervest Festival event.
1380	Place a tribute at Uther's Tomb
1381	Congratulations, you've completed the Harvest Festival
1382	This guide section will walk you through completing the daily quests for the Brewfest event.
1383	Just keep a Trot pace most of the time, and only sometimes keep a Canter pace.  If you go too much faster than that, your ram will get tired and you will run out of time.
1384	Ask him if he still needs some help shipping kegs from Kharanos, then offer to work
1385	This isn't actually a quest, but you can help him one time per day.
1386	Run as fast as you can without making your Ram stop from being too tired.  Stop at every bucket of apples you see on the side of the road to refresh your Ram's fatigue level, allowing the Ram to run faster for longer.
1387	On your Ram, run to Flynn Firebrew at 45.9,52.8
1388	Once you have a keg, run back and turn it in to Pol Amberstill at 46.4,40.3
1389	This guide section will walk you through completing the achievements for the Brewfest event.
1390	Click The Essential Brewfest Pretzels in your bags
1391	Click the Spiced Onion Cheese in your bags
1392	Do the following:
1393	Click the Dried Sausage in your bags
1394	Click the Succulent Sausage in your bags
1395	Click the Savory Sausage in your bags
1396	Click the Pickled Sausage in your bags
1397	Click the Spicy Smoked Sausage in your bags
1398	Click the The Golden Link in your bags
1399	This guide section contains the GarryOwen Dailies for Level 60+.
1400	This guide section should be in order of easiest to hardest.
1401	Return to GarryOwen
1402	Go to GarryOwen Embassy
1403	Manually progress the guide while in GarryOwen.
1404	Go back outside GarryOwen Township
1405	Ignore the default tip..
1406	He's out to the left, follow the road straight up towards the Garryowen Smithy area.
1407	You can find more Flamescale up the hill at 31.0,63.8
1408	You can find more Flamescale at 35.4,48.5
1409	You can find more Flamescale at 21.3,46.4
1410	You can Teleport back to Garryowen and Talk to Vesprystus and go to Stormwind to speed up this task.
1411	Defeat creatures as you go NorthEast, up the hill
1412	You can find a few more of each creature in this upper area
1413	Teleport back to Garryowen and fly out to Darnassus this time.
1414	Fly to Rebel Camp, Stranglethorn Vale
1415	Teleport back to Garryowen and fly to Stormwind.
1416	These mobs are located up the hill towards the 20-Man Raid Zul'Gurub.
1417	This quest is recommended for a group of 2+.
1418	Grab a friend if it's too difficult to solo.
1419	This quest is recommend for groups of 3+.
1420	Grab a few friends if it's too difficult to solo.
1421	Congrats on your +11 Sigils of Garryowen
1422	This guide section contains the GarryOwen Dailies for Level 70+.
1423	Fly to Telredor, Zangarmarsh
1424	Fly to Shattrath City, Terokkar Forest
1425	Go NorthWest to Terokkar Forest
1426	Watch out for Gordunni Soulreaper that roams the area.
1427	He's a pretty strong Elite that could be difficult to kill.
1428	Fly to Cosmowrench, Netherstorm
1429	Fly to Honor Hold, Hellfire Peninsula
1430	Inside the building.
1431	Use them on Ruby Keeper corpses.
1432	At the top of the temple.
1433	You can also purchase them from the auction house.
1434	She walks around inside the building.
1435	Inside the tent.
1436	Inside the tree.
1437	Inside the mine.
1438	Use it on Exhausted Vrykul.
1439	Use it on a Column Ornament.
1440	Use it on Stormforged Iron Giants.
1441	Use it on Fjorn.
1442	He walks around this area.
1443	You can find them all around this area.
1444	They look like small wooden boxes on the ground around this area.
1445	He looks like a big Flayer mob that walks in a circle in this spot.
