1	Kresh has no abilities, it is a simple tank and spank fight.
2	Interrupt her "Sleep" ability.
3	After pulling, immediately kill the three Deviate Pythons before switching to Lord Cobrahn.
4	Interrupt his "Sleep" ability.
5	It's located in the Winding Chasm before Lord Pythas.
6	This is a rare mob that may not be available.
7	After pulling, CC the Druid of the Fang and kill the other add before switching to Pythas.
8	"Chained Bolt" does damage to players near each other so melee DPS should spread out around the boss to avoid damage.
9	"Grasping Vines" roots all players within 10 yards, knocks them down and does damage so the healer should try to keep the group's health topped off as much as possible.
10	Mutanus is spawned during an optional dungeon event that can occur if the four Lords of the Fang bosses have been defeated.
11	These four bosses include Lady Anacondra, Lord Cobrahn, Lord Pythas and Lord Serpentis.
12	The event is started by escorting the Disciple of Naralex through the dungeon.
13	The Disciple of Naralex is found at the start of the dungeon.
14	Once the Disciple reaches the ritual stone where Naralex sleeps, you will be attacked by waves of enemies.
15	Mutanus' "Thunderclap" ability does high damage to the tank and any nearby melee DPS so ranged DPS is better for this fight.
16	He also has two abilities, "Terrify" and "Naralex's Nightmare" that both stun/sleep players so the healer should try to keep the group's health topped off as much as possible.
17	Before the encounter, you can pull the 2 Defias Watchman without drawing aggro from the boss.
18	If you cannot do this, use CC on one archer.
19	If you can't CC, kill the adds before the boss.
20	Be careful of patrolling elites.
21	He will be surrounded by Defias Miners that aren't elite.
22	Try picking them off before engaging Miner Johnson.
23	Click the line below if the rare spawn isn't available.
24	Clear the entire room before engaging Sneed's Shredder.
25	It uses an ability called "Terrify" that will cause you to run in fear.
26	Once the Shredder is killed, Sneed will hop out and the tank will need to pick it up quickly.
27	It will disarm the tank so give them time to get aggro.
28	A Goblin Engineer will pull when you engage him.
29	CC the engineer, or it will summing a Remote Controlled Golem, which is immune to most abilities.
30	If the Golem is summoned focus on the engineer.
31	When you approach the plank, he will automatically engage your group.
32	There will be two Defias Blackguard that are stealthed.
33	They need to die before you begin damaging Mr. Smite.
34	At 66% and 33% he will stun the group for nearly 10 seconds.
35	At 33% he will gain the ability to stun your tank.
36	It will be important to keep your tank healed up.
37	CC adds next to Captain Greenskin before pulling.
38	Start the encounter by killing the adds, CCing as many as possible.
39	When you begin the encounter, there will be two Defias Blackguard that break stealth.
40	CC and kill them before attacking Edwin VanCleef.
41	At 50% he will summon two more adds.
42	Repeat the process from before, killing the adds.
43	Finish the encounter after.
44	This is a bonus boss, on a little island below.
45	If you want to be safe, you can clear the adds below before jumping down.
46	Interrupt "Cookie's Cooking" spell or it heals him.
47	This is a straight forward encounter, with his only ability being "Soul Drain"
48	It will immobilize the target and gain health while casting it.
49	Pulling one of the 3 horses in the stable will pull all 3.
50	Use CC on at least one of the horses if possible as they deal high damage.
51	Focus them down one at a time.
52	Make sure your healer is prepared for the enounter before starting.
53	Clear the room before starting the encounter.
54	The fight itself is a simple enough.
55	Healers will need to watch for the "Veil of Shadow" ability when it is cast.
56	If you have a hybrid class in your group, support the healer when this ability goes off.
57	Veil of Shadows will reduce incoming healing by 75%.
58	This encounter starts with two adds.
59	Start by focus DPSing the Haunted Servitor.
60	You can either kill the Wailing Guardsman next, or have a Warlock or Hunter pet Off-tank it.
61	They have the "Disarm" and "Cleave" abilities, so be sure to keep them away from the group as a tank.
62	You can use CC or focus DPS them down quickly.
63	The tank should keep this boss 10 yards away from the group to avoid the AoE Silence it uses.
64	This boss has a dot ability and is otherwise simple.
65	In the he room where this encounter takes place, there are 4 adds that should be killed beforehand.
66	During the fight, he will summon additional Worg that should be killed.
67	For this encounter, you will want to have ranged DPS and Healers stand at the platform you entered the room in.
68	As the encounter progresses, Arugal will teleport around the room.
69	His standard attack, "Shadow Bolt" hits very hard.
70	There will be Defias enemies surrounding him in the room.
71	Use CC on the Defias before the encounter.
72	DPS should focus on the adds before engaging Targorr the Dread.
73	Finish off the CC'd adds after killing the boss.
74	DPS should focus on the adds before engaging Kam Deepfury.
75	There will be two Defias enemies along side Hamhock.
76	Use CC on them if possible before starting the enounter.
77	All DPS should focus on killing a single add at a time before switching to Hamhock.
78	Hamhock will cast "Chain Lightning" which will deal heavy damage to bunched up allies, so spread out as best as possible.
79	It will be important to keep the tank topped off during this encounter.
80	His "Smoke Bomb" ability will stun the group for 4 seconds upon use.
81	Bazil Thredd deals high amounts of single target damage.
82	His "Intimidating Shout" ability will cause your group to run in fear.
83	It is important to clear any area around him before engaging.
84	If you pull extra adds during the fear, be sure to use CC abilities on them as best you can.
85	DPS should focus down Dextren Ward as soon as possible.
86	Clear adds before engaging him and kill the boss.
87	Ghamoo-ra has high armor so melee damage will be significantly reduced.
88	Spread out as best as possible to avoid taking damage from "Trample".
89	Lady Sarevess will be patrolling a cave with 2 other Naga.
90	It's recommended that you kill them before engaging her.
91	Use CC abilities on her two bodyguards that accompany her.
92	Kill the adds before starting DPS on her.
93	Before starting the encounter, clear the room of the Murlocs.
94	Be careful not to pull them with the boss while clearing them out.
95	Once the room is clear of adds, kill Gelihast.
96	Kelris will cast the "Sleep" ability on a random party member.
97	The healer should keep the tank topped off in case they get slept.
98	If there is a hybrid class in the group and the healer is slept, you may need to assist.
99	To unlock the door, click each brazier one at a time and defeat the wave of enemies that spawn from them.
100	This is an optional encounter.
101	It takes place underwater.
102	Keep your eye out for air vents underwater.
103	Aku'mai deals high damage to a single target during "Frenzied Rage".
104	This ability lasts for 15 seconds.
105	High healing will be required for these phases.
106	This boss spawns from an event started by "Blastmaster Emi Shortfuse".
107	She will trigger an explosive tha twill cause mobs to spawn from a cave.
108	Grubbis will eventually spawn.
109	Before engaging in this encounter, it is recommended that you clear the trash in the room.
110	After that, the fight itself is simple.
111	This encounter is standard.
112	DPS the boss down and move on.
113	For this encounter, place the groups back against the wall to avoid being knocked off the ledge.
114	Click the line below to continue.
115	For this encounter, the DPS in the group should focus down "Walking Bombs" as they close in on the group.
116	Other than that, kill Thermaplugg in between them.
117	Clear the area before engaging Roogug.
118	If you have a warlock in your group, Banish the elemental at his side..
119	During the encounter, he will summon a boar.
120	DPS should focus target the boar down then switch back to the boss.
121	For this encounter, he will be assisted by two caster allies.
122	It is important to use CC abilities on them before starting the encounter.
123	DPS should focus down the adds before switching to the boss.
124	Death Speaker Jargba will use the "Dominate Mind" ability which will Mind Control a party member.
125	Save all cooldowns for the boss.
126	Overlord Ramtusk deals high single target damage.
127	He has two allies that should be CC'd.
128	CC should be focused on the Spearhides if possible.
129	Kill Ramtusk then the adds after.
130	Agathelos the Raging deals massive single target damage.
131	You might need back up heals if the healer can't keep up.
132	Have the casters stop casting when Blind Hunter is using it's "Sonic Boom" ability.
133	Click the line below if the boss isn't there.
134	Clear the platform before engaging then pull the boss.
135	Kill the totem he summons as soon as they appear.
136	If you have a Warlock, you can banish the elemental.
137	Charlga Razorflank deals high damage.
138	Pull them down fromt he hut and tank them at the platform below.
139	The group should spread out if possible.
140	Interrupt the "Chain Bolt" ability whenever it's being cast.
141	Clear the area before engaging Interrogator Vishas.
142	He will use "Immolate" throughout the fight, so be ready for extra healing.
143	For this encounter, ranged DPS should spread out to avoid taking damage from AoE attacks.
144	If you see an "Unfettered Spirit", you will be able to spawn this boss.
145	There are 6 different spawn points across the Graveyard that appear in intervals of 10 to 15 minutes.
146	Every 10 to 15 minutes, instead of an Unfettered Spirit, Azshir the Sleepless has a chance to spawn.
147	It will use the "Terrify" ability which will fear the group.
148	It will also use an ability called "Call of the Grave" which will damage an ally even after the boss is dead.
149	The Fallen Champion only uses melee abilities, including "Cleave" so spread out when possible.
150	Ironspine will use the ability "Poison Cloud" so spread out to avoid it.
151	For this encounter, Loksey will be accompanied by 3 elite Scarlet Tracking Hounds.
152	They will need to either be CC'd or killed immidiately.
153	Once the hounds are dealt with, kill Houndmaster Loksey.
154	For this encounter, he will cast "Detonation" which will damage the entire group.
155	When he does this, use the pillars to line of sight the ability.
156	This fight is very healing intensive, so if you have a hybrid class, additional healing may be required.
157	He will also cast "Silence" on casters.
158	You will need to collect "The Scarlet Key" from the Scarlet Monastery - Library dungeon to open this.
159	Additionally, a rogue with leveled "Lockpicking" skill can open the door.
160	The tank should keep Herod at the center of the room.
161	He will use the "Whirlwind" ability, he will become immune to magic damage.
162	Anyone at the center of the room should move from it to avoid getting hit by it, including the tank.
163	Casters should stay on the ledge above at all times.
164	When Herod dies, a group of non-elites will rush the room.
165	Clear the Cathedral before starting this encounter.
166	He will use the ability "Hammer of Justice" which will stun the target for 3 seconds.
167	He will use the "Divine Shield" ability, which will make him invulnerable to all damage.
168	She will primarily cast "Holy Smite", dealing magic damage to the tank.
169	When she is near death, she will sleep the entire party and revive Mograine.
170	Both of their health bars will return to full adn the tank will need to pick up Mograine immidiately.
171	DPS should focus on Whitemane, then Mograine.
172	He will cast "Curse of Blood" on a party member, which can be dispelled by a mage or a druid.
173	He will also use "Fear" and "Sleep" on random party members.
174	Clear the room and ring the gong to begin the encounter.
175	After each wave, you will need to ring the gong again until the boss appears.
176	The tank should face the boss away from the group when it spawns.
177	It's "Web Spray" ability will immobilize any ally in front of it.
178	Before engaging, clear the enemies around Mordresh.
179	The last pack of skeletons will draw the aggro of the boss.
180	This boss is vulnerable to melee damage.
181	Be sure to interrupt the "Fireball" ability.
182	Have the tank move out of it's "Disease Cloud" ability.
183	Heavy heals will be needed when Glutton enrages.
184	He will use "Dominate Mind" on a random group member, including the tank or healer.
185	It'll be important to have a back up healer or tank in case this happens.
186	Interrupt his "Heal" ability when possible.
187	The tank should tank him facing the tent where he's at.
188	The group should then stack on top of the tank to reduce damage from "Frost Nova".
189	He will summon "Frost Spectres".
190	As soon as one appears, the damage should switch and kill it quickly.
191	This is an optional fight.
192	Speak with Belnistrasz to start the event.
193	Waves of enemies will spawn and may require additional off tanks.
194	When Belnistrasz is finished channeling, Plaguemaw the Rotting will spawn.
195	Use Crowd Control abilities on the 2 Stonevault Rockcheres if possible.
196	If you have no Crowd Control, burn them down before the boss.
197	Interrupt his "Chain Lightning" ability when possible.
198	She is immune to Damage Over Time effects.
199	The tank should face her away from the rest of the group to avoid them being hit with "Arcing Smash".
200	Range spread out.
201	This boss is immunity to Damage Over Time abilities.
202	At 66% and 33% Health, it will spawn two Obsidian Shards.
203	DPS should switch to killing these before going back to the boss.
204	This boss has immunity to Damage Over Time abilities.
205	It also casts the ability "Sand Storms", which will cast Slow and Silence on those caught in it.
206	He will be accompanied by Shadowforge Geologists.
207	Heavy AoE damage will be inflicted upon your group.
208	The Tank should pick up Galgann Firehammer and move him away from the Shadowforge Geologist.
209	Keep him faced away from the group.
210	Use Crowd Control abilities on one Shadowforge Geologist, then kill the other.
211	After, then kill the last Shadowforge Geologist.
212	Then, switch to Galgann and kill him.
213	He is accompanied by a Stonevault Geomancer, Stonevault Brawler and a Jadespine Basilisk.
214	Use a Crowd Control ability on one of the adds.
215	Then, use all cooldowns and burn down Grimlok as fast as possible.
216	After, deal with the adds.
217	He will summon adds through the encounter.
218	When they appear, all DPS should kill them as soon as possible.
219	The fight is long, so healers should conserve mana when possible.
220	During the encounter, he will summon "Sul'lithuz Broodlings" and "Servants of Antu'sul".
221	When they appear, all DPS should switch to the adds and kill them.
222	He will summon various totems that should be destroyed as soon as they appear.
223	This is a mini boss found in the dungeon.
224	He will cast "Fevered Plague" on group members, dealing damage over time.
225	When he reaches 30% health, he will become immune to physical and shadow damage.
226	Zum'rah will cast "Shadow Bolt Volley" which will need to be interrupted.
227	He will also summon zombies from nearby graves that will attack you.
228	All DPS should switch to the zombies before moving back to the boss.
229	Whenever he summons a totem, you should also focus on those.
230	He will be accompanied by Shadowpriest Sezz'ziz.
231	Have DPS burn down Nekrum Gutchewer before burning down Sezz'ziz.
232	Be sure to interrupt Sezz'ziz' "Heal" ability throughout the encounter.
233	After Nekrum has been defeated, quickly burn down Sezz'ziz.
234	He will be accompanied by a group of other elites.
235	DPS should prioritize killing Murta Grimgut and Oro Eyegouge before all else.
236	Make sure the tank faces the bosses away from the group.
237	Melee allies should damage him from behind to avoid its "Cleave" ability.
238	Kill Ruuzlu, then Ukorz.
239	She patrols around a room filled with elite enemies.
240	Clear as many as you can without pulling her.
241	Once you've cleared a safe spot, pull Velratha into the hallway from where you fought Sergeant Bly.
242	To summon Gahz'rilla, you will need the "Sacred Mallet" that drops from Qiaga the Keeper in the Hinterlands.
243	You will then need to use the mallet at the altar in Jintha'Alor, also found in the Hinterlands.
244	Clear the entire room before ringing the gong with the "Mallet of Zul'Farrak".
245	When engaging, the tank should face him away from the group.
246	If you don't, the group will be tossed up in the air.
247	He wanders all over the first half of the dungeon.
248	Line of sight him into melee range as soon as possible.
249	Afterwards, the fight is straight forward.
250	Have the entire group stack on top of each other to avoid the bosses ranged abilities.
251	He will occasionally use his "Blink" ability, causing him to move away from the group.
252	Be sure to stack in melee range of the boss as soon as possible whenever this happens.
253	If you have a Warlock, you can banish the one of the two adds that appear.
254	Defeat the boss, then finish the adds.
255	Noxxion will use "Toxic Volley" which will deal damage to the entire group.
256	During the fight, he will split into tiny versions of himself which need to be killed before you can resume damaging him again.
257	Razorlash uses the "Cleave" ability, so ranged sould stand at max range to avoid additional damage to the group.
258	It will also use the "Puncture" ability which will deal heavy damage to its target.
259	Meshlock patrols the waters near the start.
260	Ranged should stay spread out and it should be tanked away from the group.
261	Earth Shock can interrupt spellcasting.
262	The tank should pick up Corrupt Forces of Nature whenever they spawn.
263	Focus on killing Celebras first.
264	Interrupt Wrath whenever possible.
265	This is a reward from a short quest chain given by Cavindra outside the Foulspore Cavern - Orange dungeon.
266	The tank should keep him where he spawns.
267	The tank should also keep their back to the wall when possible.
268	Ranged stay at a distance.
269	Ranged will also need to avoid the "Theradrim Shardling" that spawns, which will disappear once the boss dies.
270	She has the ability "Repulsive Gaze" which will fear the entire group.
271	Use "Fear Ward" on the tank if possible.
272	Warriors ability "Berserker Rage" can negate the fear.
273	Also, use "Tremor Totem" if possible.
274	Ranged group members should stay at max range to avoid being knocked back by "Dust Field".
275	Jump down into the water.
276	Rotgrip deals high damage, so the fight will be very heal intensive.
277	You may need support heals.
278	Its ability "Puncture" will deal damage over time increasing this damage.
279	The tank should face him away from the group to avoid taking damage from "Gobling Dragon Gun".
280	After, the group should stack in close melee rang to prevent Gizlock from using his "Bomb" and "Shoot" abilities.
281	Clear the trash in the area as you travel around the platform.
282	Once cleared, the group will need to spread out and click each Atal'ai Statue in the numbered order indicated on the map.
283	The Atal'ai Statue will be green if done correctly and Atal'alrion will appear at the center of the room.
284	He has a threat clearing abilitiy, so it will be important for the tank to keep taunt available.
285	He will also knock players into the air who will take fall damage after.
286	Healers should focus on the member who got knocked into the air as soon as they land.
287	Tanks should keep the boss near a wall and be prepared to kite if the group healer gets knocked into the air.
288	There will be 6 sub bosses you need to kill.
289	To start, clear the Pit of Refuse of all mobs.
290	You'll run up the stairs and reach an area similar to the Atal'ai Statue area for the previous boss.
291	Instead of activating the Atal'ai Statues, there will be the bosses Loro, Gasher, Mijan, Zolo, Zul'lor and Hukku.
292	After defeating the Atal'ai Defenders, the way to Jammal'an will open up.
293	Clear the trash in the Lair of the Chosen, watching out for Atal'ai Deathwalkers "Fear" abilitiy.
294	Ghosts will spawn when some of the enemies die here, all of which you can do is kite run away from them.
295	Engage once all enemies are clear.
296	Separate Jammal'an and Ogum when the fight starts, killing Ogom as soon as possible.
297	Then, spread out as best you can.
298	Jammal'an will use the "Hex of Jammal'an" ability, transforming a party member into a hostil Berserker.
299	Switch damage to the "Hex of Jammal'an" then burn down the boss as quick as possible.
300	The tank should keep their back to the wall and keep all drakes facing away from the party.
301	All of their abilities hit in front of it, so this will save you needless healing.
302	Similar to the last encounter, the tank should keep their back to the wall and keep all drakes facing away from the party.
303	Clear all dragon enemies before pulling this boss or they will swarm you.
304	All ranged should stay at max distance to avoid being stunned by its "War Stomp" ability.
305	The abilities "Fade" for Priest, "Blessing of Salvation" for Paladin and "Feint" for Rogues should be used to mitigate threat when possible.
306	The target with the highest threat will be the target of Eranikus' "Deep Slumber" ability, which will make you unable to act for 15 seconds.
307	Melee never stand in front of this boss.
308	This is a long fight so side heals might be necessary.
309	Clear trash in the Sanctum of the Fallen God.
310	This boss can only be summoned by using the "Egg of Hakkar" which is for the quest "The God Hakkar".
311	Players whom have completed the quest can use "Yeh'kinya's Scroll" to summon as well.
312	Once used, kill adds that spawn.
313	Eventually, a Hakkari Bloodkeeper spawns.
314	Collect the "Hakkari Blood" from their corpse and extinguish the Braziers in the room.
315	Repeat the process until all are extinguished.
316	The Avatar of Hakkar will use "Cause Insanity" on random players.
317	CC or Stun the player if possible until it wears off.
318	He will also use "Shadow Word: Pain" which should be dispelled when possible.
319	Her most dangerous ability is "Psychic Scream" which will fear the entire group, possibly leading to adds being pulled.
320	"Fear Ward" and "Tremor Totem" will come in very handy during this encounter.
321	Fight her in a corner of the room to try and control where your party runs during fear.
322	Dispel her "Shadow Word: Pain" when applicable.
323	Interrupt her "Mana Burn" when possible also.
324	The "Prison Cell Key" is important to loot from her before moving on.
325	This boss can use "Earth Shock" which will interrupt any casters spells and prevent casting for 2 seconds.
326	It also casts "Flame Shock" which will leave a dot on a party member.
327	Before engaging him, pull and kill the two packs of hounds patrolling the room with him.
328	Range should keep their distance to avoid being interrupted with "Pummel".
329	Other than that, this is a pretty straight forward encounter.
330	There are multiple bosses that can appear in this event.
331	Gorosh the Dervish: Spread out to avoid "Whirlwind" damage and try to heal outside of "Mortal Strike".
332	Grizzle: Range should stay at max distance to avoid "Earth Shock".
333	Eviscerator: If applicable, have a priest use "Shadow Protection".
334	Ok'Thor the Breaker: He will use "Polymorph" on a random player in the group, which will need to be dispelled asap.
335	Anub'Shiah: Dispel it's "Curse of Tongues" and "Enveloping Web" abilities immidiately.
336	Hedrum the Creeper: Dispel the it's "Paralyzing Poison" and "Baneful Poison" when possible.
337	Clear all enemies along the path he patrols before engaging.
338	This boss hits very hard, so extra healing may be required.
339	Be sure to interrupt his "Holy Light" as to not prolong the encounter.
340	Ranged should keep their distance as he will interrupt you otherwise.
341	The most important thing for this encounter is to not get knocked off the platform.
342	Avoid its "Mighty Blow" ability to ensure that.
343	This is an optional boss and may be skipped.
344	Destroy his totems when they are summoned.
345	He will spawn adds which need to be killed quickly.
346	The tank will need to face him away from the group to prevent damage from "Magma Splash".
347	This boss is optional.
348	During the encounter, he will summon adds which need to be AoE'd down.
349	Aside from the tanks picking up adds, the fight is straight forward.
350	Have the group spread out as far as possible.
351	Purchase 6 Dark Iron Ale Mugs from Plugger and give them to Private Rocknot.
352	This will enrage him and cause Phalanx to burst through the door.
353	The group should spread out as far as possible to avoid "Thunderclap".
354	Heavy AoE healing will be needed for the encounter.
355	During the encounter, adds will spawn.
356	They will need to be killed before reaching Flamelash.
357	Casters need to watch out for its "Spell Reflection" ability.
358	They will spawn and come at you one at a time.
359	Each possesses a couple of weakened abilities from a class.
360	Interrupt whenever possible and burn them down quickly.
361	To open the door, kill Shadowforge Flame Keepers and collect two Shadowforge Torches.
362	Use them to light the braziers that open the door to Magmus.
363	For this encounter, the tank will need to position Magmus properly.
364	If this doesn't happen, the group will take heavy damage from the flame vents in the room.
365	During the encounter, your group will need to decide what to do with Princess Moira Bronzebeard.
366	Keep her CC'd if you chose to save her while keeping her away from AoE damage.
367	If you fail to keep her controlled, have a group member dedicated to interrupting her healing abilities.
368	Kill adds then focus on the boss.
369	This requires the Skeleton Key from the quest "The Key to Scholomance".
370	She has 3 abilities to look out for:
371	"Curse of Impotence" reduces magic damage output on the target and can be removed by a Mage or Druid.
372	"Curse of Weakness" reduces the melee damage output on the target and can be removed by a Mage or Druid.
373	"Paralyzing Poison" should be removed by a Druid, Shaman or Paladin if possible.
374	This boss is summoned by "Blood of Innocents", obtained from Blood Steward of Kirtonos, Doctor Theolen Krastinov and Jandice Barov.
375	Use it on the porch to summon Kirtonos.
376	The tank should keep their back to the wall to prevent knockback.
377	While in human form, he will use various curses that can be dispelled by Mages and Druids.
378	Once he transforms into a Gargoyle, the fight becomes very straight forward.
379	She will use the ability "Curse of Blood" which should be dispelled by Mages and Druids.
380	She will also summon Illusions of herself, which will need to be killed.
381	They cannot be AoE'd so you will need to single target damage all of them.
382	Carefully clear the area around Rattlegore before engaging.
383	He hits hard, so this fight will be healing intensive.
384	The tank should face him away from the group.
385	The Viewing Room Key comes from this encounter, which lets you progress further into the dungeon.
386	The tank should keep Marduk stationary when possible.
387	Range should stand far enough back to avoid being hit by Defiling Aura.
388	When he casts "Shadow Shield", melee will take extra damage each time they hit.
389	Avoid standing in his "Flamestrikes" radius when cast.
390	Clear the area around him before engaging.
391	If possible, interrupt his "Fear" ability, as well as his "Frostbolt Volley".
392	For this encounter, it is important to interrupt her "Heal" ability.
393	Druids and Mages should keep an eye out for "Call of the Grave" which sould be dispelled as soon as possible.
394	The tank should pull Theolen and keep their back to the wall.
395	The tank should also save defensive abilities for when the boss reaches 50% health.
396	He will gain 50% increased attack speed at that point, making the fight healing intensive.
397	He should be tanked at the lower level of the room, while all ranged stay at the top level and DPS/Heal from the balcony.
398	Anyone afflicted by "Volatile Infection" needs to move away from the rest of the party.
399	The tank should stand with their back to a wall, facing Ravenian away from the group.
400	Melee watch out for its "Cleave" and "Sundering Cleave" ability.
401	He is accompanied by two skeleton body guards which can be CC'd with either a Priests "Shackle Undead" or a Paladins "Turn Undead".
402	In the room, there is green liquid on the ground which the group must stay out of.
403	The tank must bull Alexei to max range from range so they don't take damage from "Unholy Aura".
404	Mages and Druids must dispel "Veil of Shadow" when a party member is afflicted with it.
405	She used the "Dominate Mind" ability on random party members.
406	Use CC abilities on them when it happens.
407	Clear the entire room to avoid pulling adds from her "Fear" ability.
408	She also uses the "Silence" ability, which will disable nearby casters from using spells.
409	The tank should keep him where he spawns if possible, while ranged stay stay at the top of the stairs.
410	During the encounter, he will teleport a random player to one of the rooms where previous bosses were.
411	That player will be locked in until the kill all enemies inside.
412	This includes the tank!
413	If the tank is teleported, you will need to kit the boss around the room until they are out.
414	Interrupt "Arcane Missile" on rotation.
415	Mages and Druids should dispel "Improved Shadow Bolt" as soon as possible.
416	It's a small wooden box on the ground.
417	Spread out as best you can to avoid being hit by "Flame Breath".
418	He will use "Smoke Bomb" which will stun anybody caught by it.
419	There are two spots he can spawn; Just before Fras Siabi and on the east portion of the map.
420	Interrup its spells when possible.
421	He can spawn after the rat gate.
422	Spread out a little to avoid being hit with "Multi-Shot".
423	He will randomly cast "Enchanting Lullaby" on a random player.
424	This boss spawns as you walk through the gate at the opposite end to where Timmy the Cruel is.
425	Be sure your health and mana are healed up before passing through the gate.
426	He will have non elite adds along with him.
427	To summon this boss, kill "Stratholme Couriers" found throughout the instance.
428	Collect the "Market Row Postbox Keys".
429	Next, find and open 3 of the locked Mailboxes.
430	Each mailbox will spawn a group of hard-hitting elites.
431	Let the tank open them if possible.
432	On the 3rd, Malown will spawn close to where Fras Siabi was.
433	If you haven't already, clear the area to avoid pulling adds during "Fear".
434	Mages and Druids should dispel "Curse of Tongues" when possible.
435	He will heal while using "Ravenous Claw", but other than that the fight is straight forward.
436	During the fight, he will use the "Lay on Hands" ability which will heal him significantly.
437	The chest behind him contains the "Medallion of Faith" for the quest The Medallion of Faith.
438	They are on the floor near boxes in the room.
439	This mob can be skipped if no one in the group needs the "Bottom Half of Advanced Armorsmithing: Volume II" for Blacksmithing.
440	He has no special abilities to account for.
441	His ability "Burning Winds" is a high damage DoT that will make this fight healing intensive.
442	If the tank is hit with the ability, the Galford may swap targets.
443	He uses the "Domination" ability on random players in the group.
444	Use CC on them to mitigate any damage they might do to the part.
445	Casters should stand at max range to avoid being feared.
446	This requires the Key to the City, which drops from Magistrate barthilas in Stratholme - Live.
447	The tank should keep their back to the wall.
448	He uses the "Mighty Blow" ability which will knockback the tank.
449	During the fight, it will summon "Crypt Scarabs" which will need to be AoE'd down.
450	It also uses "Pierce Armor" on the tank.
451	When this happens, the tank should use damage mitigating abilities.
452	They are near the buildings to the right of Baroness Anastari.
453	This mob can be skipped if no one in the group needs the "Bottom Half of Advanced Armorsmithing: Volume I" for Blacksmithing.
454	She will use the "Possess" ability which will mind control a random party member.
455	To break the Possess, you will need to damage the target to 50% health.
456	"Banshee Curse" should be dispelled by Mages and Druids.
457	She will also use the "Silence" ability randomly throughout the encounter.
458	It uses the "Vicious Rend" ability which will inflict heavy damage to the target.
459	He uses the ability "Ice Tomb" which most of the time will target the tank.
460	DPS should slow when this happen so they don't pull aggro.
461	Clear the room before engaging the boss.
462	Tank him with your back when possible.
463	The tank should pull him to the right side of the room.
464	Ranged should stand atop the bone piles located throughout the room.
465	Melee stack up behind the boss to avoid the "Cleave" ability.
466	When the adds spawn, dps should focus them down before going back to the boss.
467	He drops the "Crescent Key" which is needed for progression in the dungeon.
468	To start, engaging him will cause 4 Wildspawn Imps to spawn.
469	AoE them down as quickly as possible.
470	Interrupt his "Fireball" ability when possible.
471	When he has the "Spirit of Runn Tum" buff, he has a 50% chance to reflect spells back to casters.
472	Interrupt her "Void Bolt" when possible.
473	Mages and Druids should dispel "Curse of Tongues" and "Curse of Thorns" when group members are afflicted.
474	Kill her imp, Pimgib, then her after.
475	Kill the Hydrolings that spawn before focusing on the boss.
476	During the encounter, he will teleport random group members to his ritual and cast "Sacrifice" on them.
477	The target will need big heals to survive.
478	He will also use an AoE ability "Shadow Word: Pain" which should be dispelled as quickly as possible.
479	Clear all mobs as you go down the ramp, or they will aggro as adds when you begin the encounter.
480	During the encounter, Alzzin will shapeshift, dropping all established aggro.
481	Give the tank time to establish aggro before resuming DPS.
482	Cleanse the "Wither" spell he casts when possible.
483	When he casts "Wither" it can also be interrupted.
484	You need a Crescent Key to unlock this door.
485	This drops from Pusillin in the "Dire Maul - East" dungeon.
486	Ranged should keep at a distance to avoid his "Knock Away" and "Shield Charge" abilities.
487	His main ability is "Booze Spit" which will reduce the groups accuracy by 75%.
488	Like Mol'dar, ranged should keep a distance to avoid being hit by "Knock Away" and "Shield Charge".
489	He hits hard so the fight will be healing intensive.
490	He uses the ability "Intimidating Shout" which will fear your group, so clear the room.
491	At 50% Health he summons 2 Gordok Reavers, which should be CC'd.
492	Casters stay at max range of the boss.
493	DPS should focus on killing Cho'Rush first.
494	Keep an eye out for King Gordok's "Heal" ability and interrupt it when possible.
495	Clear all ancients in the area before engaging Tendris.
496	Melee should move away when it uses the "Trample" ability.
497	Range stand at max distance to avoid being hit with "Entangle".
498	Dispel "Shadow Word: Pain" when an ally is afflicted by it.
499	Interrupt his "Mind Blast" and "Mind Flay" spells when possible.
500	Use CC abilities on group members who are afflicted by "Dominate Mind".
501	This will be a healing intensive encounter.
502	Dispel her "Blind" ability on allies when afflicted.
503	The group should stand in melee range to avoid her abilities.
504	Kill Illyanna, then Ferra after.
505	He will use the "Eye of Immol'thar" ability during the encounter, spawning eye enemies around the room.
506	Designate a ranged attack to deal with them.
507	At 50% health, he will enrage, increasing his attack speed by 60%.
508	At this point, it will become a healing intensive encounter.
509	This is a healing intensive fight.
510	The tank should face their back to the wall to avoid being knocked back by his "Arcane Blast" ability.
511	When Arcane Blast is used, his aggro will reset, so it's best to stop DPS until the tank can establish aggro once more.
512	An Alchemist can make this with 4 Khadgar's Whisker, 2 Wintersbite and 1 Leaded Vial.
513	An Engineer can make this with 3 Thorium Bars and 1 Runecloth.
514	In the Tribute run, you won't be killing any boss save for King Gordok.
515	To accomplish this, avoid entering the Courtyard in the first area.
516	Run along the ledges of the room.
517	He has a short aggro range.
518	By moving along the left side of the room as soon as you enter the instance you will completely avoid him.
519	Hug the right side of the room, the use the ramp up North to sneak to Fengus' Chest.
520	He patrols around the area so keep an eye out.
521	Clear the room of trash while watching for his patrol.
522	Activate the trap, then drag Guard Slip'kik to it.
523	Clear nearby trash without pulling him before doing this.
524	If someone else in the group has the suit and you don't, they will need to do this.
525	A member of the group will need the Gordok Inner Door Key from Guard Mol'dar from a previous run.
526	Use CC on Cho'Rush the Observer when possible.
527	Be sure not to kill Cho'Rush the Observer.
528	It's at Gordok's seat just before the boss encounter.
529	CC one of the two adds that accompany him.
530	The tank should stand away from the group after picking up Highlord Omokk.
531	Ranged should stand with their backs to a wall.
532	If you can't CC more than one, kill the add, then Omokk.
533	Omokk hits hard so the fight will be healing intensive.
534	She will be accompanied by 2 "Smolderthorn Shadow Priests".
535	CC one of them.
536	The tank should take Shadow Hunter Vosh'gajin away from the group.
537	DPS down the Priests one at a time, then focus on Shadow Hunter Vosh'gajin.
538	Mages and Druids should remove the "Curse of Blood" ability.
539	Spread out as best as possible to avoid multiple group members being afflicted by "Hex".
540	Clear the rooms leading up to him before engaging.
541	War master Voone hits hard, so this will be a healing intensive fight.
542	Wait for the tank to establish aggro before DPS jumps in.
543	The tank should have their back to a wall during the encounter.
544	If Voone changes targets, all DPS should stop until the tank re establishes aggro.
545	He can spawn in any of the packs of mobs around tents, and sometimes patrols.
546	On the way to her, Druids can use the "Hibernate" ability to CC them if one is available.
547	When you reach her, the tank should face her away from the group to avoid her "Crystallize" ability.
548	Her "Mother's Milk" ability will temporarily stun party members.
549	Collect the Pike on the ledge just after Mother Smolderweb.
550	Whoever picked up Omokk's Head should do this.
551	Clear the room of ogres then combine the two to summon Urok Doomhowl.
552	After, waves of elite ogres will spawn.
553	Clicking the pike will insta kill one of the ogres every 30 seconds.
554	Use CC on additional ogres to mitigate damage to the group.
555	Eventually, Urok will spawn.
556	Let your tank establish aggro before engaging.
557	Clear the entire room that he patrols before engaging him.
558	Avoid him when possible, until the room is clear by waiting for him to patrol past the group.
559	Halycon will be accompanied by "Worg Pups" which will need to be AoE'd down.
560	The tank should pick up Halycon while this is happening, establishing aggro.
561	Once the adds are taken care of, DPS should move to Halycon.
562	Replenish health and mana as soon as it dies as the next boss will be entering the room.
563	This boss hits hard, so it will be a healing intensive fight.
564	It heals with each use of "Fatal Bite", dealing out massive damage to the tank.
565	It will also use the "Infected Bite" ability on your tank.
566	Let the tank establish aggro before starting DPS.
567	The tank needs to face Wyrmthalak away from the group.
568	Melee be sure to stand behind him to avoid its "Cleave" ability.
569	CC adds as the spawn and DPS Overlord Wyrmthalak as fast as possible, moving to the adds after he is dealth with.
570	This will start the fight.
571	The Tank should keep him away from the group.
572	Melee will need extra heals during the encounter from its AoE attacks.
573	Clear all dragon spawn before starting the event.
574	Click on father flame and take the item to start the event.
575	DPS need to focus down "Rookery Hatchers" as quickly as possible.
576	AoE down whelps that spawn meanwhile.
577	Tanks pick up "Rookery Guardians" as soon as they appear.
578	Tanks should have their backs to the wall for these.
579	After a bit, Solakar will spawn, who will also need to be tanked with against the wall.
580	Finish off the whelps before switching DPS to Solakar.
581	Hug the wall after to avoid spawning additional whelps.
582	The tank should have their back to the wall.
583	All ranged should be at max distance as well.
584	They will spawn after clearing the gauntlet of orcs and dragon spawn.
585	Focus on Flame Tongues, Dragonguard, Dragon Spawn, Chromatic Dragonspawn, Chromatic Whelps then Blackhand Orcs in that order.
586	When Gyth appears, the tank should face it away from the group.
587	At 20%, Rend will join the fight.
588	The Offtank should immediately grab Rend.
589	Finish off Gyth before switching to Warchief Rend Blackhand.
590	Melee move out of range when he casts the "Whirlwind" ability.
591	It's "Berserker Charge" ability targets the player with the most aggro.
592	The tanks must ensure that they have the highest aggro at all times.
593	All ranged should stand at max range to avoid its "Fear" ability.
594	The final ability will be "Flamebreak".
595	It will knockback anyone near it, so the tanks should fight The Beast with their back to the wall.
596	To start, if you have a hunter, you can have them kite General Drakkisath into The Beasts room and feign death while the group burns down the "Chromatic Elite Guards".
597	You can also tank all 3 where they stand, AoEing down the Elite Guards as quickly as possible.
598	Melee should stand behind Drakkisath at all times.
599	The Tank should have their back to the wall.
600	Use the Leveling guides to accomplish this.
601	They look like purple raptors.
602	Aim for the stone.
603	He is stealthed inside the cave.
604	She is the first boss of the dungeon.
605	She can spawn at several locations in the Screaming Gully.
606	He is the second boss of the dungeon.
607	Follow the water path west from the Screaming Gully into the Pit of Fangs.
608	Follow the path up and around through the Pit of Fangs.
609	He is the third boss of the dungeon.
610	Leave the Pit of Fangs and reenter the Screaming Gully.
611	Follow the water path east to briefly enter The Wailing Caverns and then the Crag of the Everliving.
612	Continue through the Crag of the Everliving to reach the Winding Chasm.
613	Immediately after reaching the Winding Chasm, follow the right path northeast through the small pool of water.
614	He is back in the northern part of the Winding Chasm.
615	After killing Lord Pythas in the Winding Chasm, head southeast to enter The Wailing Caverns.
616	Continue south a short distance and head left after reaching an area with lots of small white candles on the ground and a Druid of the Fang.
617	You will now be back in the Winding Chasm, continue straight southeast through this cave section, passing a pool of water on your left.
618	You will reach a fenced off area with two Druid of the Fang guards and an optional boss, Skum.
619	Follow the path to the right of the fence and continue going southwest to reach the Crag of the Everliving.
620	Carefully jump across the gap by the small waterfall and continue along this upper path to reach Lord Serpentis.
621	They are found throughout the dungeon.
622	They are found in the Screaming Gully.
623	They are found in the Pit of Fangs.
624	They are found in the Crag of the Everliving.
625	They are found in the Winding Chasm.
626	He is standing at the dungeon entrance.
627	This will only be an available option once the previous bosses have been killed.
628	Kill the enemies that spawn and attack and don't let him die.
629	This will be easier if the Screaming Gully is already cleared of enemies.
630	He will spawn at Dreamer's Rock, after several waves of enemies.
631	He spawns around this location, so it may be easier to kill enemies around this area while waiting for him to either spawn or walk here.
632	He looks like a ghoul.
633	The second boss of the dungeon.
634	The last boss of the dungeon.
635	Aboard the ship.
636	Follow the path inside the dungeon to enter The Drowned Sacellum.
637	Swim to the south side of the room and then jump across the platforms to reach the southwest path.
638	Continue following the path to enter The Pool of Ask'ar.
639	It is underwater to the north of Gamoo-ra.
640	Head southwest again in The Pool of Ask'ar and swim into the underwater cave.
641	He is laying on the ground inside the underwater cave.
642	The fourth boss of the dungeon.
643	Leave the underwater cave and reenter the main room in The Pool of Ask'ar.
644	Swim south and follow the path to the left to reach the Moonshrine Ruins.
645	Follow the path southeast through the Moonshrine Ruins into the Moonshrine Sanctum.
646	They are found throughout the instance.
647	This is the final boss of the Deadmines dungeon.
648	Use our Dungeon guides to accomplish this.
649	He is the first boss of the dungeon.
650	He should be in one of the side rooms at the start of the dungeon or the single room straight to the north.
651	After entering, head north and follow the path east, he is in the second small room on the left.
652	He is the fourth boss of the dungeon.
653	Follow the east path all the way to the end.
654	He is the fifth boss of the dungeon.
655	Follow the west path all the way to the end.
656	Use it on Irradiated Invaders or Irradiated Pillagers.
657	Stay on the upper levels of The Hall of Gears and follow the path around to the southwest to enter The Dormitory.
658	After entering The Dormitory, follow the path around to the left to continue to The Dormitory's lower level.
659	It is up against the wall in the lowest level of The Dormitory area.
660	It is the first boss of the dungeon.
661	It is in the lower level of the Hall of Gears.
662	Leave The Dormitory and reenter The Hall of Gears and then jump down to the lower level.
663	Use it on Viscious Fallout's corpse.
664	He is in the center of the upper level of the Launch Bay.
665	Follow the west path from The Hall of Gears to enter the Launch Bay.
666	It's up in the Launch Bay platform, with Electrocutioner 6000.
667	It is found in the lower level of the Engineering Labs, along with Crowd Pummeler 9-60.
668	Stay on the upper level of the Launch Bay and follow the southeast path to reach the Engineering Labs.
669	After entering the Engineering Labs, go left and follow it a short distance to ride an elevator down to the lower level.
670	It is on the opposite side of the large structure in the center of the room after getting off the elevator.
671	They look like square upright machines scattered all over the instance.
672	He is the last boss of the dungeon.
673	Leave the Engineering Labs through the lower level and follow the southwest path up and out, then continue west after the path splits.
674	It will be in the hand of a corpse on the ground.
675	This will summon a gopher.
676	This will allow you to command the gopher.
677	Once past Overlord Ramtusk, go to the biggest hill from the area with many bridges.
678	Jump down from the platform where Charlga Razorflank was and head to the tent to the left.
679	He will be at the entrance after the completion of the escort quest.
680	Follow the path to enter Huntsman's Cloister, then continue south to the small room.
681	Continue through Huntsman's Cloister to enter the Gallery of Treasures.
682	Once through the Gallery of Treasures the map will change back to Scarlet Monastery.
683	It will be on the ground on the left side of the room.
684	It looks like a small book on the ground below a window.
685	This quest requires you to kill bosses in Scarlet Monastery - Library, Armory and Cathedral.
686	Use the Scarlet Monastery Armory Quests and Scarlet Monastery Cathedral Quests guides to accomplish this.
687	If you haven't completed the other objectives yet, skip this for now.
688	He is the only boss of the dungeon, found all the way at the end.
689	Use the Scarlet Monastery Library Quests and Scarlet Monastery Cathedral Quests guides to accomplish this.
690	It looks like a grey and black lockbox on the ground behind Arcanist Doan, the final boss of the dungeon.
691	This key is required to open the doors to access the last two wings of the Scarlet Monastery Dungeon.
692	If someone in your group already has the key you can skip this step.
693	He is the last boss of the dungeon, found all the way at the end.
694	She is the last boss of the dungeon, found all the way at the end.
695	It looks like a large wooden fence on the north side of The Murder Pens.
696	Follow the path left along the north side of the dungeon to reach the Spiral of Thorns and eventually The Caller's Chamber.
697	Continue through The Caller's Chamber to reach The Murder Pens and immediately go left.
698	Be sure to clear each area of enemies as you go.
699	Inside the Holding Pen.
700	Accepting this quest will automatically start the escort after a few seconds.
701	All group members will need to accept it at the same time to avoid missing the quest.
702	It will be in the room where he was channeling.
703	Follow the left path out of the Belnistrasz escort room, then go right in the Spiral of Thorns and jump down.
704	From here, go west and follow the path as it wraps up and around, eventually reaching Amnennar at the top.
705	You can find more inside the cave.
706	He patrols through the tunnels before the entrance.
707	He has a slow respawn rate.
708	He's laying on the ground surrounded by enemies.
709	Follow the path through the first corridor to enter the big open room, then follow the left corridor and enter the room to the south to reach Dig Two.
710	On the table behind Baelog.
711	It looks like a tall brown urn in the southeastern side of Dig Two, to the right of the large double doors.
712	Leave Dig Two and go left.
713	In the Map Chamber, just after Revelosh.
714	This will only be usable by someone with the Staff of Prehistoria.
715	This will open the locked door, guarded by the boss Ironaya.
716	After defeating Ironaya, enter the room she was in.
717	Looting this will cause a few enemies to spawn.
718	It looks like a stone chest on the northwestern side of Dig Three.
719	Proceed north and follow the western-most path.
720	After passing through the caves with bats you'll reach a more open area with a pit of non-elite scorpions.
721	Go left here and immediately left again to reach Dig Three.
722	It is against the wall in Dig Three.
723	Leave Dig Three and go left, then continue left to the end of The Stone Vault.
724	Leave The Stone Vault and follow the left path to reach the Hall of the Crafters.
725	In the room behind Archaedas.
726	You will only be able to access this room after Archadas is defeated.
727	They are scattered throughout the instance.
728	They look like a pair of mushrooms along the walls of the cave areas.
729	You can find more outside of the dungeon.
730	There are elite enemies at the top of the temple.
731	Complete the quest goal and immediately run away to safety.
732	Upstairs inside the building, at the top.
733	At the top of the Altar of Zul.
734	These have a low spawn rate.
735	Follow the path north and then go right when the path splits.
736	Quickly go left afterwards and then north.
737	Continue following the path west and run up the stairs to reach the top of the large pyramid.
738	Kill the Sandfury Executioner and then open the cages to start the event.
739	He will be killable after you release them from captivity and clear the temple event.
740	Follow the path southeast to reach the large room with a pool in the center.
741	Clear the room.
742	Use it near the gong atop the pool of water.
743	They are found all around the instance, but mostly in the scarab room with Theka the Martyr.
744	These drop from troll enemies inside of Zul'Farrak.
745	It will likely take multiple runs to complete.
746	He spawns in multiple locations outside of the Maraudon dungeon.
747	Use it on the Spirit of Gelk.
748	Use it on the Spirit of Kolk.
749	Use it on the Spirit of Magra.
750	It is the first boss on the Orange side of Maraudon.
751	After entering the dungeon, run up the stairs and follow the path to the right whenever possible.
752	Use it on the Spirit of Veng.
753	He walks around the Orange side of Maraudon.
754	While in the Foulspore Cavern, or Orange side of Maraudon, there will be tree stumps with a red top.
755	You won't be able to target them.
756	They have five leaves growing out of them.
757	Use the Filled Cerulean Vial near them and Noxxious Scion will spawn.
758	Use it on the Spirit of Maraudos.
759	He walks around The Wicked Grotto in the Purple side of Maraudon.
760	He is Purple side of Maraudon.
761	Proceed through The Wicked Grotto and enter the Vyletongue Seat.
762	He is in a small room on the northern side.
763	Continue through the Vyletongue Seat and into the Poison Falls.
764	Once you reach the Poison Falls, continue working your way west and then south, where he will be on a small island.
765	He will appear after you kill Celebras the Cursed.
766	Click the stone he leads you to.
767	She is the last boss on the Purple side of Maraudon.
768	Continue going south and jump down the waterfall.
769	Continue following the path south through the dungeon to reach Zaetar's Grave.
770	Princess Theradras is found at the end of Zaetar's Grave.
771	He will appear at the center of the room once Princess Theradras is killed.
772	These drop from enemies inside of Maraudon.
773	They share a spawn with Groddoc enemies around this area.
774	They share a spawn with Ironfur enemies around this area.
775	You may need help with this quest.
776	Follow the path west to reach an open room with a large pyramid on the western side.
777	Continue following the path southeast to reach the large room with a pool in the center.
778	These have a low drop rate.
779	They look like silver stone tablets along the walls around this area.
780	After entering the dungeon follow the left path and then go down the stairs to reach the Hall of Serpents.
781	Run around the outside ring and clear each of the small inside rooms.
782	Click the serpent statues in the inside rooms in this order:
783	South, north, southwest, southeast, northwest then finally the northeast altar.
784	Atal'alarion will appear after clicking the statues in the correct order; jump down and kill him.
785	At the top of the stairs in The Pit of Refuse.
786	In the center of the room in The Pit of Refuse.
787	Follow the path up and out of The Pit of Refuse.
788	Follow the left path again and go up three large sets of stairs, immediately go right to follow a short hallway and reach the upper level of The Pit of Sacrifice.
789	There should be an elite enemy named Hukku channeling a spell on this balcony; kill him and then go back down the short hallway, but turn right and continue up the stairs to the Hall of the Cursed.
790	Proceed around this room, following each set of stairs up or down to find additional balconies with named enemies channeling a spell.
791	There are a total of six named elites that need to be killed in order to remove that barrier blocking the way to Jammal'an the Prophet.
792	After all six balconies have been cleared, drop down from the final balcony into The Pit of Sacrifice.
793	Follow the southeast path to reach Jammal'an the Prophet.
794	Return to the main central room in The Pit of Sacrifice and follow the southern path.
795	It looks like a stone table in the northeastern corner of the room with the Shade of Eranikus.
796	Use it next to the skeleton laying on the ground in the Sanctum of the Fallen God.
797	Return to the main central room in The Pit of Sacrifice and follow the southwestern path to reach the Sanctum of the Fallen God.
798	Use it to put out the braziers in each corner of the room.
799	It will spawn after the four Eternal Flames have been extinguished.
800	These can also drop outside of the instance.
801	Murk Worms, Deep Lurkers and Saturated Oozes specifically drop the quest item.
802	They look like red dragons flying low to the ground around this area.
803	They look like small rectangular stones on the ground around this area.
804	Only Tempered War Golems, Heavy War Golems, and Magma Elementals will drop this quest item.
805	They are elite enemies, you will likely need help with this.
806	Try to find someone to help you.
807	Doing this quest unlocks more quests that give easy experience, so it's important to get it done.
808	Save the Hoard of the Black Dragonflight for later.
809	You will need to be dead to talk to the next quest giver.
810	You must be dead to talk to him.
811	He patrols around this area.
812	Just clear the first few rooms of the dungeon, killing all the Anvilrage dwarves and resetting the instance if needed, until you get the item drop.
813	After entering the dungeon, go straight into the Detention Block and then take the first right.
814	Follow this path around until you can go left into a room at the back of this long hallway.
815	Leave the room with High Interrogator Gerstahn and continue left through the tunnel.
816	While in the tunnel, open the second interactable Cell Door on the right.
817	Inside the cell.
818	Leave the cell that was holding Kharan Mighthammer.
819	Stick to the left wall.
820	Open the door two cells down to gain access to Marshal Windsor.
821	Leave the tunnel and head east through the Detention Block and then turn left after reaching the Halls of the Law to start the Ring of the Law event.
822	Complete the event and then exit through the west gate to enter the Eastern Garrison, immediately take a sharp right and go up the stairs to reach the upper level of the arena.
823	Follow the path around the arena and go down the ramp on the other side, go left and across the bridge to The Domicile.
824	Continue down the ramps in The Domicile to enter Shadowforge City, take the second door on the right to enter the Hall of Crafting.
825	Fight down to the lower level of the Hall of Crafting.
826	Fineous walks around this area.
827	Retrace your steps back through the Hall of Crafting, Shadowforge City and The Domicile to cross the bridge and reach the Shrine of Thaurissan.
828	Continue straight until you reach the deadend with the Monument of Franclorn Forgewright sitting against the far wall.
829	Turn around and cross the bridge in Shadowforge City to once again reach The Domicile.
830	Follow the same path as before to reach the Hall of Crafting where you killed Fineous Darkvire.
831	Continue down through the Hall of Crafting's lower level to reach the boss Lord Incendius.
832	Defeat him and keep going to reach the Dark Iron Highway.
833	Bael'Gar is at the very end of the Dark Iron Highway.
834	Use it on Bael'Gars corpse.
835	Run back down the Dark Iron Highway, take the first right and unlock the gate on your left.
836	Unlock the first door on your left to enter East Garrison.
837	In the lower part of this room, click the Shadowforge Lock, then run up the two sets of stairs and follow the hallway on the left just before the third set of stairs.
838	Follow the path through the hallway to reach the West Garrison.
839	When you reach a room with stairs on your left, go down them to find General Angerforge.
840	Go back up the stairs next to General Angerforge and continue north to reach The Manufactory and Golem Lord Argelmach.
841	Turn around to leave The Manufactory, but go left instead and follow the path to reach The Grim Guzzler.
842	She walks around the Grim Guzzler.
843	He's at the bottom level of the Grim Guzzler.
844	They look like wooden kegs sitting in a side room in the lower section of The Grim Guzzler.
845	Destroy all three kegs to spawn Hurley Blackbreath.
846	Open all 12 of them inside of the Black Vault after clearing the room.
847	Proceed back through The Domicile to reach the Shadowforge City, then take the first door on the right to enter The Black Vault.
848	He will spawn once all 12 Relic Coffer Doors have been opened.
849	It looks like a small red crystal sitting on a purple pillow against the wall underneath the Dark Coffer.
850	He is in a prison cell inside the Detention Block.
851	After entering the dungeon enter the first room and then take the third tunnel on the right.
852	If you enter the Halls of the Law you went too far.
853	Make sure everyone turns this quest in before anyone accepts the next one.
854	Accepting Jail Break! will start the escort quest and other party members will not be able to interact with Marshal Windsor.
855	He will walk around the Detention Block and Halls of the Law, so clearing these beforehand can be helpful.
856	There will be a few cells he will have you open. Sometimes you'll have to fight the prisoners or talk to a friendly NPC to free them.
857	Eventually he will walk back to the dungeon entrance and escape.
858	Dwarf enemies drop these.
859	These are gathered with the Herbalism Profession.
860	Load the "Gromsblood Farming Guide" to accomplish this.
861	You can also buy these from the Auction House.
862	These are elite.
863	You must be in the water.
864	After entering the dungeon, go left through the Shadowforge Gate and head north to reach the Dark Iron Highway.
865	Continue east through the Dark Iron Highway to reach the Shadowforge City and Lord Incendius.
866	She walks around The Grim Guzzler.
867	Go back through the Dark Iron Highway and go left to enter the Detention Block.
868	Go through the Shadowforge Gate and then through the East Garrison Door.
869	Follow the path through the hallway to reach the West Garrison, then go right and down the ramp to reach The Manufactory.
870	Take another right and follow the path to reach The Grim Guzzler.
871	Don't kill Princess Moira Bronzebeard during the encounter.
872	Interrupt her heals otherwise the encounter will be complicated.
873	You will not be able to turn in the quest if you kill her.
874	Leave The Grim Guzzler through the northeast door that is now open, go through the door on your first left and down the ramps.
875	Go left again through the Chamber of Enchantment and north through the Mold Foundry.
876	Continue through the Summoners' Tomb to reach The Lyceum.
877	Kill the Shadowforge Flame Keepers in the center of the room and use the Shadowforge Torches that they drop to light the Shadowforge Braziers in the east side of the room in order to proceed.
878	Proceed east through The Iron Hall, defeat Magmus and then finally enter The Imperial Seat.
879	She is in the room where Emperor Dagran Thaurissan was.
880	On top of the platform.
881	He's in the northwest part of the Warpwood Quarter.
882	He will run off after speaking to him.
883	If you don't do this, he will not be killable later.
884	He's in the southern part of the Warpwood Quarter, near the dungeon entrance.
885	He's in the northeastern part of the Warpwood Quarter.
886	Follow the northeastern path from the Warpwood Quarter to reach The Hidden Reach.
887	Continue east down the path through The Hidden Reach to find him.
888	He will be in the Hidden Reach, straight through the tunnel.
889	Continue southeast and run up the ramp to the small upper platform.
890	After killing Pusillin go west up the ramps back the way you came through The Hidden Reach.
891	After going up the ramps and before reentering the Warpwood Quarter, enter the left room.
892	Go south in this room and then run up the large ramp to reach the upper level to find Lethtendris.
893	This boss must be defeated to gain access to the last boss, Alzzin the Wildshaper.
894	After killing Lethtendris follow the southeastern path down the spiral ramp.
895	Once in the next room go north and follow the ramp up.
896	After killing Zevrim Thornhoof jump off the west side of the platform.
897	Follow the path in the southwestern part of the room to reach The Conservatory.
898	Go north through The Conservatory to find Ironbark the Redeemed.
899	After talking to Ironbark the Redeemed, continue north through The Conservatory.
900	It looks like a small glowing red object sitting on the ground next to a twisted vine plant next to the boss.
901	Use it next to the twisted vine plant next to the boss.
902	He is the first boss in the Dire Maul East dungeon.
903	Use the Dire Maul East dungeon guide to accomplish this.
904	This item is required to enter Dire Maul West.
905	If someone else in the group has it you can skip this step.
906	You will need the Crescent Key from Dire Maul East or a Rogue to open this.
907	Head west a short distance in Capital Gardens and kill the enemies around the large glowing blue pylon.
908	Kill the Arcane Aberrations and Mana Remnant.
909	This pylon must be deactivated in order to fight Immol'thar.
910	Pass through the archways in the northwest part of Capital Gardens to enter the Court of the Highborne.
911	Go through the archway on the northern side of the Court of the Highborne and then go up the ramp.
912	Proceed east to the pylon.
913	She is above the platform overseeing Tendris Warpwood.
914	Head south from the second pylon to reach the Shen'dralar Ancient.
915	Follow the path south and west.
916	The door is behind Tendris Warpwood.
917	Jump down to the lower level of the Court of the Highborne.
918	Follow the path to reach the Prison of Immol'thar.
919	Clear the remaining two pylons in this room in order to engage him.
920	Follow the tunnel in the northeastern part of the Prison of Immol'thar.
921	Once inside The Athenaeum, jump down.
922	He is underneath the platform that you are on after entering the room.
923	Go back up the ramp in The Athenaeum, and east through the Prison of Immol'thar.
924	Go up the ramp in the Court of the Highborne, then north and up a second ramp, then follow the path east and south to reach her.
925	It looks like a large stone chest underneath the ramp in The Athenaeum.
926	Go back through the Prison of Immol'thar and reenter The Athenaeum.
927	You can have a Tailor make these with 20 Runecloth.
928	You can also purchase these from the auction house.
929	Use the Rugged Leather farming guide to accomplish this.
930	She patrols along the road.
931	Jump down into the courtyard.
932	Once there, head west down a ramp with the Conservatory Door.
933	Run through the tunnel to reach The Athenaeum.
934	On the ground next to an elf and a bookcase in the north part of the room.
935	It looks like a brown and black chest in the middle of the courtyard.
936	Leave The Athenaeum and go back through the long tunnel to return to Dire Maul North.
937	Head west into the second large open room.
938	It is on the western side of the room.
939	Follow the tunnel to reach the Halls of Destruction.
940	He is in the northeast corner of the Halls of Destruction.
941	It is up the ramp just above where Knot Thimblejack is, in the northwest corner of the room.
942	Only one person in your group will be able to collect this.
943	Guard Mol'dar, Slip'kik, Fengus and Captain Kromcrush can drop the key.
944	The guards can be found in the Halls of Destruction and in each of the large open rooms at the beginning of the dungeon.
945	Captain Kromcrush is found in Gordok's Seat, which is reached by going through the upper level of the Halls of Destruction.
946	It also has a small chance to drop from Gordok trash mobs throughout the dungeon.
947	You will only be able to speak with him after a tribute run.
948	Use the Dire Maul North Tribute dungeon guide to accomplish this.
949	To do this, you will need to do a tribute run.
950	Run back to the start of the instance and enter the Library through the courtyard door.
951	The chest will be behind where he stands.
952	You may need to run another Tribute Run to accomplish this.
953	Continue following the path west to reach the room with a large pyramid on the western side.
954	After entering the dungeon, follow the left path and go up three large sets of stairs, immediately go right to follow a short hallway to reach the upper level of The Pit of Sacrifice and jump down.
955	Follow the southwestern path to reach the Sanctum of the Fallen God.
956	He patrols around Hordemar City.
957	After entering the dungeon, follow the path right in the Hall of Blackhand to reach Hordemar City.
958	It is standing upright in a wooden weapon rack along the left wall after crossing the second bridge in Hordemar City.
959	If someone else in your group looted it you can skip this step.
960	Once you pass the second bridge, jump into the groove in the ground.
961	Bijou will be down there.
962	It looks like a small wooden and metal chest on the lowest level of Hordemar City.
963	It can be found anywhere from Hordemar to the Skitterweb Tunnels.
964	Bijou will be down in a groove at Hordemar City.
965	Run up the ramp near where you entered Lower Blackrock Spire.
966	A little way closer to the entrance of the dungeon, just before the area where Warosh patrols.
967	Cross the two bridges into Hordemar City, then jump down to where Bijou is.
968	Run down the ramp, then back up directly across.
969	Run up the stairs to the left.
970	On the far side of the wall in the room with Shadow Hunter Vosh'gajin.
971	Follow the ramps back down to the lowest level of Tazz'Alaor.
972	Follow the path in the southwestern corner of the room.
973	You may need to roll against group members to get this.
974	On the wall in the room with War Master Voone.
975	Return to the upper level of the dungeon again and proceed through Hordemar City.
976	Continue past the groove in the ground where Bijou is and go west with all of the ogres to reach Mok'Doom.
977	He is in the back of the room along the north side.
978	In the lower part of the dungeon, in the upper level of the Skitterweb Tunnels.
979	If you are able to dispel the poison, make sure you don't.
980	In the upper level of the Skitterweb Tunnels.
981	Use it near the pile of bones up the ramp past Mother Smolderweb.
982	It looks like a large pile of skulls in Hordemar City.
983	He will appear after a wave of ogres.
984	Use it on a Bloodaxe Worg Pup.
985	They are in the same room as Halycon.
986	After killing Urok Doomhowl, follow the path southwest down the hallway past a room of scorpions on your right.
987	Go through the doorway, up the stairs and then go right to reach Halycon's Lair.
988	Inside Halycon's Lair.
989	Final boss of Lower Blackrock Spire, inside the Chamber of Battle.
990	After killing Halycon, go up the first small set of stairs on your left in the hallway room before Halycon's Lair.
991	Cross this room and continue up the small set of stairs on the opposite side, continue forward to reach the Chamber of Battle.
992	He patrols near the start of Lower Blackrock Spire.
993	He's a Human that walks around in a large path around Stormwind.
994	They look like chimeras.
995	They share spawn points with the bears, so kill them too.
996	This quest requires you to progress through the Upper Blackrock Spire dungeon.
997	You will likely need a 10 person raid group to complete the quest.
998	Use it on the eggs in The Rookery, just past Pyroguard Emberseer.
999	Don't get too close or they will hatch if they aren't frozen.
1000	Use it to freeze the eggs.
1001	Use it to collect the eggs.
1002	Turning this quest in will cost 15 gold.
1003	These are made with the Mining Profession.
1004	It requires 1 Thorium Ore each.
1005	You must be in the lake of lava.
1006	Click through the dialogue.
1007	This requires the Skeleton Key from the quest "The Key to Scholomance" or a Rogue with leveled lockpicking to open.
1008	It looks like an open white scroll laying on a table in the northeastern part of The Reliquary.
1009	After entering the dungeon, follow the path forward to enter The Reliquary.
1010	It looks like an open white scroll laying on a table to the left as you enter The Great Ossuary.
1011	Proceed through the Iron Gate on the north side of The Reliquary to reach the Chamber of Summoning.
1012	Continue straight through the dungeon to reach The Great Ossuary.
1013	They are inside The Great Ossuary.
1014	He is downstairs inside The Great Ossuary.
1015	Jump down into one of the holes on the sides of the room to reach the lower level.
1016	This key is required to progress further into the dungeon.
1017	If someone else in the group already has it you can skip this step.
1018	Use it in The Viewing Room.
1019	Go back upstairs after killing Rattlegore and head north in The Great Ossuary to return to the previous room (the map will just say Scholomance).
1020	Go right through the Iron Gate, clear the room and open the Viewing Room Door using the key.
1021	Clear the room before using it.
1022	In the Viewing room.
1023	It looks like an open white scroll sitting on a ledge near the boss on the southwestern part of The Laboratory.
1024	Run back up the stairs to return to The Viewing Room.
1025	Go through the Iron Gate on the south side of The Viewing Room and go down the stairs to reach The Laboratory.
1026	They look like a pile of bloodied bones in the northern part of the room with Doctor Theolen Krastinov.
1027	Go through the Iron Gate on the eastern side of The Viewing Room and go down the stairs to reach the Headmaster's Study.
1028	Staying on the upper level of the Headmaster's Study, head around the outside of the room and enter the room across from the entrance on the eastern side.
1029	They look like a pile of bloodied bones in the southeastern part of the room with Doctor Theolen Krastinov.
1030	It looks like an open white scroll laying on a table on the eastern side of the Barov Family Vault.
1031	Return to the Headmaster's Study and jump down, then turn around and enter the eastern room to reach the Barov Family Vault.
1032	This will unlock the next quest, which drops from inside Scholomance.
1033	Go left and proceed through the Iron Gate on the north side of the room to reach the Chamber of Summoning.
1034	Proceed into the next main room and then follow the path to the right and go down the stairs.
1035	Jandice is in the northeastern part of this room.
1036	Follow the path out to the right to the balcony.
1037	Clear the Chamber of Summoning before doing this.
1038	Drag him back into the gate.
1039	You must have the Spectral Essence equipped to see him.
1040	If it's not there, check in the fireplaces of nearby buildings.
1041	This requires the Key to the City or a Rogue with leveled lockpicking to open.
1042	It looks like a large orange circular symbol on the floor in the room with Baron Rivendare.
1043	Follow the path north and then east through the two Gauntlet Gates to reach the Gauntlet.
1044	Continue following the path north and then west to reach Slaughter Square.
1045	Enter the building in Slaughter Square and go downstairs.
1046	Jump down into one of the holes on the sides of the room to reach the lower level with Rattlegore.
1047	Use it on Ras Frostwhisper.
1048	He is inside The Laboratory.
1049	Continue through the Iron Gate on the south side of The Viewing Room and go down the stairs to reach The Laboratory.
1050	Mercutio Filthgorger appears with a group of 3 guards with him.
1051	Try to kite Mercutio Filthgorger away from his guards, so you can fight him by himself.
1052	It looks like a small wooden crate on the ground.
1053	Turn left twice into King's Square.
1054	Go north and then west once you enter Market Row to reach Crusader's Square.
1055	This requires The Scarlet Key from the Scarlet Monastery dungeon or a Rogue with leveled lockpicking to open.
1056	Enter The Hall of Lights, go down the hall and enter the small room on the left.
1057	In the same room as Malor the Zealous.
1058	It looks like a small toolbox in the corner of the room.
1059	Go across the hall from The Hall of Lights to enter The Scarlet Bastion.
1060	He is near the end of The Scarlet Bastion across from Grand Crusader Dathrohan.
1061	In the same room as Archivist Galford.
1062	It looks like a small brown book on the table in the room where Archivist Galford is.
1063	It should be in your inventory.
1064	Use it on Spectral Citizens.
1065	This will cause Restless Spirits to spawn.
1066	Use Egan's Blaster on the Restless Spirits after.
1067	Inside the chapel to the right as you enter.
1068	He is the last boss of the Live Side of Stratholme.
1069	He is at the very end of The Scarlet Bastion, across from where Archivist Galford was.
1070	Take a quick left in The Viewing Room, go through the Iron Gate and follow the stairs down to reach the Headmaster's Study.
1071	It looks like a small red book at the top of the tower.
1072	Go left after entering, then north and then west once you enter Market Row to reach Crusader's Square.
1073	On the floor in the room with Baron Rivendare.
1074	He appears if you've completed The Medallion of Faith quest.
1075	He will not appear again if you fail to kill the Baron and you will have to wait for a reset to try again.
1076	They will sometimes spawn enemies instead.
1077	It looks like a small metal box in one of the three Ziggurats in The Gauntlet area.
1078	These enemies are Elite, you may need a group to complete this.
1079	This quest requires you to progress through the Blackrock Depths dungeon.
1080	You will likely need a full group to complete the quest.
1081	You need this key to unlock Marshal Windsor's cell door.
1082	If someone else in the group already has the key you can skip this step.
1083	A Rogue can also pick the lock.
1084	Leave High Interrogator Gerstahn's room and go left, then open the first Cell Door on your right.
1085	Run north through the Detention Block and unlock the East Garrison Door to enter the East Garrison.
1086	Use it on Plague Ravagers and Blighted Surge around this area.
1087	Proceed across the bridges through Hordemar City and jump down into the groove in the ground where Bijou is.
1088	Jump down to the west from Bijou and follow the path west around Hordemar City, eventually heading south to reach the Skitterweb Tunnels.
1089	Follow the path up and out of the Skitterweb Tunnels to reenter the upper levels of Hordemar City.
1090	Follow the path up, kill the group of ogres and then follow the path south along the western wall through the short hallway and up the small set of stairs.
1091	Turn right twice to go up another small set of stairs.
1092	After entering the dungeon, follow the path to the left to enter the Upper Blackrock Spire.
1093	Someone in your group must have the Seal of Ascension in order to open the door.
1094	Clear the enemies in the first room to unlock the door to the next room.
1095	Kill the Blackhand Incarcerators to release Pyroguard Emberseer.
1096	At the center of The Rookery, just before the ramp.
1097	Proceed through the upper level of The Rookery to reach the Hall of Blackhand.
1098	Go east in the Hall of Blackhand and jump down into the Blackrock Stadium to start the encounter.
1099	Kill the enemies that attack, then finally Gyth and Warchief Rend Blackhand.
1100	Exit the stadium to the south.
1101	It's on the ledge just past the door after the Gyth and Warchief Rend Blackhand encounter.
1102	Head east up the stairs from Awbee and go right into The Furnace, followed by a left to reach The Beast.
1103	This is a rare drop and may take multiple attempts to get.
1104	If you don't have Skinning or you don't want to do this you can skip this step but you will have to skip the next quest.
1105	This requires level 315 Skinning to accomplish.
1106	You can achieve this with the "Enchant Gloves - Skinning" along with Finkle's Skinner equipped.
1107	He will appear after skinning The Beast.
1108	Completing this quest will award you with a Darkfire Amulet, which will allow you to enter the Onyxia's Lair raid.
1109	You must keep it in your inventory in order to enter the raid instance.
1110	It looks like a blue book on the bedside table upstairs inside the building.
1111	Use the Dungeon guides to accomplish this.
1112	It looks like a large glowing blue totem behind General Drakkisath.
1113	Turning this in will allow you to teleport directly to Blackwing Lair by clicking the Orb of Command.
1114	It is located down the southern hallway outside of the dungeon entrance.
1115	The fastest way to reach him is to pick the locked door to the left after entering the dungeon.
1116	Continue straight through the Detention Block and into the Dark Iron Hallway.
1117	Follow the path north east through the Dark Iron Hallway and through the Shadowforge City.
1118	If you are doing a normal dungeon run you can use the Dungeon guides to accomplish this.
1119	Turning this in will allow you to teleport directly to Molten Core by talking to Lothos Riftwaker.
1120	She is the fourth boss in the dungeon.
1121	Farm them from Rich Thorium Veins with Mining or purchase them from the Auction House.
1122	Disenchant them from epic items with Enchanting or purchase them from the Auction House.
1123	Farm it from Crimson Elites in Western Plaguelands, Crimson mobs in Stratholme Live, or purchase it from the Auction House.
1124	Either CC the Hellfire Watchers or kill them first.
1125	Interrupt "Heal" when cast by Hellfire Watchers.
1126	Dispel "Renew" from Watchkeeper Gargolmar or Hellfire Watchers.
1127	DPS should stack behind the boss and ranged should spread out to avoid extra "Surge" damage.
1128	While "Retalliation" is active on Gargolmar, do not melee attack him from the front.
1129	Avoid standing near allies if afflicted by "Treacherous Aura."
1130	Kill Fiendish Hounds quickly when they spawn.
1131	Avoid using cooldowns when Omor is at low health or "Demonic Shield" with reduce your damage.
1132	Quickly kill Vazruden when he reaches 50% health before Nazan lands.
1133	If Nazan lands, "Vazruden's Mark" will cause the target to gain threat until Vazruden dies.
1134	Nazan will fly around casting fireballs on the ground until Vazruden reaches 50% health.
1135	Avoid standing in fire patches throughout the fight.
1136	DPS and the healer should avoid standing in front of Nazan.
1137	"Bellowing Roar" will fear the entire party.
1138	CC players mind controlled by "Domination."
1139	The tank might get controlled, so be prepared to deal with that for 10 seconds.
1140	Ranged should stay at maximum distance and spread out in case the tank gets controlled.
1141	Pull the lever in the center of the room to free Broggok.
1142	Kill the 4 waves of enemies that attack from the corners.
1143	Minimized party damage to save on healer mana.
1144	Face Broggok away from the group to avoid excess "Slime Spray" damage.
1145	Move Broggok frequently to avoid accumulating "Poison Cloud" on the ground.
1146	Dispel "Poison Bolt" as frequently as possible to minimize tank damage.
1147	Kill the 5 Shadowmoon Channelers to free the Breaker.
1148	Dispel "Mark of Shadow" if possible to greatly reduce shadow damage taken.
1149	Ranged players can often avoid "Shadow Bolt Volley" damage by staying a max range.
1150	When the Breaker becomes invulnerable, run away from him before "Fire Nova" hits.
1151	On Heroic difficulty, players will be pulled to the Breaker during "Burning Nova."
1152	Interrupt Mennu's "Lightning Bolt" whenever possible.
1153	Killing totems is the top priority.
1154	Do not kill "Corrupted Nova Totem" or it will explode.
1155	It will also explode when it expires, so move away from it.
1156	The Healing Ward can quickly replenish Mennu's health.
1157	The Tainted Stoneskin Totem will reduce physical damage dealt to Mennu.
1158	The Tainted Earthgrab Totem will root party members randomly.
1159	Heal the target of "Grievous Wound" to remove the debuff.
1160	"Ensnaring Moss" reduces movement and casting speed by 50% for the duration.
1161	Use cooldowns during "Enrage" to reduce stress on the healer.
1162	If the healer is afflicted with "Ensnaring Moss," use cooldowns to survive.
1163	Saving the druid in the cage before Quagmirran will allow you to talk to him for a nature buff.
1164	Face Quagmirran away from the group at all times.
1165	Spread out at max range within range of the healer to minimize "Acid Spray" damage.
1166	When targeted by "Acid Spray," use an invulnerability or feign-type ability if you have one.
1167	Taunt during "Acid Spray" to take a few ticks of the damage as a tank.
1168	Cleanse poison debuffs as quickly as possible to minimize damage.
1169	Low DPS melee players should move away from Hungarfen when he casts "Foul Spores."
1170	Avoid standing near mushrooms that spawn throughout the fight.
1171	Periodically move Hungarfen to avoid forcing DPS to stand near spawning mushrooms.
1172	The tank should position Ghaz'an so the party can stand to the sides.
1173	Healers and DPS should not stand in front or behind the boss.
1174	Heavy healing is required for the duration of this fight.
1175	During "Enrage," significant party damage is possible.
1176	If everyone stacks on the boss, Claw will not use the "Feral Charge" ability.
1177	Someone will randomly be frozen and targeted by "Aimed Shot."
1178	Everyone should quickly stack on him again to avoid his ranged abilities.
1179	Spread out to avoid chaining damage from "Static Charge" and "Chain Lightning."
1180	Skill Spore Striders quickly.
1181	The Black Stalker will randomly "Levitate" someone in the air for a short period of time.
1182	Shadow resistance helps with this fights.
1183	During "Dark Shell," all DPS needs to stop attacking until it expires.
1184	This fight is very intense for healers.
1185	If you have a Shaman, drop "Grounding Totem" during "Void Blast" to absorb the blasts.
1186	Otherwise, during "Void Blast," put your back against something to avoid being thrown too far.
1187	Stay at max range unless you are melee to avoid damage from "Earthquake."
1188	Heal the target of "Crystal Prison" quickly.
1189	Watch your threat, the tank will be frequently stunned.
1190	Avoid standing in front of Tavarok unless you are the tank.
1191	Shaffar will periodically "Blink" to a random location and freeze players.
1192	Dispelling the tank is a priority so they can pick up Shaffar quickly after a "Blink."
1193	DPS should quickly kill Ethereal Beacons before they can transform into Ethereal Apprentices.
1194	If you are targeted by "Focus Fire," move out of it immediately or you will die.
1195	"Inhibit Magic" will slow the casting speed of anyone debuffed.
1196	It's possible to LoS the debuff so it cannot be applied.
1197	Try to tank Shirrak so the healer is out of LoS of the boss but not the tank.
1198	Kill the boss quickly before "Carnivorous Bite" can stack too high on melee players.
1199	Tank the boss away from ranged players.
1200	Focus down shadow images quickly as they spawn.
1201	The tank should pick up Avatar of the Martyred when it spawns.
1202	"Soul Scream" will briefly disorient anyone near Maladaar.
1203	The best way to kill Syth is to CC any adds that spawn and nuke him down quickly.
1204	If your DPS is low, kill the adds quickly as they spawn.
1205	Interrupt whenever possible.
1206	Spread out to avoid chaining damage from "Chain Lightning."
1207	Every 25% health, Ikiss will begin casting "Arcane Explosion."
1208	Run behind a pillar quickly to avoid taking fatal damage.
1209	Dispel "Slow" and "Polymorph" quickly throughout the fight.
1210	"Arcane Volley" will deal constant damage to the group.
1211	This fight is difficult for healers, so use cooldowns if needed.
1212	Drake can do high burst damage when several ability hit in sequence.
1213	"Exploding Shot" will deal damage and stun a player for 6 seconds.
1214	"Frightening Shout" will fear anyone within 10 yards.
1215	"Whirlwind" will deal damage to anyone nearby.
1216	"Mortal Strike" will make it more difficult to heal the tank.
1217	Kill the Warden quickly, to eliminate its fear and heal.
1218	Kill the Veteran second.
1219	Dispel "Hammer of Justice" from the tank whenever possible.
1220	Move the boss out of "Consecration" to avoid excess group damage.
1221	Three waves of Infinite enemies will spawn before Epoch Hunter.
1222	After killing all 3 waves, you should be able to eat and drink briefly.
1223	Tank Epoch Hunter with you back to the wall to avoid the knockback.
1224	"Magic Disruption Aura" will constantly dispel magic on the group.
1225	If you have a Paladin tank, watch your threat.
1226	Avoid facing the boss towards the group.
1227	Major cooldowns should be used for this fight.
1228	Focus on killing the boss quickly before cleaning up adds.
1229	The tank will take heavy damage during this fight.
1230	"Arcane Discharge" will deal AoE damage to melee players periodically.
1231	Dispel "Hasten" from Temporus whenever possible.
1232	Tank the boss so you won't get knocked back too far.
1233	Casters should avoid attacking while "Spell Reflection" is active on the boss.
1234	"Mortal Wound" is a stacking debuff that reducing healing on the tank.
1235	Kill the boss quickly before "Mortal Wound" stacks too high on the tank.
1236	Face Aeonus away from the group at all times.
1237	Use "Tranquilizing Shot" to remove "Enrage" if you have a hunter.
1238	"Time Stop" will constantly stun the group thoughout the fight.
1239	Keep the tank topped off as much as possible.
1240	On the floating island.
1241	Kill the Gatewatchers before engaging Capacitus.
1242	Stay spread out and avoid Netherbombs.
1243	On Normal difficulty, melee should stop attacking during "Reflective Damage Shield."
1244	On Normal difficulty, casters should stop attacking during "Reflective Magic Shield."
1245	On Heroic difficulty, players will be affected with polarity instead.
1246	Party members should move near the same polarity and away from the opposite polarity.
1247	On Normal difficulty, 2 Raging Flames will be summoned.
1248	On Heroic difficulty, 3 Raging Flames will be summoned.
1249	Raging flames will fixate on random players and deal AoE damage.
1250	Run away if fixated and move the boss to safe areas when needed.
1251	When "Dragon's Breath" is used, Sepethrea will ignore the tank until dispelled or it expires.
1252	"Arcane Blast" can knock you into Raging Flames.
1253	Interrupt whenever possible and keep moving.
1254	Casters should stay at max range constantly to avoid being silenced.
1255	The tank should pick up Nether Wraiths quickly.
1256	Kill the wraiths quickly if your group has low DPS.
1257	Players will be randomly mind controlled throughout the fight.
1258	Use CC on controlled players.
1259	Be prepared for the boss to "Enrage" and deal extra damage.
1260	You will need the Shattered Halls Key to enter this dungeon.
1261	Move out of fissures on the ground quickly to avoid damage.
1262	Save cooldowns for the "Dark Spin" ability to reduce group damage.
1263	DPS should avoid standing in front of the boss.
1264	Porung is only on Heroic Difficulty.
1265	Dodge arrows while picking up mobs and killing them along the gauntlet.
1266	Face Porung away from the group.
1267	Kill or CC the 2 archers that come with him.
1268	Check the area around O'mrogg for assassins and kill the two Champions first.
1269	"Fear" will fear the entire group for 6 seconds.
1270	When O'mrogg turns red, he will reset threat and target a random player.
1271	The player should kite him until the tank can generate enough threat.
1272	Taunts to do not work.
1273	"Blast Wave" will deal fire damage to anyone nearby and slow them.
1274	Extra healing will be required during "Burning Maul."
1275	"Burning Maul" will also deal splash damage to nearby players.
1276	Move as a group to engage the boss.
1277	Spread out as much as possible to minimize AoE damage.
1278	CC or tank adds that spawn and keep focusing on the boss.
1279	Reaver Guards have a cleave and knockback.
1280	Sharpshooter Guards have a 4 second range disorient.
1281	Prepare for heavy group damage during "Blade Dance."
1282	Move out of "Lightning Cloud" quickly.
1283	Cleanse "Lung Burst" and "Enveloping Winds" immediately when possible.
1284	"Enveloping Winds" stuns the target for up to 10 seconds.
1285	Kill water elementals first and quickly.
1286	CC one elemental first if possible.
1287	Kill adds quickly.
1288	Damage any adds casting "Repair" immediately to interrupt it.
1289	Keep healing reduction abilities on the boss when possible.
1290	"Electrified Net" will root a player for 10 seconds and deal nature damage.
1291	Tank the boss near a Naga Distiller frequently to avoid a lot of movement.
1292	Kill the distiller quickly when it activates to remove "Warlord's Rage."
1293	During "Spell Reflection," casters should stop attacking.
1294	Targets afflicted by "Impale" will bleed for 12 seconds.
1295	You need the Shadow Labyrinth Key to open the door.
1296	Face Hellmaw away from the group.
1297	Keep the tank topped off before "Fear" is cast.
1298	Keep everyone topped off as much as possible for "Incite Chaos."
1299	"Incite Chaos" mind controls the entire group and makes them attack randomly.
1300	A mind control will occur after every odd "War Stomp."
1301	Stamina and PvP gear is very helpful for surviving the mind control during this fight.
1302	"War Stomp" will knock everyone back.
1303	Kill the voidwalkers that spawn during the fight before they can reach Vorpil.
1304	When Vorpil pulls everyone in, run out of the "Rain of Fire" that follows.
1305	Vorpil will randomly "Banish" a player, taking them out of the fight for 8 seconds.
1306	"Shadow Bolt Volley" deals moderate shadow damage to the entire group.
1307	Murmur has a very very small aggro radius, so you can get really close.
1308	If someone isn't in melee range, Murmur will start dealing heavy damage to the group.
1309	When "Sonic Boom" is cast, run away from the boss unless you are the tank.
1310	Top the tank off when Murmur casts this by emoting "Murmur draws energy from the air..."
1311	"Magnetic Pull" will draw an player in close.
1312	When affected by "Murmur's Touch," move away from other players.
1313	Spread out to avoid "Seed of Corruption" AoE damage.
1314	Move out of "Void Zone" on the ground quickly.
1315	Tank with your back against the wall to avoid the "Shadow Nova" knockback.
1316	"Shadow Nova" can be outranged on Normal difficulty, but not on Heroic.
1317	Move out of melee range during "Whirlwind."
1318	Interrupt the "Heal" that immediately follows every "Whirlwind."
1319	Avoid healing the player debuffed with "Gift of the Doomsayer."
1320	Because of this, keep the tank topped off as often as possible.
1321	Tank him away from the group with your back against a wall.
1322	After every "Knock Away," a charge will follow.
1323	A line of "Felfire" will be left on the ground in the charge line.
1324	Avoid standing in the fire.
1325	Perodic fire damage will hit the group.
1326	Four prison cells must be opened and defeated first.
1327	Defeat the enemies that spawn before Skyriss, and be prepared to put a mark on him when he spawns.
1328	CC mind controlled party members whenever possible.
1329	Every 33% health Skyriss will split into 3 images.
1330	If you have good DPS you can ignore illusions and burn down Skyriss.
1331	Otherwise, kill at least one when they spawn before focusing DPS on Skyriss again.
1332	A single player taking 2 "Mind Rend" abilities at once will take significant damage.
1333	"Mana Burn" is cast occasionally throughout the fight.
1334	Dispel "Arcane Resonance" from the tank whenever possible.
1335	Let the tank pick up the adds when the spawn.
1336	Interrupt the Bloodwarder Mender's heal on cooldown.
1337	Kill the summoned adds quickly.
1338	If a "Tree Form" is cast, kill the 3 Frayer Protectors to remove the immunity.
1339	Interrupt "Tranquility" after removing the immunity quickly.
1340	Move away from the boss during "Hellfire."
1341	Heal players afflicted by "Sacrifice" quickly.
1342	Pull the boss to an open area to avoid stacking these abilities.
1343	Dispel "Allergic Reaction" as quickly as possible.
1344	Casters should avoid using spells matching the current shield.
1345	White is the arcane shield.
1346	Red is the fire shield.
1347	Blue is the frost shield.
1348	Green is the nature shield.
1349	Black is the shadow shield.
1350	Kill the summoned adds unless you have really good DPS.
1351	Ranged players should stay at max range to avoid the damage and stun of "Stomp."
1352	"Stomp" will also increase physical damage taken.
1353	Watch your threat and try to keep the tank topped off for stuns.
1354	Keep a healing reduction ability on the boss if possible.
1355	It's best to ignore the small adds and focus on burning down the boss.
1356	"Arcane Volley" will do frequent damage to the entire group.
1357	Fireheart will drain a player's health, restoring his own.
1358	Fireheart will drain mana from a player.
1359	Fel Explosion deals AoE fire damage and drains Selin's mana.
1360	Fel Crystal restores his mana as long as it remains alive.
1361	Kill these quickly when they activate.
1362	Chain Lightning deals nature damage to up to 3 targets. Spread out.
1363	At 20% health, Overload deals AoE damage and increases party damage taken.
1364	Every 15% health a Pure Energy is summoned. These will leave a DoT on all players upon death and increase damage by 50%.
1365	Two Pure Energies are summoned.
1366	Dispel Renew and Power Word: Shield from Delrissa.
1367	Interrupt Flash Heal every time.
1368	She will cast Psychic Scream, which is a 5 second melee range fear.
1369	Use CC, interrupt fears and heals.
1370	Dispel CC on party members quickly.
1371	Focus 1 target at a time.
1372	Phoenix Egg spawns when a Phoenix dies and should be killed within 15 seconds.
1373	Shock Barrier makes Kael'thas immune to interrupts while in effect.
1374	Pyroblast deals massive damage and follows Shock Barrier.
1375	Burn through the barrier and interrupt this.
1376	Arcane Spheres follow random players and must be avoided.
1377	He is located near the beginning of the dungeon, up the large ramp after you jump down into the water.
1378	He is on the ground to the left side of the room with Quagmirran.
1379	Quagmirran is the last boss of the instance.
1380	It is the second boss of the instance.
1381	He is located in a room after Ghaz'an.
1382	After defeating Ghaz'an swim across the water and jump down to the ground below.
1383	Follow the path to the left to find him stealthed up ahead.
1384	He is the third boss of the instance.
1385	He is inside a cage near Swamplord Musel'ek.
1386	Use the "Sporeggar" reputation guide to accomplish this.
1387	It is the first boss in the instance.
1388	After defeating him look toward the bridge and you should see a large sparkling thorny plant.
1389	It is the last boss of the instance.
1390	Use "The Slave Pens" dungeon guide to accomplish this.
1391	Inside the building on the lower level of the Ring of Observance.
1392	He is the last boss of the instance.
1393	Clearing the instance of enemies before attempting this quest is recommended.
1394	After killing Nexus-Prince Shaffar go backwards through the dungeon.
1395	Return left down the hallway and it will be on your left in the first circular room.
1396	It looks like a floating rotating cube device.
1397	It is found in he northwestern corner the first circular room.
1398	Turn in Zaxxis Insignias at area 52 or Obsidian Warbeads in Nagrand to accomplish this.
1399	They will shout "Time for the pain!" when spawning.
1400	Kill enemies that attack.
1401	You can also get this from completing daily dungeon quests.
1402	This is not a 100% drop rate.
1403	This unlocks the repeatable quest "Ethereum Prisoner I.D. Catalogue".
1404	Save these for later.
1405	This will cause elite enemies to spawn.
1406	These can be bought from the Auction House.
1407	You must be in heroic difficulty for this quest.
1408	After Pandemonius, go left in the next room to reach the stasis.
1409	She walks around the room and will eventually return to this spot.
1410	He is found outside the tunnel at the beginning of the dungeon.
1411	He is next to Erozion.
1412	After landing with Brazen, run northeast through the gate into Durnholde Keep.
1413	Before crossing the bridge, jump down to the area below.
1414	They look like small brown barrels inside the buildings around this area.
1415	There are five you must click, one in each of the buildings.
1416	Go for this objective after defeating Lieutenant Drake.
1417	He patrols along the road.
1418	He is inside a prison cell inside Durnholde Keep.
1419	Make sure everyone in the group has turned in Taretha's Diversion before accepting Escape from Durnholde.
1420	Everyone will need to accept Escape from Durnholde at the same time or they won't be able to get it.
1421	Follow and protect Thrall as he runs.
1422	Complete the dungeon and defeat the reminaing bosses.
1423	Use the "Old Hillsbrad Foothills" dungeon guide to accomplish this.
1424	He appears at the end of the dungeon after defeating the Epoch Hunter.
1425	Use "The Black Morass" dungeon guide to accomplish this.
1426	These can be crafted with Alchemy.
1427	They can also be purchased from the Auction House.
1428	He looks like a winged demon with 4 legs who walks around this area.
1429	Purchase this from the Auction House.
1430	This can also be crafted by the Engineering profession.
1431	This can also be crafted by the Leatherworking profession.
1432	They look like small pink glass boxes on the ground around the area where Mechano-Lord Capacitus walks around.
1433	Use "The Mechanar" dungeon guide to accomplish this.
1434	This is crafted by Engineers with 4 Adamantite Bars and 1 Primal Earth.
1435	This quest must be completed in Heroic mode.
1436	They look like small grey boxes on the ground and inside carts around this area.
1437	Destroy the four totems to make him vulnerable.
1438	He walks along the wall.
1439	Use "The Botanica" dungeon guide to accomplish this.
1440	This key will allow you to open the door to enter The Arcatraz dungeon.
1441	Underground inside the cave.
1442	It is in the room with Murmur.
1443	You can reach it without killing Murmur but we suggest you kill him to be safe.
1444	Before the first boss in the instance.
1445	Clear trash making your way to the first boss.
1446	Pass the tunnel that progresses further into the instance and jump into the body of water to the right.
1447	Swim to the bottom near the left wall for the container.
1448	Run up the ramp after the first boss.
1449	Cross the bridge.
1450	As soon as you enter the next room, go to the right.
1451	She is the first boss of the instance.
1452	He is the second boss of the instance.
1453	Drops from Nazan.
1454	This is the last boss of the instance.
1455	When you are close to his chambers you should have investigated.
1456	Refer to the Cipher of Damnation guide to accomplish this.
1457	Your group has 80 minutes to reach this enemy.
1458	You won't get the item for the quest if you are too slow.
1459	They look like flat brown boxes with a red axe logo on them on the ground around this area.
1460	Use it on their copses.
1461	Defend the two Boulderfist Saboteurs that spawn.
1462	They will walk around and plant bodies around this area.
1463	This is for the quest "Everything Will Be Alright".
1464	This is for the quest "Auchindoun...".
1465	It looks like a big white floating NPC that appears after you kill Exarch Maladaar.
1466	Inside the Auchenai Crypts dungeon.
1467	It looks like a big pink floating crystal near the wall where you fight Exarch Maladaar.
1468	They are non-aggressive ghosts that walk around this area.
1469	They can be hard to see, use the command "/tar Ancient" to help find them.
1470	You will only be able to activate it after the boss is defeated.
1471	In the room just before the last boss.
1472	Refer to the Terokkar Forest leveling guide to accomplish this.
1473	You must also side with either Aldor or Scryers.
1474	Only Sunfury Warlocks and Sunfury Summoners will drop the quest item.
1475	Use it on Azaloth.
1476	If the enemies around him are alive, try to get to him without killing them, if you can.
1477	They will fight Azaloth for you once you free him.
1478	It only last 1 minute, then it disappears, so use it quickly.
1479	Use "The Steamvault" dungeon guide to accomplish this.
1480	Facing the room with Blackheart the Inciter, instead clear trash to the right.
1481	Floating on the ground in front of Grandmaster Vorpil.
1482	Use the "Shadow Labyrinth" dungeon guide to accomplish this.
1483	They are along the walls throughout the entire instance.
1484	Kill them next to the totem you planted.
1485	If he or his Domesticated Felboar are being attacked, you will have to kill the Ravenous Flayers before you can talk to him.
1486	Use it next to Shadowmoon Tuber Mounds while a Domesticated Felboar is nearby.
1487	They look like carrots sticking out of the ground around this area.
1488	A boar will run over and dig it up.
1489	You need a key to open each chest.
1490	They look like big gray stone containers around this area.
1491	They look like small pink eggs with green steam rising off of them inside nests and on the ground around this area.
1492	Use it and then hide and wait for him to dismiss his guard.
1493	He looks like a Blood Elf riding a large purple drake.
1494	You will be able to speak with him once you clear the instance.
1495	Create them with Mining or purchase them from the auction house.
1496	Disenchant them from Outland uncommon (green) items with Enchanting or purchase them from the auction house.
1497	Farm them with Mining or purchase them from the auction house.
1498	It patrols all around Hellfire Peninsula.
1499	Use it on the corpse of the Fel Reaver.
1500	Complete "The Violet Eye" quest.
1501	Use the "Karazhan Attunement" guide to accomplish this.
1502	You must complete this on Heroic difficulty.
1503	In a cage past Mennu the Betrayer after jumping into a large pool of water.
1504	Someone needs to unlock the ability to summon Nightbane in Karazhan.
1505	Use this option if someone can already summon Nightbane.
1506	This saves a lot of work.
1507	Past The Curator in the Guardian's Library.
1508	Past the Curator in the Guardian's Library.
1509	Go to the Master's Terrace.
1510	It's to the left of the back entrance to Karazhan.
1511	It looks like a bone laying on the ground around this area.
1512	Use the "Cipher of Damnation" guide to accomplish this.
1513	Just beyond Warchief Kargath Bladefist.
1514	The timer starts when you pass through Grand Warlock Nethekurse's room.
1515	The first of three prisoners is executed after 55 minutes have passed.
1516	An additional prisoner is executed every 15 minutes.
1517	At least one prisoner must remain alive to receive the quest item.
1518	Once Millhouse Manastorm is released, make sure he doesn't die.
1519	Refer to the Keepers of Time reputation guide to accomplish this.
1520	She walks around in a circle in the Caverns of Time.
1521	Shadowlord Deathwail will appear when the area is clear.
1522	He will only offer the quest after defeating Fathom-Lord Karathress.
1523	He is available only for a certain amount of time.
1524	Use it at any point before the Al'ar encounter.
1525	Akama and Maiev may not show up immediately.
1526	It can take around 5 minutes for the event to start.
1527	Watch for Akama and Maiev then follow them.
1528	He will use "Frost Tomb" on random party members, stunning them for 20 seconds as well as dealing frost damage.
1529	Prioritize breaking players from Frost Tomb.
1530	Around 5 "Vrykul Skeletons" will spawn in at random.
1531	Group them together when they die as they will continuously get up during the fight.
1532	Group up in front of the tank so that adds are easily controlled as well as to easily manage Frost Tomb.
1533	He deals steady, moderate dps.
1534	During the encounter, he will randomly "Intercept" players not at the top of the threat list.
1535	It deals high damage then knocks the target down.
1536	Dalronn is highly resistant to magical damage.
1537	The goal is to have both of them die at the same time.
1538	If not, kill Dalronn first as his aggro table is more random than Skarvald when they become ghosts.
1539	If you kill Skarvald first, group together tightly so that he doesn't charge around.
1540	Melee need to stay behind him at all times.
1541	Players need to move out of the "Shadow Axe".
1542	During "Dark Smash" all players need to LoS behind pillars.
1543	Casters be on the look out for "Dreadful Roar" as it will interrupt spells.
1544	He's the final boss of the instance.
1545	They look like weapon racks along the walls throughout the instance.
1546	During the first phase, she will cast "Firebomb" which will deal AoE damage around the initial target.
1547	She will cast "Gravity Well" which will draw anyone within 60 yards towards her.
1548	Finally she will also use "Ice Nova" which will stun anyone hit by it for 3 seconds.
1549	At 50% she will split into 3 clones.
1550	Use CC on 2 of them if possible.
1551	If you have no CC, kill the Frost, Fire then Arcane Magus.
1552	Once the clones are dealt with, she will reappear, using the 3 abilities before the cloning.
1553	At 25%, she will freeze the part and cast "Fireball Volley", so make sure the group is as topped off on health as possible.
1554	During the encounter at 75%, 50% and 25% he will summon a "Chaotic Rift".
1555	This will summon "Crazed Mana-Wraiths" which deal ranged damage.
1556	The DPS target priority should be: Chaotic Rifts, Crazed Mana-Wraiths, Anomalus.
1557	Kill adds and burn Anomalus as fast as possible.
1558	He will use "Crystal Spikes" that will spread out from him.
1559	Avoid the spikes and dps the boss down.
1560	During the encounter, it is important to always jump or move to avoid the affects of "Intense Cold".
1561	Avoid being behind her due to "Tail Sweep", which deals damage and knocking you back.
1562	She will cast "Crystal Chains", which renders the target immobile.
1563	It can be removed by anything that can remove Magic.
1564	Avoid attacking from the front as she uses "Crystalfire Breath" which will deal a lot of damage and slow you.
1565	It looks like a book on the floor in the Hall of Statis.
1566	At the back of the Platform with the Anomalus boss.
1567	They are all around the Singing Grove area of the dungeon.
1568	There will be 3 packs of enemies before the boss.
1569	Each pack has a mini-boss mixed in with two adds.
1570	Left Pack: The mini-boss deals AoE cone damage, so the tank should face it away from the party as best they can.
1571	Middle Pack: The mini-boss does an AoE cone web that disorients victims for 3 seconds.
1572	Right Pack: The mini-boss deals damage quickly.
1573	During the encounter, random party member will be webbed and need to be freed before all else.
1574	After that, focus on killing "Anub'ar Skirmishers" as they drop aggro and can't be taunted.
1575	After the 3 packs are dealt with, the boss will immediately aggro.
1576	When reaching the webbed funnel, engage the "Crusher" with its two elite companions pulling them to a nearby wall.
1577	Tank with your back to the wall so it mitigates the affect of the Crusher tossing you into the air.
1578	Deal with the 2 adds before the Crusher.
1579	Killing this pack will cause Hadronox to climb the web.
1580	2 more groups similar to the first Crusher group will appear.
1581	Deal with them in a similar manner as fast as possible.
1582	After the 3 crusher groups are dealt with, wait at the round platformed that you entered the web at, with the tank waiting a little ahead.
1583	Let Hadronox finish the adds before engaging.
1584	If possible, cleanse poisons on allies.
1585	Otherwise, you will need to deal with "Leech Poison", which will heal Hadronox each time someone takes damage from it.
1586	Avoid the poison clouds on the ground and burn him down as fast as possible.
1587	Before running in, ensure your group is prepared as a wall will block the arena shortly after engaging the boss.
1588	Have the tank move Anub'arak to the center of the arena and the rest of the group spread out.
1589	The tank will occasionally get stunned so mind the DPS during those times.
1590	When not submerged, adds will spawn that should quickly be killed off.
1591	He will also use "Insect Swarm" while not submerged, dealing constant AoE to the party.
1592	When he submerges, kill all adds until he resurfaces.
1593	Keep an eye out for the ground to shift beneath you, indicating the next area to be hit with Spikes.
1594	Repeat until he is defeated.
1595	Inside the cave, on the middle floor.
1596	He will use "Blood Plauge" dealing 1275 nature damage every 3 seconds and lasts for 30.
1597	He will occasionally summon "Ahn'kahar Swarmers" which should be AoE'd down asap so you don't get overwhelmed.
1598	Occassionally, he will also summon "Ahn'kahar Guardians" which make everything around it immune to damage.
1599	All damage should be focused on them immediately.
1600	Repeat the process until Elder Nadox is killed.
1601	To activate him, there are two platforms that you need to cleared.
1602	There will be Crystal Orbs on each which you need to click that'll summon him to his arena.
1603	He will cast "Conjure Flame Sphere" at a player.
1604	All other players should try to avoid its path as best possible.
1605	Occasionally, he will "Vanish" and use "Embrace of the Vampyr", causing him to stun his target dealing constant heavy shadow damage until he sustains 20,000 damage himself.
1606	Heavy heals will likely be needed for each of these.
1607	Repeat the avoiding his tactics as best possible and defeat him.
1608	AoE down the Twilight Initiates beneath her, moving up to the platform beneath her to start the encounter.
1609	Be sure to move in close to where she lands as a bunch of adds will run up surrounding the arena.
1610	When she aggros, pay attention for circles of lightning that appear on the ground beneath random players.
1611	If possible, keep at a range from her as "Cyclone Strike" deals damage to anyone near her.
1612	During the fight, she will go immune to damage and float back into the air.
1613	An add will activate from the group that came to surround you.
1614	Kill it before it reaches Jedoga or its health will be added to hers and also grant her a 200% damage buff.
1615	After the minion is gone, she will land.
1616	Repeat until she is killed.
1617	The boss has a move called "Insanity".
1618	During Insanity, players will come face to face with a reflection of themselves that they must defeat.
1619	If you are able, during Insanity casts, remove your weapon so the add that spawns deals less damage.
1620	DPS should be able to deal with their clones fast and help their fellow party members.
1621	Other than that, he will cast "Shadow Bolt Volley" hitting everyone in the arena.
1622	Spread out so that "Shiver" can't jump to other players damaging them.
1623	He will also cast "Mind Flay" on random nearby players, causign shadow damage.
1624	They are to the left of the Desecrated Altar and the Jedoga Shadowseeker boss.
1625	Only 3 appear in the room with Herald Volazj.
1626	There will be 3 boss encounters in the instance.
1627	They appear from the 6th and 12th portals.
1628	The first 2 will be random from a list of 6.
1629	The 3rd will always by Cyanigosa.
1630	During the encounter, there will be 2 adds.
1631	If they are killed, Erekem will become "Eraged" and deal massive damage.
1632	With this in mind, kill Erekem before the adds.
1633	If possible, dispel "Earth Shield" from him or his allies.
1634	If he uses "Bloodlust", dispel that if/when possible.
1635	He will cast 2 spells that can be interrupted:
1636	"Chain Heal" should be interrupted when possible.
1637	"Lightning Bolt" can be interrupted as well, but only do so if you have more than one interrupt.
1638	This fight is relatively simple, look out for damage spikes from "Ray of Pain" on the tank.
1639	The party should stay relatively close to Moragg as "Optical Link" deals more damage the further away you are from him.
1640	"Corrosive Saliva" reduces the victims armor by 5% per stack, stacking 20 times.
1641	At the start, tank Ichoron where she spawns or with your back to the wall near the entrance.
1642	It will make dealing with the "Ichor Globules" that spawn.
1643	She starts with an ability "Protective Bubble" active, which has 35 stacks and reduces her damage taken by 99% while active.
1644	Save cooldowns for when the shield is down.
1645	Once the stack reaches 0, the bubble wilil burst knocking anyone near back and dealing 30% damage to her health.
1646	The "Ichor Globules" will spawn in, moving towards Ichoron, healing her for 3% health if they reach her.
1647	Kill as many as you can, kiting her around if necessary and repeat until she is dead.
1648	During the encounter, "Ethereal Spheres" will spawn.
1649	They have two abilities:
1650	"Arcane Explosion" will damage allies if they are near it.
1651	"Arcane Power" gives Xevozz increased melee and spell casting speed if he comes within 3 yards of the orbs for 8 seconds.
1652	Keep him away from the orbs.
1653	He casts "Arcane Buffet" which increases the arcane damage allies take and should be dispelled as it stacks 10 times.
1654	Finally, he uses "Arcane Barrage" which hits anyone within 45 yards of him.
1655	The tank should face him away from the group to avoid group damage from "Flame Breath".
1656	If he targets you with "Lava Burn", take a few steps back to avoid being hit by it.
1657	Finally he will use "Cauterizing Flames" which deals fire damage and debuffs players hit by it to take 35% more fire damage.
1658	"Void Shift" deals shadow damage over 5 seconds.
1659	At the end of the affect, the target will be "Void Shifted".
1660	Void Shifted players need to kill "Void Sentries" as fast as they can to stop group AoE damage from Shadow Bolt Volley.
1661	Zuramat uses "Shroud of Darkness" causing attacks against Zuramat reduce healing by 10% to the attacker, stacking 5 times.
1662	It can be dispelled.
1663	Avoid standing behind her as "Tail Sweep" deals damage and interrupts victims.
1664	Avoid standing in front of her as "Uncontrollable Energy" will deal arcane damage and leave a dot on victims.
1665	She will cast "Blizzard" on random players, so spread out and move out of it when it happens.
1666	Occasionally, she will teleport which wipes all aggro established.
1667	The tank should try and save taunts for when this happens.
1668	Tank him at the top of the stairs, facing the stairs.
1669	Melee DPS should be on the stairs portion while ranged and healing stand at the bottom of the stairs.
1670	"Drakkari Invaders" will appear at random and attack during the fight.
1671	Focus them down when they appear, as they will buff Trollgore if they are hit with "Consume" as well as deal shadow damage to the party.
1672	Positioning yourself this way will cause the "Corspe Explode" he uses to miss most the group.
1673	He will use "Infected Wound" on a player which increases physical damage taken and should be dispelled.
1674	During the 1st phase, Novos will be invulnerable.
1675	Kill the undead spawning from the stairs.
1676	The phase will end once 4 Crystal handlers are defeated.
1677	Phase 2 will start and Novos will be enraged.
1678	Spread out as best possible, as he will cast "Blizzard" at random party members.
1679	He will curse the party at random with "Wrath of Misery" which deals shadow damage over 8 seconds.
1680	He will randomly "Summon Minions" throughout the encounter which should be burned quickly.
1681	Clear trash around the area before pulling.
1682	"Grievous Bite" will inflict a DoT that deals physical damage until the target is fully healed.
1683	Use any means to fully heal the tank to remove this.
1684	He will also use "Piercing Slash" on the tank, reducing armor by 75% for 10 seconds.
1685	"Mangle Slash" increases the damage from bleeds by 75% and lasts for 15 seconds.
1686	This includes damage from Grievous Bite and Rend from Drakkari Gutrippers.
1687	He will occasional use "Bellowing Roar", fearing anyone within 35 yards.
1688	During the 1st phase, he will use "Shadowbolt Volley" dealing shadow damage to the group.
1689	He will target areas with "Rain of Fire" which you should move out of.
1690	He will DoT players with "Curse of Life", which deals shadow damage over 3 seconds for 9 seconds.
1691	If the player drops below 50% health, the DoT is removed.
1692	At 50% health, he will use "Decay Flesh", stunning all players for 3 seconds and dealing damage over time.
1693	This will mark the start of the 2nd phase.
1694	Tanks should use "Bone Armor" on cooldown and spam "Taunt".
1695	Everyone else should spam "Slaying Strike" on cooldown.
1696	Save "Touch of Life" for when you need healing.
1697	He will cast "Poison Clouds" at the feet of players which need to be avoided.
1698	They look like giant ovals of spider web swaying back and forth.
1699	Use it on the corpse.
1700	Drakkari Guardians, Drakkari Shaman and Drakkari Commanders are the only enemies that will drop Enduring Mojo.
1701	Walk west down the steps after defeating The Prophet Tharon'ja.
1702	Be sure to choose your quest reward quickly as the summon doesn't last forever.
1703	Slad'ran will cast "Poison Nova" which will deal nature damage to anyone within 15 yards of him as well as leave a DoT that lasts 16 seconds.
1704	Run away from this to avoid unnecessary damage.
1705	Have a player AoE down the small snakes that spawn during the fight.
1706	Extra healing may be needed for "Powerful Bite" which reduces the targets armor by 20% for 5 seconds.
1707	It will use "Mortal Strikes" on the tank, reducing incoming healing by 50% for 3 seconds.
1708	It will use "Emerge" at 50% health, summoning a Drakkari Elemental.
1709	It will cast "Mojo Volley" at 2 random players, dealing nature damage.
1710	It will use "Surge", charging forward causing anyone it hits to take additional nature damage for 45 seconds.
1711	When it reaches 50% health, it will "Merge" back with the Drakkari Colossus.
1712	Repeat the process, killing both after.
1713	He will occasionally cast "Ground Tremor", damaging and stunning all players within 60 yards for 2 seconds.
1714	Beware of "Mojo Frenzy" which will increase his spell casting speed based off his health.
1715	He will attempt to cast "Transformation" often.
1716	Interrupt this as much as possible.
1717	Note that with each successful interrupt, the cast speed will be substantially faster.
1718	Eventually he will transform, and Ground Tremor will be replaced with "Quake", which does the same thing but is used more frequently.
1719	In general, his damage will be boosted.
1720	"Stampede" charges a player, dealing damage and knocking them 10 into the air.
1721	Watch out for "Whirling Slash", which deals physical damage and bleeds victims.
1722	It can be avoided by moving away from Gal'darah.
1723	He will use "Puncture" on random players, giving them a 2 minute DoT.
1724	After he uses Whirling Slash twice, he will tranform into The Avatar of Akali.
1725	He will start using "Impaling Charge", dealing damage and knocking players back.
1726	Tanks should pay attention for "Enrage" and use damage mitigation skills when possible.
1727	Spread out as much as possible, as "Stomp" will deal damage and knock back players within 10 yards.
1728	Standing at he stars near the entrance.
1729	He patrols the platform in the first open area.
1730	Fight him on a back platform, killing his adds first.
1731	Do no hit him if he currently has the "Temporary Electrical Charge" buff.
1732	He will shift stances during the encounter.
1733	During "Battle Stance", watch out for Mortal Strike, which will reduce incoming healing to the target by 50% for 5 seconds.
1734	He will also use "Battle Aura" granting him 25% haste.
1735	During "Berserker Stance" he wilil have Berserk Aura, which grants 25% damage.
1736	Move out of "Whirlwind" which hits anyone within 8 yards.
1737	Melee should stay behind him to avoid "Cleave".
1738	During "Defensive Stance" he will have 25% damage mitigation.
1739	He will use "Knock Away", an AoE knockback that hits anyone 10 yards close to him.
1740	Casters should look out for "Spell Reflection" so you don't blow yourself up.
1741	They are in giant nests on the mountains around this area.
1742	Use it at the nest.
1743	Watch out for "Constricting Chains", which stuns a player for 5 seconds and deals damage.
1744	If it hits a healer, the tank should be ready with damage mitigation abilities.
1745	For casters, look out for "Disease Expulsion" which will interrupt casting.
1746	Otherwise, this is a tank and spank fight.
1747	The tank should be ready to pick up adds during "Summon Ghoul".
1748	Any ghoul that appears should be burned quickkly so the boss doesn't "Corpse Explode" them.
1749	Remove the "Curse of Exertion" curse if you are able.
1750	Healers should watch out for the target of "Time Warp".
1751	If you aren't the tank, stay behind Mal'Ganis and spread out as much as possible.
1752	Dispel "Sleep" whenever possible.
1753	You are able to use "Ice Block" out of sleep.
1754	Use it on a bunch of faintly glowing boxes sitting outside of a building along the road.
1755	Continue following the road.
1756	She will be just before the entrance to Stratholme.
1757	She will appear after you defeat Mal'Ganis.
1758	During the fight, he will "Summon Unstable Spheres".
1759	They move constantly and should be avoided when possible.
1760	He will cast "Magic Pull" drawing the part to him, to which all casters should move away immediately.
1761	He will debuff targets with a bomb and they should move away from the group when this happens.
1762	Melee will be tossed into the air when "Thundering Stomp" is used.
1763	The Tank should hold Varos at the center.
1764	The main thing to look out for will be "Energize Cores".
1765	Several orbs around the edge of the platform you're fighting on will emit a tendrils towards Varos before a blast that deals damage is released.
1766	If Varos is centered, it will cover 1/3 of the platform and should be avoided.
1767	The place where the cores will hit will constantly rotate counter-clockwise.
1768	Keep an eye out for "Call Azure Riding Captain" which will shoot a beam that tracks a specific player.
1769	You will need to avoid that as well as the attacks from the Energized Cores.
1770	During the encounter, he will cast "Frostbomb" which freezes the ground beneath players.
1771	It deals damage over time and slows those caught in it, so move out of it.
1772	He will occasionally teleport to the center of the Oculus and cast "Empowered Arcane Explosion".
1773	When this happens, you will need to Line of Sight it behind one of the many pillars around the arena.
1774	Targets afflicted by "Time Bomb" will need heavy healing.
1775	There will be 3 types of drakes to ride during the fight:
1776	The "Ruby Drake" is the tank.
1777	It'll be important to spam the "Martyr" skill in combination with "Evasive Maneuvers" as much as possible.
1778	"Searing Wrath" will be your basic attack.
1779	The "Emerald Drake" is the healer.
1780	"Leeching Poison" will stack 3 times so try and keep that up constantly.
1781	"Touch the Nightmare" will reduce the targets damage.
1782	"Dream Funnel" will act as your heal.
1783	It will damage you when you use it, which is why it's important to keep Leeching Poison active.
1784	The "Amber Drake" is the DPS.
1785	DPS will need to alternate between using "Temporal Rift" and "Shock Lance".
1786	Use Temporal Rift until your stack on the boss reaches 10, then use Shock Lance for optimal damage.
1787	"Time Stop" will generate 5 stacks of Temporal Rift on all enemies.
1788	Belgaristrasz will be freed from the cage after defeating the boss.
1789	Use the Emerald Drake to fly around to the floating islands inside the dungeon.
1790	There will be 3 Constructs on each.
1791	He will appear after defeating Varos Cloudstrider.
1792	Svala will use the "Ritual of the Sword" ability, summoning a random player to an altar.
1793	When this happens, the group will have 8 seconds to kill the Ritual Channelers, or the selected player will be killed.
1794	Note that "Ice Block" can save you from this on Normal mode.
1795	Melee DPS attacking Ritual Channelers will be afflicted with "Shadows in the Dark", which inflicts damage every 3 seconds for 21 seconds and stacks.
1796	Kill all adds as soon as they appear then focus on killing Svala Sorrowgrave.
1797	Once the encounter starts, random enemies will be re-animated to fight you.
1798	Jormunger: Leaves poison on the ground that deals damage over time and summons worm adds that need to be killed.
1799	Rhino: Deals heavy AoE damage and will charge random players leaving a DoT.
1800	Furlbog: Has randomized aggro, non-interruptible Chain Lightning, AoE Fear and Enrages.
1801	Worgen: Deals heavy single target damage and also uses "Mortal Strike" on the tank, reducing healing by 50%.
1802	When Gortok spawns, the tank needs to turn him away from the group.
1803	"Arcing Smash" will hit in a cone dealing massive damage.
1804	He will also hit a random party member with a spear throw, dealing 2,000 damage every 3 seconds for 10 seconds.
1805	Finally, he will use "Withering Roar" which will reduce the parties health by 500 for each cast, stacking up to 50 times.
1806	DPS Gortok Palehoof down as soon as possible.
1807	At the start of the encounter, he will ride his Proto-Drake.
1808	Your goal is to move to the opposing end of the hallway.
1809	While you are moving, the Proto-Drake will use "Freezing Cloud" which will be marked on either the right or left side of the hallway.
1810	It's important to move to the opposite side for this, as it will leave a high damage AoE on the ground that persists for 10 seconds.
1811	Keep moving as you make your way, quickly killing the groups of 5 to 6 Frost Vrykul that spawn.
1812	IMPORTANT: Make sure players are grabbing the "Harpoons" that drop from Ymirjar Harpooners.
1813	Upon reaching the end of the hallway, there will be several Harpoon Launchers.
1814	The above mechanics will continue, but now, be on the look out for "Skadi the Ruthless is within range of the harpoon launchers!"
1815	When you see this, players need to quickly use the Harpoon Launchers, which if done correctly will bring Skadi to ground.
1816	DPS him as hard as you can, repeating the process until he is defeated.
1817	Ymiron hits very hard.
1818	The tank should be well above 60% health for "Dark Slash".
1819	Stop ALL DPS when Ymiron casts "Bane".
1820	Each time he is damaged durign Bane, the entire party will take massive shadow damage.
1821	The Bane phase lasts for 5 seconds.
1822	He will also cast the disease "Fetid Rot" on random players, which needs to be removed immediately.
1823	At 33% and 66% health, he will use "Screams of the Dead" which will stun the entire party.
1824	You can use "Blink" to escape the effect.
1825	You can use "Every Man for Himself" to escape the effect.
1826	During this, he will then channel power from one of the four boats in the room.
1827	Haldor: This will give the target "Spirit Strike" which increases the targets damage taken and stacks over time.
1828	Bjorn: He will summon a Spirit Fount which deals AoE shadow damage and moves around the room slowly.
1829	Kite Ymiron away from the orb.
1830	Ranulf: He will cast "Spirit Burst" which deals around 2,000 shadow damage.
1831	Tor: He will summon adds which should be AoE'd.
1832	Near the entrance to the dungeon.
1833	They look like single silver ingots on scattered throughout the instance.
1834	They look like small red crystals scattered throughout the instance.
1835	They look like golden cups with gems scattered throughout the instance.
1836	They look like green serpent statues scattered throughout the instance.
1837	Follow the Defias Traitor.
1838	Go To Instance!
1839	Enter the Rethban Caverns, reach the first fork
1840	Interact with gameobject: Lonebrow's Journal
1841	Use Leaden Collection Phial on a living Irradiated Invader
1842	Interact with gameobject: Matrix Punchograph 3005-A
1843	Go To Uldaman Instance!
1844	Go To Zul'Farrak Instance!
1845	This guide contain all quest-chain for Maraudon Dungeon.
1846	Go To Entrance
1847	Go To Down Tunnel
1848	Next to Left Tunnel
1849	Jump off carefully
1850	Use Amulet of Spirits on Spirit of Gelk
1851	Next to Bridge
1852	Next to other Bridge
1853	Next to Right Tunnel
1854	Jump Down
1855	Use Amulet of Spirits on Spirit of Kolk
1856	Next to Orange Tunnel
1857	Next to Upper Tunnel
1858	Use Amulet of Spirits on Spirit of Magra
1859	Go To Maraudon (Orange Entrance)!
1860	First you need to complete quest chain on Zul'Farrak!
1861	Search for the Temple of Atal'Hakkar
1862	This quest is from Zul'Farrak chain
1863	Recommended start 52 level.
1864	Pyron standing at the entrance to Blackrock Depth.
1865	Listen to his story.
1866	Click the green glowing floating Torch of Retribution.
1867	Click the small grey chest on the ground.
1868	Click the chest again.
1869	Present proof of your deeds.
1870	Die in lava! Necessary step!
1871	Speak with NPC in ghost form.
1872	Interact with Loose Dirt Mound.
1873	First you need to complete quest chain on Sunken Temple!
1874	Click the red crystals that float over their corpses.
1875	Start lifting up here
1876	Excellent! You have the Skeleton Key!
1877	. Hellfire Ramparts first dungeon in the Hellfire Citadel questline chain.
1878	Slain 20 Bonechewer Orc
1879	You must complete Hellfire Ramparts questline before proceeding with this chain.
1880	Next line will check the condition
1881	You must complete Hellfire Ramparts and The Blood Furnace questline before proceeding with this chain.
1882	David Wayne has one more quest, but we will skip it.
1883	Need rep
1884	Need friendly rep from Honor Hold
1885	Moves variably into this position
1886	Or in this position
1887	You can find more around (1)
1888	You can find more around (2)
1889	Interact with gameobject: Crumpled Map
1890	You can find more around
1891	Wait Rhapsod Drink Event.
1892	Manually skip this step
1893	Good luck!
