1	In order to get to Pandaria for the first time, you must complete the opening questline to The Jade Forest.
2	Visit Stormwind Keep
3	Look for a ship in the air. You have to use a flying mount to get to Sky Admiral Rogers.
4	Talk to Sky Admiral Rogers
5	Tell her:
6	<I am ready to depart>
7	Use the abilities on your bar in order to kill the enemies.
8	Equip a Skyfire Parachute
9	There are several ways to earn reputation with Cenarion Circle.  Earning Exalted with this Faction is half of the Achievement Guardian of Cenarius.
10	You can farm mobs and bosses in the Ruins of Ahn'Qiraj.  You would need at least 1 other person to form the raid.
11	or
12	There are a large number of quests available at Cenarion Hold, but once those are completed you'll need to grind your way to Exalted. Click here to go to these quests
13	The only repeatable quest as of 4.2 is from Bor Wildmane at Cenarion Hold.  You will need to collect 10 Encrypted Twilight Text per turn in. Click here to continue
14	Click the Wanted Poster: Deathclasp
15	You must kill an elite mob for this quest, so you may need a partner if you cannot solo it.  You can skip this quest if you can't solo it and can't find a partner to help.
16	You need 10 extra Encrypted Twighlight Text for a future quest.
17	Enter the cave
18	Follow the path inside the cave
19	Leave the cave
20	Surround yourself in Silithyst Dust
21	They spawn in various locations, you find more at:
22	[53.2,41.6]
23	[57.1,47.2]
24	[60.0,41.1]
25	Stand inside the big blue-glowing metal machine
26	Deliver Silithyst
27	He walks around this area in a purple robe, so you may need to search for him.
28	She walks around this area carrying a book, so you may need to search for her.
29	You can find more Dredge Crushers around [Silithus,37.9,32.4]
30	Tell him you've heard he might have some information as to the weareabouts of Mistress Natalia Mar'alith
31	Question Frankal
32	Tell him the Commander has sent you here to gather some information about his missing wife
33	Question Rutgar
34	Click the Complete Quest box in the top right corner of your screen
35	Follow the path up
36	Be careful of Deathclasp, the elite scorpion that patrols this small area.
37	Deathclasp is an elite mob, so you may need a partner if you cannot solo him.  You can skip this quest if you can't solo it and can't find a partner to help.
38	Enter the hive
39	Follow this path
40	Discover the Fate of Mistress Natalia Mar'alith
41	<Use the transcription device to gather a rubbing.>
42	Leave the hive
43	Click Brann Bronzebeard's Lost Letter
44	More Twilight mobs can be found at [28.0,74.8]
45	Here [69.7,16.6]
46	Here [33.5,33.9]
47	When you have a lot of Twilight Texts to turn in, click here
48	You can click here to farm more Texts
49	Click here to do quests outside of Silithus for more rep
50	More can be found around [Un'Goro Crater,69.1,57.1]
51	While traveling to the coordinates, look in the water for Bloodpetal Seeds
52	Catch the Bloodpetal Seeds with Garl's Net.
53	Attack the Juvenile Bloodpetals in the area.
54	Remove 3 Unhealthy-Looking Pumpkins
55	Remove 4 Rotten Apples
56	Remove 6 Bad Corn
57	You must do this with the Troll Zen'Kiki next to you. If you lose him, return to the Menders' Stead and talk to him.
58	Kill 20 Wildlife with Zen'Kiki
59	Click Zen'Kiki
60	He's the Troll that's following you around.  Keep clicking him to pull the Diseased Hawks down to you.
61	Ride the Hearthglen Mustang
62	Use your Whinny ability on your hotbar near Northridge Spiders
63	Frighten 25 Northridge Spiders
64	Click the red arrow on your hotbar to stop riding the Hearthglen Mustang
65	Continuously scare the Northridge Spiders and try to make them run to [48.0,32.9]
66	The Hearthglen Recruits will kill the Northridge Spiders
67	Lure 10 Northridge Spiders to Lumber Mill
68	Click the Scourge Cauldron
69	It's a huge shaking black pot with orange liquid in it on a stone platform.
70	Click Cultist Cages
71	They look like big yellow cages around this area.
72	Free and Heal 4 Captive Plaguebears
73	You can find the doll parts in all of the buildings
74	Use Pamela's Doll's Head
75	Go inside the necropolis
76	Use Rayne's Seeds while standing on the platform above the green liquid
77	Plant a Seed in the Western Necropolis
78	Plant a Seed in the Northeastern Necropolis
79	Plant a Seed in the Southeastern Necropolis
80	Use your Overcharged Mote when you have a Plague Disseminator Control Rune
81	Destroy 3 Plague Disseminators
82	This is the end of the questing
83	Click here to go back to the Silithus Reputation menu
84	Congratulations, you are Exalted with Cenarion Expedition
85	This guide will take you through the quests needed to become Exalted with Cenarion Expedition
86	You will need to farm Cenarion Circle and Cenarion Expedition reputation.
87	Farming rep in the dungeons Slave Pens and Underbog is a good way to gain reputation up to honoroed.
88	You can also kill naga or any mobs for Unidentified Plant Parts until friendly.
89	You can also grind reputation from Heroic Coilfang Instances up to exalted if you would rather do that.
90	They are under the jumping piles of rocks, they come up to fight when you get close to the jumping rocks.
91	Click the Eroded Leather Case
92	Use the Cenarion Antidote on a Hulking Helboar
93	Administer the Antidote
94	Click the Crimson Crystal Shard in your bags
95	Use your Seed of Revitalization while standing on the Earthbinder's Circle
96	It's a bright green symbol on the ground.
97	Revitalize Fallen Sky Ridge
98	Kill all mobs in this area
99	I found Boglash here. He is a tall alien looking thing with really long legs. Kill him, he's really easy, despite his elite status. He walks around in the water, so some searching may be necessary.
100	In the big building, all the way at the top.
101	Escort Kayra Longmane to safety
102	The path to 'Ikeyen's Belongings' starts here
103	Go southwest inside the cave to 70.5,97.9
104	Go northeast inside the cave to 72.5,94.0
105	On the bottom level of the cave, in the small round room all the way in the back.
106	Stand here to Investigate Umbrafen Lake
107	You can find more Naga at:
108	[73.4,82.3]
109	[72.2,75.8]
110	Turn in any stacks of 10 Unidentified Plant Parts you have
111	If you found an Uncatalogued Species, turn that in also
112	Use your Stormcrow Amulet
113	Watch yourself fly as a crow.
114	Explore the Lakes of Zangarmarsh
115	Get the Mark of War
116	Get the Mark of Lore
117	Use your Ironvine Seeds on the Umbrafen Lake Pump Controls
118	Disable the Umbrafen Lake Pump Controls
119	The pump controls look like a little box with some levers on it
120	Use your Ironvine Seeds on the Lagoon Pump Controls
121	Disable the Lagoon Pump Controls
122	Use your Ironvine Seeds on the Serpent Lake Controls
123	Disable the Serpent Lake Controls
124	Get a Drain Schematics
125	Click the Drain Schematics in your bags
126	Swim straight down into the big bubbling pipe opening below until you discover the drain
127	Locate the drain in Serpent Lake
128	Follow the path and go straight through this main room
129	Follow this hallway
130	You can either stand back and pull Mennu from the ramp, or clear the enemies first so they won't aggro.
131	Discover Weeder Greenthumb
132	Follow this path up
133	Discover Naturalist Bite
134	Be ready to fight a couple mobs
135	Tell him
136	<Naturalist, please grant me your boon
137	As you go through the dungeon, look for Sanguine Hibiscus
138	Keep following this straight path
139	Follow this path up and around
140	He will summon mushrooms, these will explode to deal damage to player, and heal the boss.
141	Keep moving him so that doesn't happen.
142	Follow the path around until you get here
143	Jump down in the water here
144	Swim across the water and jump down here
145	Discover Earthbinder Rayge
146	Follow this path down and to the right
147	Talk to Windcaller Claw
148	Discover Windcaller Claw
149	Make sure you have picked up 5 Sanguine Hibiscus
150	You hear a faint echo...
151	Go through the opening on your left.
152	Go up the ramp
153	Go up to the bridge on the right side
154	Cross the bridge and go through the hallway
155	You hear a faint echo... and You hear a loud rumble of metal grinding on stone....
156	Follow the tunnel back to the bridge
157	Take a right after crossing the bridge, and go up a ramp
158	Follow the path down to the ramp
159	Enter this doorway
160	Examine the Strange Object
161	Inside the building, looks like a white ball on the floor next to a dead guy.
162	At the top of the big tower.
163	Fight Empoor until he's almost dead
164	Enter this building
165	Run up the ramp to [73.9,35.8]
166	Teleport to the bottom of the tower
167	Activate Mana Bomb
168	Kill the Wood Mites that come out of their corpses
169	You can find more Infested Root-walkers at [39.1,47.0]
170	He wanders around the Wyrmcult camps.
171	Negotiate with Overseer Nuaar
172	Click the Meeting Note in your bags
173	Use the 6 Ruuan'ok Claws inside the glowing circle
174	On the little island in the pond.
175	She walks near the Raven's Wood end of the cave.
176	Get the Understanding Ravenspeech buff
177	Must be within melee range to receive the buff
178	Anytime the buff wears off, kill Grishna mobs again to get it back
179	Stand next to the wooden totem with the Understanding Ravenspeech buff on you
180	On the ground, next to a pond with basilisks in it.
181	Receive the Third Prophecy
182	Up the left ramp, then left across the hanging bridge.
183	Receive the First Prophecy
184	Up the right ramp, then go right across the hanging bridge, then down the stairs to the left.
185	Receive the Second Prophecy
186	On the ground, in front of a hut.
187	Receive the Fourth Prophecy
188	Go inside the cave
189	Combine your 5 Costume Scraps to make an Overseer Disguise
190	Put on the Overseer Disguise
191	Attend the meeting with Kolphis Darkscale
192	Follow the cave path until it dead ends into him.
193	Leave the cave.
194	Click the Damaged Mask
195	Plant the Ironroot Seeds
196	Make sure you have your Felsworn Gas Mask in your bags
197	It has a 60 minute timer on it
198	If you need another one, talk to Wildlord Antelarion at [62.6,39.6]
199	Click here to continue.
200	Use your Felsworn Gas Mask to equip it
201	Wear the Felsworn Gas Mask
202	Click the Legion Communicator
203	Between 2 big green floating crystals. You must be wearing the Felsworn Gas Mask to use the Legion Communicator
204	Between 2 big green floating crystals. Click the Legion Communicator. You must be wearing the Felsworn Gas Mask to use the Legion Communicator
205	Click the Legion Obelisk to activate it
206	It's a metal structure with a floating tall metal piece in the middle of it.
207	Click here to proceed.
208	Use your Druid Signal anywhere in Death's Door
209	Talk to Evergrove Druid
210	Use your Naturalized Ammunition next to the Death's Door Fel Cannon
211	It looks like a big metal green-glowing bullet shaped machine.
212	Use the Artillery on the Warp-Gate ability 7 times
213	Destroy the South Warp-Gate
214	Destroy the North Warp-Gate
215	Use Energy Field Modulator on Farahlon Lashers
216	Test Energy Modulator 10 times
217	Use the Talbuk Tagger on talbuks when they are below 20 percent health.
218	Tag 12 Talbuk
219	Use your D.E.H.T.A. Trap Smasher while standing next to Trapped Mammoth Calves
220	They look like baby elephants laying on the ground in a trap.
221	Free 8 Mammoth Calves
222	Find and kill "Lunchbox"
223	He walks around this area.  Kill 'Lunchbox' and then Nedar, Lord of Rhinos will jump off.
224	Stand inside the Caribou Traps on the ground
225	They look like metal spiked traps on the ground.
226	Use your Pile of Fake Furs
227	Trap 8 Nesingwary Trappers
228	After you turn in Ears of Our Enemies, you will get a repeatable quest called Can't Get Ear-nough...
229	Deliver the Orphaned Mammoth Calf to Khu'nok
230	Ride around and find a Wooly Mammoth Bull
231	Click it to ride it
232	Use the skills on your mammoth action bar to do the following:
233	Click Kaw's War Halberd on the ground
234	She walks around in this spot.  Be careful, she has 2 stealthed guards that come with her.
235	Click the Shipment of Animal Parts containers on the ground
236	They look like brown bags and crates sitting on the ground around this area.
237	He's walking around underwater.
238	Go underwater to 42.5,15.9
239	Use The King's Empty Conch on Scalder's corpse
240	They are on the ground underwater.
241	Rescue 20 Winterfin Tadpoles
242	Go southwest to Winterfin Village
243	Use King Mrgl-Mrgl's Spare Suit
244	Go inside the cave to [37.8,23.2]
245	Go down the path and underneath you to [38.4,22.7]
246	Follow the path up and to the back of the cave to [37.6,27.4]
247	Go back up the path to [37.8,23.2]
248	Escort Lurgglbr to safety
249	If you are not Exalted with the Cenarion Expedition, you can turn in Lackey Ears for a repeatable quest, or run Heroic Dungeons.
250	The Heroic Dungeons are Slave Pens, Underbog and Steamvault.
251	Click here to do the repeatable quest
252	Click here to be taken to the Slave Pens
253	Click here to be taken to the Underbog
254	Click here to be taken to the Steamvault
255	Collect Lackey Ears in stacks of 15.
256	When you want to turn in Lackey Ears, click here.
257	Click here to go back to farming ears.
258	Keep repeating this quest until you are Exalted with the Cenarion Expedition
259	Congratulations, you are now Exalted with the Cenarion Expedition!'
260	Talk to Elder Atkanok
261	
262	Identify the Elder Sagani
263	Identify the Elder Takret
264	Identify the Elder Kesuk
265	Use the Cores of Malice on Kaskala Craftsmen and Kaskala Shaman
266	Free 3 Kaskala Craftsman spirits
267	Free 3 Kaskala Shaman spirits
268	Use your Gnomish Grenade while standing under the floating platform
269	If you can fly, you can stand on the floating platform and use your Gnomish Grenade.
270	Destroy the North Platform
271	Destroy the West Platform
272	Destroy the East Platform
273	Use your Tuskarr Ritual Object while standing next to the Elder Sagani
274	It looks like 2 small totem pole things at the base of the big stone on the huge bone cart.
275	Complete Elder Sagani's ceremony
276	Use your Tuskarr Ritual Object while standing next to the Elder Takret
277	Complete Elder Takret's ceremony
278	Use your Tuskarr Ritual Object while standing next to the Elder Kesuk
279	Complete Elder Kesuk's ceremony
280	Click the Cultist Shrine
281	It looks like a small candle shrine on the ground downstairs in this ship, next to the wall.
282	Kill the Riplash Myrmidon and cheering Skadir mobs
283	Go inside the cave to 46.4,78.2
284	Go into the big building to 54.7,89.1
285	Swim underwater to the bubbling rock at the very bottom, so you don't run out of air
286	Use your Trident of Naz'jan on Leviroth
287	<Search corpse for Issliruk's Totem>
288	Click the Mound of Debris
289	It looks like a pile of dirt in the bottom of this small pit, next to a skeleton.
290	Click the Unlocked Chest
291	It looks like a small chest in the bottom of this small pit, next to a skeleton.
292	Click the Long Tail Feather
293	It's a small blue feather sitting on a circular shield in this pit, on top of a skeleton.
294	Click the Cannonball
295	It looks like a big round grey ball sitting in the dirt in this pit, between a skeleton's legs.
296	Go across The Ancient Lift to 25.0,57.0
297	It's a blue eagle statue inside this ship on the middle floor.
298	It looks like a grey vase at the bottom of this wrecked ship.
299	Tell him:
300	Taruk sent me to collect what you owe.>
301	After he submits to you
302	<Pay up, Harry!>
303	Collect "Silvermoon" Harry's Debt
304	<I'd like to buy Jack a drink.>
305	She will walk over to Jack Adams
306	Discretely search the pirate's pockets for Taruk's payment.>
307	Enter the Cave here
308	After you beat him, he will jump down
309	Run down the ramp here
310	Leave the cave and go to 33.2,63.9
311	Go downstairs in the ship
312	Go upstairs to the ship deck
313	Run to the other end of the ship deck to the big cannon
314	Keep clicking The Big Gun until Sorlof is dead
315	Sorlof will drop a big pile of gold on the shore
316	Jump off the ship and click Sorlof's Booty
317	At the bottom of the ship. If you are careful, you can avoid Abdul the Insane
318	Ride the big lift to the top of the cliff and go to 40.3,60.3
319	Use your Bundle of Vrykul Artifacts while standing near the skeleton
320	Return the Shield of Aesirites
321	Return the Staff of Storm's Fury
322	Use your Bundle of Vrykul Artifacts while standing near the skeleton.
323	Return the Frozen Heart of Isuldof
324	Return the Ancient Armor of the Kvaldir
325	Go across the Ancient Lift to 25.0,57.0
326	Click the Blood of Loguhn in your bags
327	Smear the Blood of Loguhn on yourself
328	Use Toalu'u's Spiritual Incense next to Toalu'u's Brazier
329	Sitting next to the entrance to the small house.
330	Watch yourself fly as a wisp
331	Attain Spiritual Insight concerning Indu'le Village
332	Click Tua'kea's Crab Traps
333	They look like small cages on the ground underwater around this area.
334	Click the Wrecked Crab Trap
335	It looks like a broken version of Tue'kea's Crab Traps, on the ground underwater.
336	Use Tu'u'gwar's Bait next to Tua'kea's Fishing Hook
337	It looks like a rope leading into the water, with a big hook on the end.
338	Kill Tu'u'gwar when he comes
339	Talk to Elder Mana'loa
340	Put 15 Indu'le spirits to rest
341	The path up to Conversing With the Depths starts here
342	Follow the path up to 34,83.4
343	Click The Pearl of the Depths
344	It's a big white pearl sitting on a altar thing.
345	Oacha'noa appears and tells you to jump in the water
346	Jump in the water when he tells you to
347	Obey Oacha'noa's compulsion
348	Once you've completed all of the quests above, you can now do the daily quests.
349	Reach exalted with The Kalu'ak
350	Use Anuniaq's Net on the Schools of Tasty Reef Fish
351	They look like swarms of fish in the water.
352	Use your Tasty Reef Fish on a Reef Bull as far away as you can
353	He will come to the spot where you're standing
354	Keep doing this
355	Lead the Reef Bull to a Reef Cow on the other side of the water
356	You have reached the end of the dailies for today.
357	To go back to the beginning of this guide, click here.
358	Earn Exalted reputation with the Kalu'ak
359	Routing to proper section.
360	Kill 15 Deadwood Furbolg
361	You can find more around [Felwood,59.7,9.8].
362	You should be able to turn in Feathers for Nafien, a repeatable reputation quest.
363	You should be friendly with Timbermaw after completing this quest.
364	Click the Winterfall Cauldron.
365	Kill 15 Winterfall Furbolg
366	You can find more mobs around [Winterspring,27.3,49.3].
367	They walk along the road so some searching may be required.
368	You should be honored with Timbermaw Hold at this point.
369	You should now be able to do the quest More Beads for Salfa.
370	Use Tanrir's Overcharged Totem to overload Winterfall Earth Totems.
371	Overload 4 Winterfall Earth Totems
372	At this point, you can do two repeatable quests, as well as grind to earn rep.
373	More Beads for Salfa requires that you grind in Winterspring.  You collect 5 Winterfall Spirit Beads, which are worth 2,000 Reputation per turn in.  Click here to farm at the Winterspring location.
374	Feathers for Nafien requires that you grind in Felwood. You collect 5 Deadwood Headdress Feathers, which are worth 2,000 Reputation per turn in.  Click here to farm at the Felwood location.
375	Collecting 65 Beads/Feathers will get you from Honored to Exalted.
376	You need to collect at least 5.
377	5 Winterfall Spirit Beads = 2,000 Reputation. You're aiming for at least 60 to 65 Winterfall Spirit Beads in total.
378	More can be found at [Winterspring,35.6,56.3]
379	Click here to turn in your beads
380	Click here to go back to grinding.
381	Exalted with Timbermaw Hold
382	5 Feather Headresses = 2,000 Reputation.  You're aiming for at least 60 to 65 Feather Headresses in total.
383	More can be found at [Felwood,59.6,8.9]
384	Click here to turn in your feathers
385	Congratulations, you are now Exalted with Timbermaw Hold!
386	Routing to proper section
387	Enter the tunnel
388	All inside this tunnel.
389	Leave the tunnel
390	They are located right along the edge of the water
391	Click the Quest Complete box that displays on the right side of the screen under your minimap
392	They share spawn locations with the Carrion Grubs.  So, if you are having trouble finding Plaguehound Runts, kill Carrion Grubs and more should spawn.
393	You can find more Plague Hound Runts around [Eastern Plaguelands,14.4,63.0].
394	Choose 1 of the 3 buffs you can choose from
395	All of the buffs only work while you're in Eastern Plaguelands.  Fiona's Lucky Charm gives you a chance to loot extra gold or items from enemies.  Gidwin's Weapon Oil gives you a chance to do extra Holy damage on melee and ranged attacks.  Tarenar's Talisman gives you a chance to do extra Holy damage on successful spell attacks.
396	Choose to go to the next destination
397	Ride Fiona's Caravan
398	Go to the top of the tower
399	Ask him if he's interested in joining your caravan
400	Find a traveling companion
401	Ask him if he has the extended Annals of Darrowshire
402	Enter the crypt
403	Go to the bottom of the crypt
404	Go upstairs
405	Use your Mystic Crystal when you have a Fetid Skull
406	Use your Relic Bundle
407	Fight in the battle and follow the instructions that appear on your screen
408	Joseph Redpath will appear after the battle at [Eastern Plaguelands,35.1,84.0]
409	Accept Redpath's Forgiveness
410	Ride in Fiona's Caravan
411	Complete the Argus' Journal quest
412	This will give you a 2% experience bonus while in Eastern Plaguelands, so will allow you to level faster.
413	These only last 10 minutes, so keep an eye on the timer and try to get them as fast as you can.
414	Use Mortar and Pestle once you have 7 Living Rot
415	Use Betina's Flasks on Plague Ravagers and Blighted Surges underwater
416	Use your Death Cultist Disguise
417	Wear your Death Cultist Disguise
418	Choose to throw in an entire flask
419	Disturb the Mereldar Plague Cauldron
420	Use your Argent Scroll
421	Complete the Trial of the Crypt
422	Run up this path
423	Bury 10 Blades
424	Be careful of the patrolling elite, Garginox, in this area.
425	Go into the basement of the fortress
426	Go upstairs into the main room of the fortress
427	Go down the hall and up more stairs
428	Click the Argent Portal
429	It looks like a swirling portal in a room on the north side of the building.  Follow the stairs up in the Library Wing, not the big spiral stairs in the middle of the building.
430	Open the Portal within the Library Wing
431	It looks like a swirling portal in a room on the west side of the building.
432	Open the Portal within the Hall of Arms
433	Follow the big spiral stairs up to the top of the bell tower
434	He's a big purple bug that walks around this area, so you may need to search for him.
435	He's a huge yellow grub that walks along in this big trench.
436	Don't walk over the dirt piles on the ground, they spawn more enemies
437	Don't worry that he's elite, you can kill him easily
438	Use the Body of Warlordw Thresh'jin next to the Bonfire at the top of the temple
439	Burn Warlord Thresh'jin's Body
440	Ride Fiona's Caravan to Northpass Tower
441	Beat 6 Scourge Siege Engineers
442	Discover Gidwin's Location
443	Discover Gidwin's Captor
444	Use The Corpseburner's Flare in this spot
445	If you get a message that there are no valid targets, wait until Duskwing spawns.  He's a big gray bat that flies in the sky around this area.
446	Click The Baroness' Missive in your bags
447	Enter this building and watch the cutscene
448	Find Gidwin Goldbraids
449	All around Plaguewood, do the following:
450	Use your Crusader's Torch on their corpses
451	Burn 8 Overstuffed Golem Corpses
452	They spawn after you kill Cannibal Ghouls.
453	Free 8 Darrowshire Spirits
454	Use your Argent Lightwell Charm next to the big brown monster corpses
455	You will have to put 3 around each corpse, and you can't put them too close together.
456	Destroy 3 Corpsebeasts
457	Lying on the ground all around this area:
458	The Receipt Book is upstairs in the far room.
459	These are dungeon quests. If you are not high level, you will need to get a group to continue.
460	Enter the hallway
461	Enter the Hallway and turn left
462	If you do not reset your instance then you will only be forced to clear mobs one time.
463	Earn Exalted reputation with the Argent Dawn
464	Congratulations, you are now Exalted with the Argent Dawn!
465	turn in these two quests 4 times to go from unfriendly to friendly.
466	They are on the ground throughout the area.
467	Turn in 10 Spore Sacs or 6 Bog Lord Tendrils at a time here: [19.0,63.3]
468	Reach Friendly with Sporeggar
469	Once you have reached friendly, you can farm the quest Now That We're Friends... and Bring Me A Shrubbery!  Grinding mobs at The Spawning Glen no longer will give you reputation.
470	Collecting 265 Sanguine Hibiscus from The Underbog will give you enough
471	Click here if you want to grind out Sanguine Hibiscus.
472	Click here if you want to grind Naga mobs.
473	You can find the Sanguine Hibiscus on the ground scattered through out the instance.
474	You can also get Sanguine Hibiscus from Underbat, Underbog Lurkers, Underbog Shamblers, Bog Overlords, Bog Giants and Underbog Lords.
475	You need 5 Sanguine Hibiscus for 750 Reputation.
476	40 Sanguine Hibiscus = 6,000 Reputation.
477	80 Sanguine Hibiscus = 12,000 Reputation.
478	Click when you are ready to turn in
479	Click here to go farming for more Sanguine Hibiscus
480	Click here if you would like to farm Naga for more reputation
481	Click here to go farming for Sanguine Hibiscus
482	Congratulations, you are now exalted with Sporeggar!
483	Proceeding to Daily
484	Proceeding to Quests
485	On a little island.
486	They are all around this area on the land, to the north and south.
487	You'll be able to find more around [Zangarmarsh,19.6,33.3]
488	Click the brown crates and kill ogres around this area
489	Follow the path up the hill. Overlord Gorefist is inside the small house on the left.
490	Free Corki
491	Use the Torch of Liquid Fire on Sunspring Villager Corpses in the water and the village
492	Burn 10 Sunspring Villager Corpses
493	Fight Lump until he's almost dead
494	Sleeping on the hill.
495	Talk to Lump and tell him you need answers!
496	Free Corki inside the cave
497	Inside the cave, way in the back.
498	Go outside to 54.5,72.2
499	Listen to his story
500	Use your Warmaul Ogre Banners on their corpses
501	Plant 10 Warmaul Ogre Banners
502	Use your Kil'sorrow Banners on their corpses
503	Plant 10 Kil'sorrow Banners
504	Use the Damp Woolen Blanket on the Blazing Warmaul Pyre
505	Defend the Boulderfist Saboteurs that appear until they are done placing the corpses
506	The next few quests are meant to be group quests. If you are not high level, you may need at least 3 people for these quests.
507	Click here to proceed
508	Follow the path around this are to look for Durn the Hungerer
509	You will fly around on a drake to view The Twilight Ridge.
510	You may have to fight the 65 Elite standing next to the cage.
511	Follow the path up and around
512	Leave the Cave here
513	Click Corki's cage to unlock it
514	Tell him "Altruis sent me. He said that you could help me."
515	He will immediately start attacking you!
516	Persuad Sal'salabim
517	Tell him you are here to collect a dept, pay up or you're going to have to hurt him.
518	Collect Raliq's Debt
519	Collect Coosh'coosh's Debt
520	Collect Floon's Debt
521	Use the Fel Cannon Activator in your bags
522	Destroy Forge Camp: Hate
523	Destoy Forge Camp: Fear
524	Once you have completed the above quests, you will have to grind your way to Exalted.
525	Click to proceed.
526	If you are fresh into revered, you will need 420 beads to get 21,000 reputation points.
527	Collect beads in sets of 10.
528	Click here when you're ready to turn in.
529	Click here to go back to farming.
530	Earn Exalted reputation with the Kurenai.
531	Congratulations, you are now Exalted with The Kurenai!
532	Kill the white spider wrappings around this area.
533	Free 8 Webbed Crusaders
534	Click the Argent Skytalon to ride it
535	Use the Grab Captured Crusader ability near Captured Crusaders to pick them up
536	Once you pick up a Captured Crusader, fly to [86.9,76.5]
537	Use the Drop Off Captured Crusader ability near the tents to drop off the crusaders
538	Repeat this process 2 more times
539	Rescue 3 Captured Crusaders
540	Click the red arrow on your vehicle hot bar to stop riding the dragon
541	Click the Argent Cannon to get on it
542	Use the skills on your hotbar to kill scourge mobs and dragons
543	Click the red arrow on your vehicle hot bar to stop using the cannon
544	Use your Holy Water on Reanimated Crusader corpses
545	Free 10 Restless Souls
546	You can find another Forgotten Depths High Priest at [76.2,61.0]
547	Use your War Horn of Acherus on Salranax the Flesh Render
548	A Death Knight is summoned to help you, but make sure you get the first hit on Salranax the Flesh Render, or else you won't get credit for the kill.
549	Use your War Horn of Acherus on High Priest Yath'amon
550	A Death Knight is summoned to help you, but make sure you get the first hit on High Priest Yath'amon, or else you won't get credit for the kill.
551	Use your War Horn of Acherus on Underking Talonox
552	A Death Knight is summoned to help you, but make sure you get the first hit on Underking Talonox, or else you won't get credit for the kill.
553	Click the dark portal that spawns after you kill Underking Talonox to return to the Valley of Echoes
554	You can find more Ancient Elven Masonry around [79.6,61.3]
555	Stand next to the Pile of Crusader Skulls
556	Use your Blessed Banner of the Crusade
557	Defend the Banner of the Crusade against oncoming attackers
558	Complete the Battle for Crusaders' Pinnacle
559	Ask her for a portal to Moonglade
560	Click the Moonglade Portal that appears next to you
561	Right click your Fitfull Dream buff to awaken from the nightmare
562	The Fitfull Dream buff icon looks like a closed eye.
563	Tell him you wish to return to Arch Druid Lilliandra.
564	Click the Moonglade Return Portal
565	Tell him you need to go to the top of the temple
566	Tell him you want to go to the ground level of the temple
567	There should be a fight happening, so just wait around until the fight is over
568	If there isn't fight happening, just wait until the fighters spawn again, and there should be some red dragon Ruby Watchers flying above the fight.
569	At the end of the fight, a Ruby Watcher will blow alot of fire on the ground and the Dahlia's Tears will spawn
570	Click the Portal to Shattrath that appears near you
571	You should now be above Honored with the Argent Crusade.
572	The fastest way to continue to earn reputation with Argent Crusade is to buy a tabard and run any dungeon that gives experience.
573	Equip this Tabard in your bags
574	You can run any dungeon that grants experience to gain reputation for the Argent Crusade.
575	Friendly with Argent Crusade
576	Honored with Argent Crusade
577	Revered with Argent Crusade
578	Become Exalted with Argent Crusade
579	Congratulations! You are now Exalted with the Argent Crusade!
580	You will fly into Deepholm
581	You can find more Rockslice Flayers around [42.5,55.6]
582	Use your Depleted Totem
583	Kill them next to your Depleted Totems.
584	Energize the Totem 8 Times
585	Use Goldmine's Fire Totem in the red lava spot
586	Use your Explosive Bonding Compound on Flint Oremantle
587	Apply the Explosive Bonding Compound
588	Introduce Flint Oremantle to Earthcaller Yevaa
589	Receive the Second Clue
590	Receive the First Clue
591	It is inside on the upper level of this broken gunship.
592	Receive the Third Clue
593	It is on the ground in front of the gunship.
594	She's up above in an airship patrolling this area.
595	All around on this air ship:
596	Use your Spirit Totem on Slain Crew Members
597	Receive 6 Slain Crew Member Information
598	Enter the doorway on the main deck of the air ship:
599	He will be on your left.
600	Leave through the doorway and immediately turn right:
601	Located on the life boat.
602	All around on the deck of the air ship:
603	Go to the very top of the air ship:
604	Go onto the main deck of the ship and go down the stairs to the deck below:
605	Fight Mor'norokk the Hateful until he surrenders
606	He's downstairs in the airship, in the very back of the first level you come to. He may be marked on your mini map as a white skull with red eyes.
607	Subdue Mor'norokk the Hateful
608	All around on this lower deck of the air ship:
609	Interrogate Mok'norrok
610	When you land on the air ship again:
611	Go to this spot
612	Reach Deathwing's Fall
613	It is in a small box inside this tent.
614	Free 6 Enslaved Miners
615	It is at the top of this tower.
616	Reach Upper Silvermarsh
617	Click Maziel's Research in your bags
618	Use your Trogg Crate in the water and swim to this spot
619	Watch the dialogue
620	Uncover the World Pillar Fragment Clue
621	Use Mylra's Knife on Jadecrest Basilisk corpses
622	Use your Trapped Basilisk Meat
623	Use your Stormstone next to the swirling blue portal
624	Disrupt the Twilight Gate
625	Use your Stormstone next to the structure with the floating yellow crystal
626	Disrupt the Elemental Gate
627	Defeat 8 Abyssion's Underlings
628	Use your Earthen Ring Banner
629	Use The Axe of Earthly Sundering on Emerald Colossi
630	Tell him you are ready for the ritual
631	Complete the One With the Ground Ritual
632	Use Stonefather's Banner next to Stone Hearth Defenders
633	Grant the Stonefather's Boon 12 times
634	Use your Rockslide Reagent on the Earthen Geomancer
635	Seal the Shrine
636	Seal the Barracks
637	Seal the Inn
638	Seal the Armory
639	Use Deepvein's Patch Kit on Injured Earthens
640	Patch up 10 Injured Earthen
641	Click Catapult Parts
642	They look kind of like big metal parts laying on the ground around this area.
643	You can also look around 23.1,53.9 for more
644	Tell him you're ready to escort the catapult
645	You need to be near the catapult or it will stop
646	Safely Escort the Earthen Catapult
647	Use your Fire Catapult ability on your hotbar on the Stone Trogg and Fungal mobs
648	Bombard 30 Reinforcements
649	Reactivate 5 Deactivated War Constructs
650	Activate the golems before attacking mystics.
651	Obtain a War Guardian for the Sprout No More quest
652	Obtain a War Guardian for the Fungal Monstrosities quest
653	Destroy 5 Giant Mushrooms
654	Rescue Stonefather Oremantle
655	He is up high on an upper rock platform.
656	Use your Elementium Grapple Line on Servants of Therazane
657	Run away from the Servants of Therazane to bring them down.
658	Relieve Stormcaller Mylra
659	Relieve Tawn Winterbluff
660	Relieve Hargoth Dimblaze
661	Bring down 3 Servants of Therazane
662	Use your Earthen Ring Proclamation on Boden the Imposing
663	He's a huge rock giant that walks around this area.
664	Seek Peace with Boden the Imposing
665	Use your Delicate Chain Smasher next to Quartz Rocklings
666	They look like small rock giants around this area.
667	Release 6 Quartz Rocklings
668	Use the Jade Crystal Clusters
669	Use your Jade Crystal Composite
670	Lure an Agitated Tunneler
671	Get next to Felsen the Enduring
672	Find Felsen the Enduring
673	Fly to the mouth of this cave
674	Find the entrance to the Crumbling Depths
675	Enter the cave and follow the path
676	Watch out for the Colossal Gyreworm. It patrols around this cave in a circle, and if it hits you you'll get caught inside of it, take damage, and get dumped back at the beginning.
677	As you're going around this first curve, if you don't have a speed boost there is a small side passage you can step into to avoid getting hit by the Colossal Gyreworm.
678	Follow the path
679	Follow the path to this spot, then jump down
680	Reform 6 Stonebound Elementals
681	These look like broken rubble on the ground, like after you've killed a stone elemental.
682	More of all of these can be found around [Deepholm,34.2,51.7]
683	Next to you:
684	Get next to the huge green crystals
685	Protect Pebble.
686	Bring Pebble to the crystal formation
687	They look like little black bats laying on the ground around this area. Basiliks around this area may drop them as well.
688	PS: there's more over here [Deepholm,44,26.2]
689	Tell him you are ready to escort a group of elementals across the open.
690	Speak to Terrath the Steady
691	Escort 5 Opalescent Guardians to safety
692	Run on the ground with your mount, don't fly or you the rock elementals will disappear when you get too far away from them.
693	He moves all around this area capturing basilisks, so you may need to look around a bit for him.
694	They will fall to the ground with half health, so you can kill them, even though they are elite.
695	Use your Stonework Mallet next to the Pale Resonating Crystal
696	Strike the Pale Resonating Crystal
697	Click the Boulder Platforms to jump from rock to rock while fighting Aeosera.  When she is casting her Searing Breath ability, jump to another rock and attack her while she is breathing fire to the other rock.  Repeat this until she surrenders.
698	Defeat Aeosera
699	If Terrath the Steady doesn't spawn at the appropriate spot, go to [40.0,19.4]
700	Destroy 10 Doomshrooms
701	Gather a sample of the red mist
702	There are small clouds of red mist that float around on the ground around this area.  Walk into one of them to gather a sample.
703	You will be able to find more Fungal Behemoths and Doomshrooms around [76.6,44.4]
704	Tell her you're ready when she is
705	Follow him each time he runs away.  Avoid the mushrooms as you walk, they will give you a debuff.  While fighting Fungalmancer Glop, avoid the Boomshrooms he creates.
706	Attend the Stonemother's Audience
707	Go to this spot next to the big white portal
708	Investigate the Master's Gate
709	Acquire the Water Ward
710	Acquire the Fire Ward
711	Acquire the Air Ward
712	Decrypt 6 Plans
713	Destroy the Waygate
714	He's up on a huge floating rock.
715	Talk with Windspeaker Lorvarius, Yuldris Smolderfury, Tawn Winterbluff, Earthcaller Yevaa and Tharm Wildfire at the below locations:
716	[48.5,50.1]
717	[47.4,50.9]
718	[48.1,49.9]
719	Tell them you are joining an assault on Lorthuna's Gate and they are needed.
720	Rally 5 Earthen Ring
721	She is in a small room on the top of this building.  She is elite, but you can still kill her.  She will run away when she is almost dead.
722	Defeat High Priestess Lorthuna
723	Defeat Boldrich Stonerender
724	You will eventually get on a stone drake and fly after Zoltrik Drakebane.  You can use your Jump ability to jump onto his drake, if you are a melee class.  Either way, you will land on a rock with him and kill him there.
725	Defeat Zoltrik Drakebane
726	When you enter Stormwind City:
727	You will automatically accept a quest
728	Peer into the Waters of Farseeing
729	Ride the mercenary ship to Vashj'ir
730	Wait on the docks, it could take a little while for the boat to finally show up.
731	Use your Enchanted Conch on Drowning Warriors
732	Rescue 6 Drowning Soldiers
733	This quest will automatically be accepted after you kill an eel.
734	Justifiably Slay 8 Disgusting Eels
735	Click the Quest Completion box that pops up
736	Follow the troops out and help them defend the Briny Cutter from the waves of nagas
737	Swim over to [46.4,46.5] after you get kidnapped
738	Defense of The Briny Gutter Complete
739	Use Moanah's Baitstick on a Speckled Sea Turtle
740	Start swimming back to Moanah Stormhoof at [46.0,46.9]
741	Mount the Sea Turtle
742	Tie your lure off and let it loose
743	Tie off the Seahorse lure
744	Use the abilities on your action bar and follow the on screen instructions to hold onto the seahorse
745	Subdue an Abyssal Seahorse
746	Scout Smuggler's Hole
747	Signal Adarrah
748	Tell him to make for that cave to the west
749	Rescue Mack and Samir
750	Use your Tattered Treasure Map in your bags
751	Slay 4 Brinescale Serpent
752	Use your Pilfered Cannonballs
753	Use Erunak's Scrying Orb
754	Use your Booby-Trapped Bait next to the Rusty Harpoon Gun
755	Feed the Explosive Grub to Gnaws
756	Use your Budd's Chain next to the Rusty Harpoon Gun
757	While in Gnaws' mouth, spam the ability on your hotbar
758	A huge harpoon will eventually shoot into Gnaws.  Once that happens, you can stop spamming the ability.
759	Slay Gnaws
760	Ask him who he is
761	Debrief Private Pollard
762	Use The Pewter Pounder
763	Destroy The Pewter Prophet
764	Use your Orb of Suggestion on a Famished Great Shark
765	Take control of a Famished Great Shark
766	Use the Eat Naga ability on your hotbar repeatedly near Zin'jatar Guardians
767	They are nagas all around this area.
768	Eat 10 Zin'jatar Guardians Alive
769	Use the Return to Safety ability on your hotbar
770	Go back to the Deepmist Grotto
771	Swim around on all 3 layers of the naga Holding Pens
772	Slay 12 Zin'jatar Naga
773	Use your Breathstone on Imprisoned Soldiers
774	They looks like dead humans in big balls of light all around on the naga Holding Pens.
775	Release 10 Imprisoned Soldiers
776	Destroy 6 Naga Weapons
777	Click the Quest Complete box that pops up
778	Tell him you are ready to join him in the vision
779	Share in Farseer Gadra's Spirit Vision
780	Fend Off the Naga Attack
781	You have to kill 50 nagas.
782	Follow the path outside the cave
783	Use Toshe's Hunting Spears near Fleeing Zin'jatar Fathom-Stalkers
784	Bring them to [50.8,45.9]
785	You have to drag them one at a time.
786	Dispose of 3 Dead Zin'jatar Raiders
787	Use Sambino's Air Balloon next to the bubbling objects
788	They look like green bubbling watermelon looking plants with a holes in the tops of them, and big blue bubbling snail shells.  You'll have to do this 10 times.
789	Fill Sambino's Air Balloon
790	Use one of Sambino's Modified Totems while standing on an orange spot on the ground:
791	You will only get one of the four totems to use, it's random.
792	Use Sambino's Modified Stoneclaw Totem
793	Use Sambino's Modified Earthbind Totem
794	Use Sambino's Modified Stoneskin Totem
795	Use Sambino's Modified Strength of Earth Totem
796	Defend Sambino's Modified Totem
797	Take a Drill Sample
798	Enter Silver Tide Hollow
799	Use your Globes of Tumultuous Water near Swarming Serpents
800	Trap 30 Swarming Serpents
801	Click the Luminescent Pearl in your bags
802	Tell him you need to go to Nespirah.
803	Run up the spiral ramp and follow Earthmender Duarn around after he spawns:
804	Find a way to communicate with Nespirah
805	Tell him whenever he's ready
806	Observe as Earthmender Duarn attempts to communicate with Nespirah
807	Use Duarn's Rope near Enslaved Alliance and Horde Pearl Miners
808	They are in the trenches with the huge pearls.
809	Rescue 8 Pearl Miners
810	Use Duarn's Net on the Deepseeker Crab
811	The Deepseeker Crab is the pet of the Idra'kess Harpooner.
812	Tell him let's speak with Nespirah
813	Speak with Earthmender Duarn
814	Attack 7 Nespirah Abscesses
815	Kill the Idra'kess Mistresses when instructed to.
816	Follow the path down
817	Listen as Duarn speaks to Nespirah
818	Follow Erunak Stonespeaker when he runs away
819	Escape on Erunak's Seahorse
820	Use the Anenmone Chemical Extraction Device on the Anemones
821	They look like huge brown spiked flower shaped plants that leak red mist on the walls around this area.
822	Gather 8 Anemone Chemicals
823	Use Anemone Chemical Application Device on Clam Divers
824	Odorify 8 Clam Divers
825	Swim down under the big stone slab and into the small cove
826	Go to this spot in the ruins
827	Scout the Structures South of Quel'Dormir Gardens
828	Read the Ranger Valarian Statue
829	Read the High Priestess Siralen Statue
830	Scout the Tunnel West of Quel'Dormir Gardens
831	Read the Queen Azshara Statue
832	Read the Lestharia Vashj Statue
833	Scout the Northern Quel'Dormir Gardens
834	Destroy 8 Azsh'ir Monitor
835	You will need to kill the Azsh'ir Mobs until you get this to drop.
836	Click the Ancient Elven Etching in your bags
837	Use your Blade of the Naz'jar Battlemaiden next to the Vision of the Battlemaiden
838	It's a bright flashing light on the ground in the ruins.
839	Become a Naz'jar Battlemaiden
840	Use the abilities on your hotbar
841	Slay 10 Kvaldir Defenders
842	Go to the top level of the ruins
843	Slay 16 Kvladir Invaders on the Terrace
844	Activate 6 Nar'shola Wards
845	You will ride to the Ruins of Vashj'ir
846	Use your Box of Crossbow Bolts on Alliance Lookouts
847	They look like Alliance mobs either standing or on sea horses around this area with crossbows.
848	Restock 8 Alliance Lookouts
849	Slay 10 Southern Naga Forces
850	Tell him you're ready to begin the assault on the terrace
851	Use the Improvised Explosives ability on your hotbar on the nagas on the ground as you ride the seahorse
852	Go to this spot at the entrance of the tunnel
853	Scout the Tunnel to the North
854	Scout the Northwestern Terrace
855	Tell them they should get moving.
856	Rescue 6 Injured Assault Volunteers
857	It's a bright flashing light on the ground on the stone terrace.
858	Tell him you are to hunt the Crucible of Nazsharin
859	Speak to Fathom-Lord Zin'jatar
860	Speak to Overseer Idra'kess
861	Tell her you are to hunt the Crucible of Nazsharin
862	Speak to Lady Sira'kess
863	Aggro a Kvaldir High-Shaman, but don't kill him
864	Lure the Kvaldir High-Shaman back to Executioner Verathress at [57.2,85.2]
865	Bring Kvaldir High-Shaman to the executioner
866	Use the abilities on your hotbar to do the following:
867	Witness the Continuing Story of the Battlemaiden
868	You will ride to Tranquil Wash
869	Swim up to the rescue balloon on the surface
870	Use the Rescue Flare in your bags
871	Fire a rescue flare towards the Alliance ships
872	Go to the very top of the Naga terrace and into the dome temple
873	Infiltrate the Quel'Dormir Temple
874	Swim up to the second floor of the temple
875	It looks like a bright flashing light inside the temple.
876	Tell him the mistress awaits
877	Gather Fathom-Caller Azrajar
878	Tell them they are needed for the ritual
879	Gather 6 Sira'kess Tide Priestesses
880	Kill all the Kvaldir mobs attacking Naz'jar Honor Guards around this area
881	Relieve 8 Naz'jar Honor Guards
882	Hold the eastern end of Quel'Dormir Terrace
883	He spawns when the naga allies arrive
884	Push the Kvaldir back across the bridge
885	Witness the Concluding Story of the Battlemaiden
886	Use your Boom Boots to get to the water surface quickly
887	It's hanging off the side of the boat.
888	Jump up onto the boat
889	Board the Pincher once it arrives
890	It's a boat, so you may have a to wait a few minutes for it.
891	Ride the boat
892	Secure Darkbreak Cove
893	Swim up above the cave
894	Use your Oil Extrusion Pump on their corpses
895	Swim down into the cave
896	Click "Let's get started!"
897	Choose the Hammerhead Oil Sample 3 Times
898	Choose the Remora Oil Sample 2 Times
899	Mix the samples together!
900	Tell him you made a Promising Fuel Sample
901	Create the perfect bio-fuel
902	Click the Enormous Eel Egg in your bags
903	Get near Coldlight Nibblers
904	Having friendly nameplates active is very useful in finding them. Shift+V will bring them up
905	Use your Eel-Splosive Device in the path of a Devious Great-Eel
906	They look like big blue eels that swim around this area.  Place the device in their path, so they swim into it.
907	Avenge Oskar Digsong
908	Use your Alliance Standard on Fathom-Caller Azrajar's corpse
909	Plant a banner in Fathom-Caller Azrajar's corpse
910	Click the Merciless Ones after the Gilbin is dead
911	Wear the Mindless One
912	Swim down to the ground
913	Use Erunak's Confinement Totem
914	Kill them next to Erunak's Confinement Totem you put down.
915	Confine 5 Corrupting Faceless Energies
916	Use Valoren's Shrinkage Totem next to a Tentacle Horror
917	Kill all the Shrunken Tentacle Horrors attacking Wil'hai
918	Free Wil'hai
919	Enter L'ghorek
920	Talk to L'ghorek
921	Click the Twilight Cage Key in your bags
922	Destroy 5 Ancient Conduits
923	Click the Cages
924	They looks like metal cages around this area.
925	Rescue 5 Alliance Prisoners
926	Use your Attuned Runestone of Binding on a Bound Torrent
927	You can run through the groups of mobs, they won't attack you, even though they are red.
928	Possess a Bound Torrent
929	Use the abilities on your hotbar on Twilight Devotees and Faceless Overseers
930	Keep controlling the elemental. Subdue it again if needed.
931	Use the abilities on your hotbar on Hallazeal the Ascended
932	Tell him you are prepared
933	Ride the boat until it stops
934	When the boat stops make sure you follow Erunak
935	Fight in the Battle for Abyssal Breach
936	Watch the cutscene
937	Escort the Caravan
938	It is a plant sitting nexxt to one of the pillars.
939	Uncover the Neferset Secret
940	Use your Brazier Torch next to Bales of Hay
941	They look like bundles of yellow straw sitting on the ground around this area.
942	Burn 5 Bales of Hay
943	Tell him you might be able to help
944	Speak with Sun Priest Asaris
945	Use your Antidote Vial on Venomblood Scorpid corpses
946	Drain 8 Venomblood Scorpids
947	You can find more Venomblood Scorpid and Wastewander Outriders around [49.9,24.0]
948	And at [48,16.1]
949	Tell him the king wishes to be informed about recent Neferset activity
950	Speak with Asaq
951	Tell him King Phaoris sent you to ask him about Neferset activity
952	Speak with Nomarch Teneth
953	Use your Tahret Dynasty Mallet next to stacks of Pygmies
954	They are sitting on each other's shoulders trying to steal fruit out of trees around this area.
955	Smash 30 Thieving Pluckers
956	Investigate Khartut's Tomb
957	Assist Harrison at Khartut's Tomb
958	You will accept a quest
959	Use your Elaborate Disc
960	Eradicate 12 Mangy Hyenas
961	You can find more mobs to kill at [Uldum,62.8,32]
962	He is all the way down, on the floor.
963	Tell him you're ready!
964	Follow Harrison Jones
965	When he jumps down, use your flying mount to go down into the Chamber of Stars.
966	Accompany Harrison Jones to the Chamber of the Stars
967	Examine the Northern Hieroglyphs
968	Examine the Ancient Mechanism
969	Take the scout's spectacles.
970	Examine the Southern Hieroglyphs
971	After clicking the Suspended Starlight, one or two nearby Indentured Protectors will attack you.
972	Walk up to the skeletons laying on the ground around this area; they'll get up and attack you.
973	Ask him what you can do to help
974	Stay Out of Harrison's Way
975	Use your Orbs of the Stars
976	Reactivate the Obelisk of the Stars
977	It is inside this building.
978	Rescue 8 Orsis Survivors
979	You can rescue the survivors while on your mount.
980	More can be found around [Uldum,42.7,33.9]
981	Click the Efficient Excavations in your bags
982	Slay 10 Schnottz Air Troopers
983	More can be found at [Uldum,45.6,55.1]
984	And at [Uldum,43.7,55.7]
985	Use your Titan Device Components
986	Use your Titan Activation Device next to the huge statue
987	While fighting the Titanic Guardian, click the big lava meteors that appear on the ground to do massive to the Titanic Guardian, making him much easier to kill.
988	Fly up onto the middle platform inside this cave
989	Click the Titan Mechanism
990	Use the abilities on your hotbar to shoot down the airplanes that chase you
991	Escape the Obelisk of the Sun
992	Enter the dam
993	Leave the dam
994	Destroy 6 Slitherer Eggs
995	Enter the underwater cave
996	Stop the Neferset Ritual
997	Leave the underwater cave
998	He walks around the area here.
999	Recruit 8 Ramkahen Laborers
1000	This can be done while mounted.
1001	They are all along and in this big river.
1002	Use your Horn of Ramkahen
1003	When the cat men run in to attack the smugglers, go to [60.5,58.7]
1004	Help Salhet defeat 8 Bloodsnarl Hyenas
1005	You can find more Bloodsnarl Hyenas around [52.6,56.2]
1006	Tell him let's see what he and his lions can do
1007	Use the abilities on your hotbar to use the lions to kill the hyenas
1008	Fight the enemies that attack
1009	Discover Tahet's Whereabouts
1010	Kill the Pit Master's crocolisk pets.
1011	Make him chase you.  Run in front of him so that he runs over the big pink Croc Eggs on the ground around this area.  Baby Crocs will damage him and slow his run speed down.  Eventually, he will die.
1012	Free Tahet
1013	You can find more Atulhet Fragments and Neferset mobs around [75.2,45.7]
1014	Can also find more mobs at [Uldum,74,51.5]
1015	Use the abilities on your hotbar to command the troops
1016	Complete the Defense of Nahom
1017	Click the red arrow on your hotbar
1018	Use the A.I.D.A. Communicator
1019	Use your Mech Control Scrambler on Twizzleflux the Insane repeatedly
1020	Use your Holographic Projector next to the First Bomb Cluster to distract the enemies
1021	Disarm the First Bomb Cluster
1022	Use your Holographic Projector next to the Second Bomb Cluster to distract the enemies
1023	Disarm the Second Bomb Cluster
1024	Use your Holographic Projector next to the Third Bomb Cluster to distract the enemies
1025	Disarm the Third Bomb Cluster
1026	Use your Holographic Projector next to Unstable Bomb Bots to distract the enemies
1027	Deactivate 4 Unstable Bomb Bots
1028	They are on top of this blimp thing.
1029	Hack the Wibson Mainframe
1030	Roll down the hill as the Fusion Core
1031	Run over gnomes all around this area
1032	Obliterate 1000 Crazed Gnomes
1033	Roll back up the hill
1034	Click the yellow arrow on your hotbar
1035	Protect the rangers as they run up the path
1036	Secure Higher Ground
1037	Ask him what he thinks of our host
1038	Mingle with Ambassador Laurent
1039	Ask him what he knows of our generous host
1040	Mingle with a Refined Gentleman
1041	Ask him how to find the Commander
1042	Mingle with a Budding Artist
1043	Ask her how she has been enjoying her time here
1044	Mingle with an Aspiring Starlet
1045	They are flying above you.
1046	Slay 8 Diseased Vultures
1047	You can find more mobs to kill at [Uldum,43.7,70.3]
1048	It runs around a lot, so you will probably have to search for it to find it.
1049	Use your Licensed Proton Accelerator Cannon on Furious Specters once they are at half health
1050	You can collect the Dead Tropoer Uniforms while mounted.
1051	Tell him the perimeter is secure
1052	Witness Gobbles' Transformation Ritual
1053	Use your Refurbished Trooper Uniform
1054	Wear the Uniform
1055	Tell them they're behind schedule
1056	Motivate 6 Slacking Laborers
1057	You won't motivate all of the Slacking Laborers you talk to.
1058	You can find more Slacking Laborers around [20.5,60.5]
1059	Ask him if he saw anything
1060	Counsel the Budding Artist
1061	Ask him who could have done such a thing
1062	Question the Prolific Writer
1063	Ask her if she is all right
1064	Soothe the Privileged Socialite
1065	Ask him if he wants to know what happened to the man
1066	Chasten the Pretentious Businessman
1067	Ride in Schnottz's Siege Tank
1068	Use the Fire Cannon ability on your hotbar on Decrepit Watchers
1069	Obliterate 7 Decrepit Watchers
1070	Return to Schnottz
1071	Tell him let's move
1072	Follow Commander Schnottz
1073	Accompany Schnottz to Safety
1074	Visit Schnottz's Guests
1075	He is on the top of the ship, in the back by the helm.
1076	Kill them on all 3 of the pirate ships around this area.
1077	Tell him you suppose you're ready...
1078	Go 'Out Back' With Schnottz
1079	Accompany Sullah
1080	Use Sullah's Camel Harness on Wild Camels when they are weakened
1081	You will see a message flash on your screen telling you to capture the camel.
1082	Capture 3 Wild Camels
1083	Use Sullah's Pygmy Pen on Cavorting Pygmies when they are weakened
1084	You will see a message flash on your screen telling you to cage the pygmy.
1085	More can be found at [Uldum,27.8,47]
1086	Capture 5 Sand Pygmies
1087	Kill 15 Schnottz Employees at the Obelisk of the Moon
1088	Use your Shroud of the Makers every 2 minutes to stay Cloaked
1089	If you have a pet with you dismiss it, it does not stealth with you and will attract mobs
1090	Sabotage 7 Powder Kegs
1091	Enter the building
1092	Fly down this hole
1093	Slay 10 Schnottz Elite Troopers
1094	Tell him you are ready when he is
1095	Upload the Titan Data
1096	Defeat the Titanic Guardian
1097	Use the Designate Target ability on your hotbar on the Schnottz Infantrymen
1098	Slay 100 Schnottz Infantrymen
1099	Follow Harrison Jones and fight the Obsidian Colossus
1100	Avoid the pink shadow runes on the ground when the Obsidian Colossus casts them.  You will see messages pop up on your screen letting you know what to do.
1101	Defeat the Obsidian Colossus
1102	Discover the Coffer of Promise
1103	Place the North Signal Flare
1104	Place the West Signal Flaare
1105	Place the South Signal Flare
1106	Tell him to come with you
1107	Become Introduced to Anduin
1108	Interrogate 6 Dock Workers
1109	If Anduin Wrynn is not next to you, you can find in Stormwind Keep at [85.7,31.6]
1110	Talk to him and tell him to come with you, if you have to go get him again.
1111	Escort Anduin to Supply Sergeant Graves
1112	Escort Prince Anduin to Farmer Wollerton
1113	Discover the Crime Scene
1114	Protect Prince Anduin
1115	Go inside this building, up the stairs, and then up the spiral staircase
1116	Allow Anduin to Examine Samuelson's Papers
1117	He is downstairs in this house.
1118	Enter the Cathedral
1119	Follow the spiral ramp down
1120	Follow the stairs down
1121	Tell him it's over
1122	Unmask Major Samuelson
1123	Ride to Twilight Highlands
1124	You may have to wait for a few minutes, so just stand here and wait
1125	Wait to be launched from Flintlocke's Cannon
1126	Go downstairs in the zeppelin
1127	Use Flintlocke's Explosives while downstairs
1128	Destroy the Skyshredder
1129	Go upstairs in the fort
1130	Slay Ophelia and Protect Ephram
1131	Slay 10 Blackscale Naga
1132	Scout the Beach Head Control Point
1133	Be careful and pay attention not to stand too close to the red arrows bouncing above the ground.  Cannon balls land at the arrows a few seconds after the arrows appear, and they will hurt you a lot if they hit you.
1134	You can find more Shredders to kill at [Twilight Highlands,69,65.5]
1135	Tell him you'll cover him while he makes repairs
1136	Speak to a Siege Tank Commander
1137	Defend the Siege Tank
1138	Tell him you're ready
1139	Fly with Thordun Hammerblow to Highbank
1140	Use your Wildhammer Water Bucket next to fires to extinguish them
1141	If you lose the bucket, run near the Firebeard Militia dwarves and they'll toss you a new one.
1142	This is a small plant, found on the ground or in houses around this area.
1143	This is a small white doll sitting on the ground inside this ruined burning house.
1144	Looks like a small white hammer sitting on a forge inside this burning building.
1145	Use your Wildhammer Water Bucket next to fires
1146	Extinguish 50 Village Fires
1147	Tell him he's not backing out
1148	Defeat a Mullan Gryphon Rider
1149	Let the gryphons smell the piece of Charred Highland Birch
1150	If you come across a gyphon chained to the ground simply kill the Twilight Trapper and the Twilight Trapper Bindings. Other gryphons may need healing, if you cannot heal them move on.
1151	Find and return 8 Mullan Gryphons
1152	Go upstairs in this building
1153	Help the orcs up
1154	You can kill the agrressive Stragglers or help the injured ones, either will complete this step.
1155	Defeat 6 Dragonmaw Stragglers
1156	Ride the Firebeard Gryphon Mount
1157	While flying on the Firebeard Gryphon Mount:
1158	Use the abilities on your action bar to kill Twilight Stormbenders on the floating rocks
1159	Use your Storm Shield ability when someone casts a lightning attack on you.
1160	Use the abilities on your action bar to weaken Servias Windterror
1161	Eventually, you will get off the gryphon and fight him regularly
1162	When he casts his lightning spell on the ground, move away from that spot to avoid damage when it explodes.
1163	Cayden Dunwald can also be at [45.8,71.7]
1164	Tell him yeah...
1165	Escort Cayden Dunwald
1166	Accompany Cayden through Dunwald Market Row
1167	Enter the building here
1168	Follow the path to the left and go downstairs.
1169	He patrols around these two houses, you may have to search for him.
1170	As you walk around doing quests:
1171	Go into the basement of this building
1172	Search the cellar in southern Dunwald Hovel
1173	Search the cellar in northwestern Dunwald Hovel
1174	Search the buildings in eastern Dunwald Hovel
1175	He patrols around these two houses.
1176	Welcome #20# Twilight Guests to Dunwald
1177	Find #12# Dunwald Victims
1178	The best way to find victims and ale casks are inside houses.
1179	You can find more of all these things:
1180	Around [47.0,66.1]
1181	Around [46.4,72.6]
1182	Around [50.7,69.8]
1183	Tell him you're in
1184	Around this area and inside houses:
1185	You can find more around [49.1,37.3]
1186	Peered into the Eye
1187	Use your Shoulder-Mounted Drake-Dropper on Dragonmaw Black Drakes
1188	They are flying in the sky around this area.
1189	Tell him you're ready to fight him!
1190	Go to this spot inside the cave
1191	Rescue Fanny Thundermar
1192	Slay 10 Glopgut Ogres
1193	Tell him you're ready, let's write a song
1194	Create a song
1195	You can find more all around [57.4,10.7]
1196	You can find more owls at [Twilight Highlands,62.4,23]
1197	Tell him you're here to escort a delivery to Kirthaven
1198	Follow the dwarves
1199	Escort the Supply Caravan
1200	Find a zeppelin flying north or south along this coast between Dragonmaw Port and The Krazzworks
1201	Fly to the zeppelin and land on it
1202	The zepplins have a few Horde mobs on it, which will turn you PvP if you get hit by or attack them.
1203	Go downstairs on the zeppelin
1204	Tell him to let the wedding commence!
1205	Complete the Nuptials
1206	You could skip this breadcrumb quest.
1207	Join the assault on Iso'rath
1208	Let the oozes kill you.
1209	Survive Iso'rath's defenses
1210	Deathwing will attack you and Thrall
1211	Aid Thrall in battling Deathwing
1212	Stand in the yellow bubbles on the ground around this area to heal
1213	Watch the Digestive Acids bar near the bottom of your screen.  Don't let it get full.  Go into the yellow bubbles to lower it.
1214	If you are ranged, attack the tentacles from inside the bubble
1215	Save Stormcaller Jalara
1216	Save Earthmender Duarn
1217	Save Hargoth Dimblaze
1218	Save Stormcaller Mylra
1219	Kill Iso'rath
1220	You will get captured by a red dragon
1221	Meet with Lirastrasza
1222	Protect the Vermillion Menders while they heal Celastrasza to full health
1223	You can speed this up by healing Celastrasza yourself
1224	Defend 5 Vermillion Menders
1225	Use your Ruby Seeds on Twilight Wyrmkiller and Vermillion Mender corpses
1226	Reclaim 6 Dragonkin corpses
1227	Use your Flashgrowth Mote next to the Twilight Portal
1228	It looks like a blue and pink swirled portal in a metal case.
1229	Destroy the Twilight Portal
1230	Open the Dragonmaw Gate
1231	If you lost your squad, return to Master Mathias at [Twilight Highlands,26.0,38.8] to retrieve them
1232	Kill 30 Wyrm's Bend Cultists
1233	Secure the Entrance to Grim Batol
1234	Use the abilities on your hotbar on Twilight Shadowdrakes
1235	Use Alexstrasza's Tear in the small cave beneath this huge tree
1236	Plant Alexstrasza's Tear
1237	Use your Wyrmhunter Hooks on Obsidian Pyrewings
1238	You will get a message on your screen when the Obsidian Pyrewing is almost dead.  When you see that message, use your Wyrmhunter Hooks on another Obsidian Pyrewing to jump to it.  If you fall, it can hurt you a lot.
1239	Use your Mother's Flame next to the big blue spikes eggs
1240	Hatch the Obsidian Whelps
1241	Infiltrate the Obsidian Lair
1242	Defeat Obsidia
1243	Tell him you're here to lead the Wildhammer squad and drop off the SI:7 agents
1244	Get your Wildhammer Squad
1245	Go to this spot and land on the flashing blue X on the ground
1246	Drop off the SI:7
1247	Use your Artillery Flare
1248	Target the Northern Building
1249	Target the Northeastern Building
1250	Target the Southwestern Building
1251	Target the Southern Building
1252	Detonate the Hidden Explosives
1253	Use your Attack Signal at the top of this tower
1254	Signal the Attack
1255	Speak to the Squad commander
1256	Follow the SI:7 Squad Commander and the SI:7 Agents up the path
1257	Escort the SI:7
1258	He is stealthed at the bottom of this tower
1259	It is high in the sky.
1260	It is on the ground
1261	Free 10 Enslaved Elementals
1262	Use your Water of Life next to the Corpse of Forgemaster Finlay
1263	He's chained to an anchor, drowned underwater.
1264	Extract Artifact Information
1265	Mathias Shaw will come and kill him for you after you've fought him for a little bit.
1266	She's in a small room at the top of this big building.  Mathias Shaw will come and kill her for you after you've fought her for a little bit.
1267	Mathias Shaw will come and kill her for you after you've fought her for a little bit.
1268	Use The Elementium Axe
1269	Free Lirastrasza
1270	They are all over this area so you may need to search.
1271	They are laying on the ground with 1 health
1272	Deliver 5 Coup de Graces
1273	Tell him you're ready for that wild ride
1274	Ride the Mine Cart to the End of the Line
1275	Destroy the Rune of Water
1276	Destroy the Rune of Air
1277	Destroy the Rune of Fire
1278	Use your Fire Portal Controller
1279	Use the Fire Portal Controller at the Fire Portal
1280	Survive Skullcrusher's Backhand
1281	Follow the instructions that pop up on your screen.
1282	Open your Sack o' Tokens in your bags
1283	<Ready to whack!>
1284	Use the Whack! on your bar and whack the Gnolls in the Barrels
1285	The Gnolls will pop up in the Barrels, but be careful not to hit the Doll or you will get stunned.
1286	Whack 30 Gnolls
1287	<Teleport me to the cannon.>
1288	<Launch me!>
1289	Wait for the Cannon to Launch you
1290	You will be launched throught the air.
1291	Use the ability on your action bar to drop dpwn into the target. You will gain more points for getting closer to the middle.
1292	Earn 5 Target Points
1293	Click here to try again
1294	<Let's shoot!>
1295	Shoot at the 3 targets.
1296	When you see a green marker appear over a target, make sure that you are aimed at it and shoot
1297	To aim, simply move the camera to face your current target.
1298	Shoot 25 Targets
1299	<Ready to Play.>
1300	Use your Cannon ability to shoot Tonk Targets.
1301	Destroy 30 Tonk Targets
1302	<Ready to play!>
1303	Use your Ring Toss ability to throw rings on the turtle.
1304	When aiming, move the marker over the middle of the turtle.
1305	Land 3 Rings on Dubenko
1306	Equip your Fishing Pole
1307	Use your Fishing ability to catch Sea Herrings
1308	Catch 5 Great Sea Herring
1309	Use your Darkmoon Bandage on Injured Carnies
1310	Heal 4 Injured Carnies
1311	All around the Island
1312	Disenchant the Discarded Weapons
1313	Collect 6 Soothsayer's Dust
1314	Collect 6 pieces of Tonk Scrap
1315	Click the Bits of Glass in your bags
1316	Make 5 Sparkling Gemstones
1317	Use your Battered Wrench to repair Damaged Tonk's
1318	Repair 5 Damaged Tonk's
1319	Gather 6 Darkblossom
1320	Scrape 4 Staked Skins
1321	Teleport to Elwynn Forest
1322	Open your world map, find dig sites in Kalimdor and go to them
1323	They look like small shovel icons on your world map that spawn in random places.  Once you get to the zone where the dig site is located, you will see the dig site on your map as a red highlighted area.
1324	You can find Fossil Fragments in these locations:
1325	Desolace
1326	Dustwallow Marsh
1327	Stonetalon Mountains
1328	Southern Barrens
1329	Tanaris
1330	Un'Goro Crater
1331	Use your Survey ability inside the dig site area and follow the Telesope until you find a fragment
1332	Telport to Darkmoon Island
1333	Follow the Path to the Darkmoon Faire
1334	Use the Cocktail Shaker in your bags to make Moonberry Fizz
1335	Create 5 Sevings of Moonberry Fizz
1336	Use the Darkmoon Banner Kit in your bags to plant a banner here.
1337	Plant a Darkmoon Banner
1338	Click the Plump Frogs in your bags
1339	Throw the Breaded Frogs in the cauldron
1340	Fry 5 Crunchy Frogs
1341	Use the Iron Stock in your bags to make Horseshoes
1342	Use the Bundle of Exotic Herbs in your bags to create Prophetic Ink
1343	Use Prophetic Ink to create Fortunes
1344	Each one requires 1 Light Parchment to create.
1345	Use the Darkmoon Craftsman's Kit in your bags to create Darkmoon Prizes
1346	Use the Horshoes in your bag on Baby
1347	Put New Horshoes On Baby
1348	<Darkmoon Adventurer's Guide?>
1349	These next 3 items have to be obtained from Battlegrounds
1350	When you kill an opponent, loot their body for a chance to get each item.
1351	These next 5 items have to be obtained from Dungeons listed below
1352	You can get this in Heroic Scholomance from Darkmaster Gandling
1353	You can get this in Stormstout Brewery from Hoptallus
1354	You can get this in Heroic Scarlet Monastery from Brother Korloff
1355	You can get this in Heroic Scarlet Monastery from High Inquisitor Whitemane
1356	The next item can only be obtained from any 10 man Cataclysm Raid Boss
1357	Kill any Creature Player or NPC that gives experience or honor to gain Grisly Trophies
1358	You need to leave Darkmoon Island to find anything to kill.
1359	Collect 250 Grisly Trophy's
1360	To earn Achievements for the Darkmoon Faire, you will need to complete Dailies, Quests and other tasks.
1361	Click here to do the Dailies Achievements
1362	Click here to do the Profession Quests Achievements
1363	Click here for the Non-Questing Achievements
1364	You have earned the Achievement Bullseye!
1365	You still need to earn the Achievement Bullseye!
1366	You have earned the Achievement Quick Shot!
1367	You still need to earn the Achievement Quick Shot!
1368	You have earned the Achievement Step Right Up!
1369	You still need to earn the Achievement Step Right Up!
1370	You have earned the Achievement Faire Favors
1371	You still need to earn the Achievement Faire Favors
1372	You have earned the Achievement Darkmoon Dungeoneer
1373	You still need to earn the Achievement Darkmoon Dungeoneer
1374	You have earned the Achievement Darkmoon Defender
1375	You still need to earn the Achievement Darkmoon Defender
1376	You have earned the Achievement Darkmoon Despoiler
1377	You still need to earn the Achievement Darkmoon Despoiler
1378	You have earned the Achievement Darkmoon Duelist!
1379	You still need to earn the Achievement Darkmoon Duelist!
1380	You have earned the Achievement Fairegoer's Feast!
1381	You still need to earn the Achievement Fairegoer's Feast!
1382	You have earned the Achievement Taking the Show on the Road!
1383	You still need to earn the Taking the Show on the Road!
1384	You have earned the Achievement I Was Promised a Pony!
1385	You still need to earn the I Was Promised a Pony!
1386	Drink Cheap Beer
1387	Drink Darkmoon Special Reserve
1388	Drink Fizzy Faire Drink
1389	Drink Bottled Winterspring Water
1390	Drink Iced Berry Slush
1391	Drink Fizzy Faire Drink "Classic"
1392	Drink Fresh-Squeezed Limeade
1393	Drink Sasparilla Sinker
1394	Eat Darkmoon Dog
1395	Eat Spiced Beef Jerky
1396	Eat Pickled Kodo Foot
1397	Eat Red Hot Wings
1398	Eat Crunchy Frog
1399	Eat Deep Fried Candybar
1400	Eat Funnel Cake
1401	Eat Forest Strider Drumstick
1402	Eat Corn-Breaded Sausage
1403	Eat Salty Sea Dog
1404	Earn the Achievement Fairegoer's Feast
1405	Earn the Achievement I Was Promised a Pony
1406	Go to Stormwind
1407	Use your Darkmoon Firework
1408	Goto Ironforge
1409	Goto Darnassus
1410	Goto The Exodar
1411	Goto Dalaran
1412	Click Darkmoon Deathmatch Gate and enter the Deathmatch Arena
1413	Once inside, you will need to fight anyone inside, if you win, you will earn an achievement.
1414	Earn the Achievement Darkmoon Duelist!
1415	Deafeat 12 combatants in the Deathmatch Arena
1416	Earn the Achievement Darkmoon Dominator
1417	Click the Water Barrel
1418	It looks like a huge bucket of water.
1419	Use your Water Bucket on the burning scarecrows
1420	Fight 5 Fires
1421	Collect more Water Buckets from the Water Barrel at [42.7,62.0]
1422	You will only be able to accept 1 of the 2 daily quests
1423	Click the Large Jack-o'-Lantern
1424	It's a burning pumpkin laying in the road.
1425	You will only be able to turn in 1 of the 2 daily quests
1426	Use your Water Bucket on the fires all around this area
1427	Put Out the Fires
1428	You will need a group of people to complete this quest.  It is best to do this quest at peak hours.
1429	Collect more Water Buckets from the Water Barrel at [42.5,64.5]
1430	Wait until the fires appear on the buildings in Goldshire
1431	While targeting Innkeeper Allison:
1432	Flex for Innkeeper Allison
1433	While targeting Innkeeper Firebrew:
1434	Cluck like a Chicken for Innkeeper Firebrew
1435	While targeting Talvash del Kissel:
1436	Make Train sounds for Talvash del Kissel
1437	Search the courier's cabin.
1438	Track the thief's trail.
1439	Ask if anyone suspicious tried to list a crate of goods recently
1440	Investigate the Shady Lady.
1441	There will be a bit of dialog before completing the objective.
1442	You will have to wait until he finishes talking and the white question mark turns yellow to turn this in.
1443	If she doesn't have any for sale, you will have to use the Auction House or disenchant low level gear.
1444	Enter the Cathedral of Light
1445	Go down into the Cathedral of Light catacombs
1446	Meeting Disrupted
1447	While targeting Innkeeper Saelienne:
1448	Dance for Innkeeper Saelienne
1449	Click the Bonfire
1450	Use the Bonfire
1451	Use Arcane Cleanser on Stink Bombs
1452	They look like orange mists all around Stormwind.
1453	Remove 10 Stink Bombs
1454	You can find more at [63.2,72.0]
1455	You can find more at [73.0,59.0]
1456	You can find more at [79.1,40.1]
1457	You can find more at [65.0,38.5]
1458	You can find more at [54.6,54.2]
1459	You can find more at [49.5,83.0]
1460	Tell her you are ready to fly
1461	Use the Toss Stink Bomb ability on your action bar all around Undercity
1462	Drop 25 Stink Bombs
1463	Click the Return Home button on your action bar
1464	You will only be able to turnin 1 of the 2 daily quests
1465	Use the Dousing Agent in your Bags on the Burning Wickerman
1466	Douse the Horde's Wickerman
1467	Note that you will be flagged for PvP Combat while attempting to do this step.
1468	Complete the Candy Bucket quest
1469	If you cannot complete this quest because of a "Duplicate item found" message, open the Handful of Treats item in your bags and take out the contents.
1470	Visit the Candy Bucket in Stormwind, The Trade District
1471	Visit the Candy Bucket in Elwynn Forest, Goldshire
1472	Visit the Candy Bucket in Redridge Mountains, Lakeshire
1473	Visit the Candy Bucket in Searing Gorge, Iron Summit
1474	Visit the Candy Bucket in Loch Modan, Thelsamar
1475	Visit the Candy Bucket in Loch Modan, Farstrider Lodge
1476	Visit the Candy Bucket in Ironforge, The Commons
1477	Visit the Candy Bucket in Dun Morogh, Kharanos
1478	Visit the Candy Bucket in Wetlands, Menethil Harbor
1479	Visit the Candy Bucket in Wetlands, Swiftgear Station
1480	Visit the Candy Bucket in Wetlands, Greenwarden's Grove
1481	Visit the Candy Bucket in Arathi Highlands, Refuge Pointe
1482	Go upstairs in the inn
1483	Visit the Candy Bucket in Hinterlands, Aerie Peak
1484	Visit the Candy Bucket in Hinterlands, Stormfeather Outpost
1485	Visit the Candy Bucket in Eastern Plaguelands, Light's Hope Chapel
1486	Visit the Candy Bucket in Western Plaguelands, Chillwind Camp
1487	Visit the Candy Bucket in Badlands, Fuselight
1488	Visit the Candy Bucket in Badlands, Dragon's Mouth
1489	Visit the Candy Bucket in Swamp of Sorrows, Bogpaddle
1490	Visit the Candy Bucket in Swamp of Sorrows, The Harborage
1491	Visit the Candy Bucket in Westfall, Sentinel Hill
1492	If you do not find the Candy Bucket here then it will be located at [56.8,47.3]
1493	Visit the Candy Bucket in Duskwood, Darkshire
1494	Visit the Candy Bucket in Blasted Lands, Nethergarde Keep
1495	Visit the Candy Bucket in Blasted Lands, Surwich
1496	Visit the Candy Bucket in Northern Stranglethorn, Fort Livingston
1497	Visit the Candy Bucket in The Cape of Stranglethorn, Booty Bay
1498	Visit the Candy Bucket in Barrens, Ratchet
1499	Visit the Candy Bucket in Southern Barrens, Honor's Stand
1500	Visit the Candy Bucket in Southern Barrens, Northwatch Hold
1501	Visit the Candy Bucket in Southern Barrens, Fort Triumph
1502	Ask her to show you Theramore before it's destruction.
1503	Visit the Candy Bucket in Dustwallow Marsh, Theramore
1504	Visit the Candy Bucket in Dustwallow Marsh, Mudsprocket
1505	Visit the Candy Bucket in Tanaris, Gadgetzan
1506	Visit the Candy Bucket in Tanaris, Bootleggers Outpost
1507	Visit the Candy Bucket in Un'goro Crater, Marshal's Stand
1508	Visit the Candy Bucket in Silithus, Cenarion Hold
1509	Visit the Candy Bucket in Feralas, Feathermoon
1510	Visit the Candy Bucket in Feralas, Dreamer's Rest
1511	Visit the Candy Bucket in Desolace,Karnum's Glade
1512	Visit the Candy Bucket in Desolace, Nijel's Point
1513	Visit the Candy Bucket in Stonetalon Mountains, Northwatch Expedition Base
1514	Visit the Candy Bucket in Stonetalon Mountains, Windshear Hold
1515	Visit the Candy Bucket in Stonetalon Mountains, Farwatcher's Glen
1516	Visit the Candy Bucket in Stonetalon Mountains, Thal'darah Overlook
1517	Visit the Candy Bucket in Ashenvale, Astranaar
1518	Visit the Candy Bucket in Felwood, Whisperwind Grove
1519	Visit the Candy Bucket in Felwood, Talonbranch Glade
1520	Visit the Candy Bucket in Winterspring, Everlook
1521	Visit the Candy Bucket in Darkshore, Lor'danel
1522	Visit the Candy Bucket in Exodar, Seat of the Naaru
1523	Visit the Candy Bucket in Azuremyst Isle, Azure Watch
1524	Visit the Candy Bucket in Bloodmyst Isle, Blood Watch
1525	Visit the Candy Bucket in Darnassus, Craftsmen's Terrace
1526	Visit the Candy Bucket in Teldrassil, Dolanaar
1527	Visit the Candy Bucket in Hellfire Peninsula, Honor Hold
1528	Visit the Candy Bucket in Hellfire Peninsula, Temple of Telhamat
1529	Visit the Candy Bucket in Shattrath City, Scryer's Tier
1530	Visit the Candy Bucket in Shattrath City, Aldor Rise
1531	Visit the Candy Bucket in Terokkar Forest, Allerian Stronghold
1532	Visit the Candy Bucket in Shadowmoon Valley, Wildhammer Stronghold
1533	Visit the Candy Bucket in Shadowmoon Valley, Sanctum of the Stars
1534	Visit the Candy Bucket in Shadowmoon Valley, Altar of Sha'tar
1535	Visit the Candy Bucket in Nagrand, Telaar
1536	Visit the Candy Bucket in Zangarmarsh, Cenarion Refuge
1537	Visit the Candy Bucket in Zangarmarsh, Telredor
1538	Visit the Candy Bucket in Zangarmarsh, Orebor Harborage
1539	Visit the Candy Bucket in Blade's Edge Mountains, Sylvanaar
1540	Visit the Candy Bucket in Blade's Edge Mountains, Toshley's Station
1541	Visit the Candy Bucket in Blade's Edge Mountains, Evergrove
1542	Visit the Candy Bucket in Netherstorm, Area 52
1543	Visit the Candy Bucket in Netherstorm, The Stormspire
1544	Visit the Candy Bucket in Borean Tundra, Valiance Keep
1545	Visit the Candy Bucket in Borean Tundra, Unu'pe
1546	Visit the Candy Bucket in Borean Tundra, Fizzcrank Airstrip
1547	Visit the Candy Bucket in Sholazar Basin, Nesingwary Base Camp
1548	Visit the Candy Bucket in Dragonblight, Stars' Rest
1549	Visit the Candy Bucket in Dragonblight, Moa'ki Harbor
1550	Visit the Candy Bucket in Dragonblight, Wyrmrest Temple
1551	Visit the Candy Bucket in Dragonblight, Wintergarde Keep
1552	Visit the Candy Bucket in Grizzly Hills, Amberpine Lodge
1553	Visit the Candy Bucket in Howling Fjord, Fort Wildervar
1554	Visit the Candy Bucket in Howling Fjord, Valgarde
1555	Visit the Candy Bucket in Zul'Drak, The Argent Stand
1556	Visit the Candy Bucket in Zul'Drak, Zim'Torga
1557	Visit the Candy Bucket in Storm Peaks, K3
1558	Visit the Candy Bucket in Storm Peaks, Frosthold
1559	Visit the Candy Bucket in Storm Peaks, Bouldercrag's Refuge
1560	Visit the Candy Bucket in Dalaran, The Legerdemain Lounge
1561	Visit the Candy Bucket in Dalaran, Silver Enclave
1562	Visit the Candy Bucket in Dalaran, The Underbelly
1563	Visit the Candy Bucket in Mount Hyjal, Nordrassil
1564	Visit the Candy Bucket in Mount Hyjal, Shrine of Aviana
1565	Visit the Candy Bucket in Mount Hyjal, Grove of Aessina
1566	Visit the Candy Bucket in Deepholm, Temple of Earth
1567	Visit the Candy Bucket in Vashj'ir, Darkbreak Cove
1568	Visit the Candy Bucket in Vashj'ir, Tranquil Wash
1569	Visit the Candy Bucket in Vashj'ir, Silver Tide Hollow
1570	Visit the Candy Bucket in Vashj'ir, Deepmist Grotto
1571	Visit the Candy Bucket in Twilight Highlands, Highbank
1572	Visit the Candy Bucket in Twilight Highlands, Firebeard's Patrol
1573	Visit the Candy Bucket in Twilight Highlands, Victor's Point
1574	Visit the Candy Bucket in Twilight Highlands, Thundermar
1575	Visit the Candy Bucket in Uldum, Ramkahen
1576	Visit the Candy Bucket in Uldum, Oasis of Vir'sar
1577	You must be at least level 90 to complete this step:
1578	Use the Dungeon Finder to queue for The Headless Horseman
1579	Complete the Bring Me The Head of... Oh Wait achievement
1580	Keep using your Tricky Treats quickly until you puke
1581	You get these by completing Hallows End quests.
1582	Complete the Out With It achievement
1583	Use your Tooth Pick
1584	Show off your sparkling smile by using a Tooth Pick
1585	Use your Weighted Jack-o'-Lanterns on the following races:
1586	You receive Weighted Jack-o'-Lanterns by doing the Hallow's End daily quests.  Make sure the player doesn't already have a jack-o-lantern on their head or you won't get credit.  The best places to complete this would be Dalaran, Shattrath, Stormwind, and Orgrimmar.
1587	Gnome
1588	Goblin
1589	Blood Elf
1590	Draenei
1591	Dwarf
1592	Human
1593	Night Elf
1594	Orc
1595	Tauren
1596	Troll
1597	Undead
1598	Worgen
1599	Have other players use Hallowed Wands on you while in a party to transform into the following:
1600	Transform into a Bat
1601	Transform into a Ghost
1602	Transform into a Leper Gnome
1603	Transform into a Ninja
1604	Transform into a Pirate
1605	Transform into a Skeleton
1606	Transform into a Wisp
1607	Use the Sinister Squashling
1608	Obtain a Sinister Squashling pet
1609	Obtain a Hallowed Helm
1610	Use your G.N.E.R.D.S.
1611	You can buy these from the Hallows End vendor. Use them every 30 minutes while PvPing to keep the buff on.  If you don't have the buff active while killing players, you won't get credit.
1612	Do any type of PvP of your choice
1613	You must be killing players that give you honor.
1614	Earn 10 honorable kills while under the influence of the G.N.E.R.D. buff
1615	Congratulations, you are now one of The Hallowed!
1616	Visit the Candy Bucket in Jade Forest, Paw'don Village
1617	Visit the Candy Bucket in Jade Forest, Pearlfin Village
1618	Visit the Candy Bucket in Jade Forest, Jade Temple Grounds
1619	Visit the Candy Bucket in Jade Forest, Dawn's Blossom
1620	Visit the Candy Bucket in Jade Forest, Tian Monastery
1621	Visit the Candy Bucket in Jade Forest, Sri-La Village
1622	Visit the Candy Bucket in Jade Forest, Greenstone Village
1623	Visit the Candy Bucket in Kun-Lai Summit, Binan Village
1624	Visit the Candy Bucket in Kun-Lai Summit, Westwind Rest
1625	Visit the Candy Bucket in Kun-Lai Summit, One Keg
1626	Visit the Candy Bucket in Kun-Lai Summit, The Grummle Bazaar
1627	Visit the Candy Bucket in Kun-Lai Summit, Zouchin Village
1628	Visit the Candy Bucket in Townlong Steppes, Longying Outpost
1629	Visit the Candy Bucket in Vale of Eternal Blossoms, Mistfall Village
1630	Visit the Candy Bucket in Vale of Eternal Blossoms, Shrine of Seven Stars
1631	Visit the Candy Bucket in The Veiled Stair, Tavern in the Mists
1632	Visit the Candy Bucket in Valley of the Four Winds, Pang's Stead
1633	Visit the Candy Bucket in Valley of the Four Winds, Stoneplow
1634	If you cannot complete this quest because of a "Duplicate item found" message, open the Handful of Candy item in your bags and take out the contents.
1635	Visit the Candy Bucket in Dread Wastes, Klaxxi'vess
1636	Visit the Candy Bucket in Dread Wastes, Soggy's Gamble
1637	Visit the Candy Bucket in Krasarang Wilds, Zhu's Watch
1638	Visit the Candy Bucket in Krasarang Wilds, Marista
1639	You will need to have 300 cooking in order to complete this guide.
1640	They look like wooden chairs around a round white and green table with food on it.
1641	Use the first ability on your hotbar to Pass the food to other players who are sitting at the table
1642	You must target the other players and use the Pass the Food ability.  Do this repeatedly until you get an achievement.
1643	Start a Food Fight!
1644	Use the other abilities on your hotbar to eat the food
1645	You will only be able to eat certain foods at each place on the table.  Once you eat the foods available to your spot 5 times, click the red arrow above your action bar to get out of the Turkey Chair.  Then, go sit in another Turkey Chair that has a type of food you haven't eaten yet.
1646	Eat each type of food 5 times in a row
1647	You can see how many times you've eaten the food by looking at it's buff that it gives you next to your mini map.
1648	Gain the Spirit of Sharing
1649	Use your Bountiful Cookbook
1650	Use your Recipe: Spice Bread Stuffing to learn the recipe
1651	Cook next to the Pilgrim's Bounty Cooking Fire at [33.8,50.8]
1652	If you need to train your Cooking skill to allow a higher max level, talk to Ellen Moore at [33.7,50.6]
1653	Use your Recipe: Pumpkin Pie to learn the recipe
1654	Use your Recipe: Cranberry Chutney to learn the recipe
1655	Cook next to the Pilgrim's Bounty Cooking Fire at [59.61,34.94]
1656	If you need to train your Cooking skill to allow a higher max level, talk to Caitrin Ironkettle at [52.9,36.1]
1657	Use your Recipe: Candied Sweet Potato to learn the recipe
1658	and
1659	Cook next to the Pilgrim's Bounty Cooking Fire at [61.6,49.1]
1660	If you need to train your Cooking skill to allow a higher max level, talk to Mary Allerton at [66.5,35.1]
1661	Use your Recipe: Slow-Roasted Turkey to learn the recipe
1662	You can find these all around Elwynn Forest, so you are not limited to staying in this area.  Ride around Elwynn Forest and look for Wild Turkeys, you should be able to find them easily if you ride around.
1663	Earn the Now We're Cookin' Achievement
1664	Earn the Pilgrims Paunch in Stormwind
1665	While still at the table, go to each of the chairs.
1666	While in each of the chairs, press 1.
1667	Pass the Candied Sweet Potatoes.
1668	Pass the Cranberry Chutney.
1669	Pass the Pumpkin Pie.
1670	Pass the Slow-Roasted Turkey.
1671	Pass the Spice Bread Stuffing.
1672	Earn the Sharing is Caring Achievement.
1673	You can find these all around Elwynn Forest, so you are not limited to staying in this area.
1674	Earn the Pilgrims Paunch in Darnassus
1675	Choose one of the following until you have all three pieces:
1676	You can collect multiple Turkey Shooters if you have the other 2 pieces.
1677	Teleport to The Exodar
1678	Follow this ramp up and outside The Exodar
1679	Earn the Pilgrims Paunch in The Exodar
1680	Earn the Pilgrims Paunch in Ironforge
1681	Earn the Pilgrims Paunch Achievement!
1682	Earn the Pilgrims Progress Achievement
1683	Quickly kill 40 Wild Turkeys and keep killing them until you earn the achievement:
1684	You can see how many turkeys you have killed with the Turkey Tracker buff.
1685	You can find more Turkeys all around Elwynn Forest.
1686	The Turkinator!
1687	You should have three pieces of the Pilgrim's Attire now
1688	Equip your Pilgrim's Attire
1689	While wearing your Pilgrim's Attire, sit at any table's chair
1690	Pilgrim's Peril of Undercity
1691	You can run up The Dead Scar most of the way to avoid Horde towns. This is the Grey line running up the map on the left.
1692	Pilgrim's Peril of Silvermoon City
1693	Pilgrim's Peril of Thunder Bluff
1694	Pilgrim's Peril of Orgrimmar
1695	Earn the Pilgrim's Peril Achievement!
1696	You should have a few Turkey Shooters from your daily quests, if you don't, you will need to do more daily's when possible for more.
1697	While in Durotar, shoot Horde Rogues with your Turkey Shooter.
1698	Shoot a Blood Elf Rogue
1699	Shoot a Orc Rogue
1700	Shoot a Troll Rogue
1701	Shoot a Undead Rogue
1702	Shoot a Goblin Rogue
1703	While in Elwynn Forest, shoot Alliance Rogues with your Turkey Shooter.
1704	Shoot a Dwarf Rogue
1705	Shoot a Gnome Rogue
1706	Shoot a Human Rogue
1707	Shoot a Night Elf Rogue
1708	Shoot a Worgen Rogue
1709	Follow this stairway up and around
1710	Keep following this path around
1711	Equip your Pilgrim's Hat
1712	Earn the Achievment Terokkar Turkey Time
1713	You have reached the End of this guide, you can only do the Dailys Once per day.
1714	Congratualtions, you have earned the Pilgrim Achievement!
1715	Learn the Apprentice Cooking skill.
1716	Click the Recipe: Gingerbread Cookie recipe in your bags
1717	Buy 5 Small Eggs from the Auction House:
1718	Click here to farm these yourself.
1719	They are the bags on the ground behind the Abominable Greench.
1720	Free Metzen the Reindeer.
1721	After you defeat The Abominable Greench Metzen is freed.
1722	Kiss a Winter Reveler every hour
1723	You can only use this once per hour. The items you get are random.
1724	Once you've collected these items, click here to proceed.
1725	Use a Handful of Snowflakes on the following race/class combinations
1726	The best place to complete this is in major cities, but it can be done anywhere in the world.
1727	You can get more snowflakes by using /kiss on Winter Revelers at [19.9,53.8]
1728	Orc Death Knight
1729	Human Warrior
1730	Tauren Shaman
1731	Night Elf Druid
1732	Undead Rogue
1733	Troll Hunter
1734	Gnome Mage
1735	Dwarf Paladin
1736	Blood Elf Warlock
1737	Draenei Priest
1738	Requires a cooking skill of 325
1739	Use the Tailoring profession or pay a tailor to create Red or Green Winter Clothes.
1740	You can buy the pattern from Wulmort Jinglepocket at [33.7,67.3]
1741	Use the Leatherworking profession or pay a leatherworker to create Winter Boots
1742	Queue for Heroic The Nexus dungeon.
1743	You can also run to the instance and do it.
1744	Get the Smokywood Pastures Sampler from your mailbox
1745	It should arrive within 24 hours after completing the Feast of Winter Veil quest section of this guide.
1746	Click the Smokywood Pastures Sampler in your bag
1747	Equip the Red Winter Clothes
1748	Equip the Winter Boots
1749	Equip the Red Winter Hat
1750	During the Feast of Winter Veil, wear 3 pieces of winter clothing and eat Graccu's Mince Meat Fruitcake
1751	Use the Winter Wondervolt machine to turn into a Little Helper
1752	We recommend Alterac Valley. You must be killing players that give you honor.
1753	Earn 50 honorable kills as a Little Helper from the Winter Wondervolt machine
1754	Make sure you have the following in your bags:
1755	Use a snowball on Muradin Bronzebeard
1756	Throw a snowball at Muradin Bronzebeard during the Feast of Winter Veil
1757	Ride the Deep Run Tram to Stormwind City
1758	Use your Mistletoe on Brother Kristoff
1759	Use Mistletoe on Brother Kristoff in Stormwind City
1760	Use your Mistletoe on Brother Benjamin
1761	He patrols in front of this entryway, so you may need to search for him.
1762	Use Mistletoe on Brother Benjamin in the Stormwind City
1763	Use your Mistletoe on Brother Cassius
1764	Use Mistletoe on Brother Cassius in the Stormwind City
1765	Use your Mistletoe on Brother Joshua
1766	Use Mistletoe on Brother Joshua in the Stormwind City
1767	Use your Mistletoe on Brother Crowley
1768	He is at the lower level of the cathedral, down the ramp.
1769	Use Mistletoe on Brother Crowley in the Stormwind City
1770	Use your Mistletoe on Brother Wilhelm
1771	Use Mistletoe on Brother Wilhelm in Goldshire
1772	Use your Mistletoe on Brother Nimetz
1773	Use Mistletoe on Brother Nimetz in Northern Stranglethorn
1774	Use your Mistletoe on Brother Karman
1775	Use Mistletoe on Brother Karman in Dustwallow Marsh
1776	The following achievements require a level 70 or higher character.
1777	Click an Apexis Relic
1778	It looks like a small multi-colored crystal floating in the air.
1779	Insert an Apexis Shard to begin.
1780	Stand on the white globe and watch as the crystal floating above you casts a beam on the surrounding clusters
1781	Click the clusters in the same color pattern as the crystal.
1782	You must do this six times. If you mess up you will be given a few chances to correct yourself before you have to start the process over.
1783	Attain the Apexis Vibrations
1784	Purchase 1 Unstable Flask of the Beast
1785	It flooks like a small multi-colored crystal floating in the air
1786	While on your flying mount, use your Skyguard Bombs on Fel Cannonball Stacks
1787	Destroy 15 Fel Cannonball Stacks
1788	Use Preserved Holly while riding your flying mount
1789	While on riding the Reindeer Mount, use the Skyguard Bombs on Fel Cannonball Stacks
1790	You have to be on your mount when turning in the quest.
1791	Complete the Bomb Them Again! quest while mounted on a flying reindeer during the Feast of Winter Veil
1792	Get the Winter Veil Disguise Kit from your mailbox
1793	Equip the Winter Veil Disguise Kit in your bag
1794	Dance with another player wearing their snowman costume
1795	During the Feast of Winter Veil, use your Winter Veil Disguise kit to become a snowman and then dance with another snowman in Dalaran
1796	This step can only be completed by logging into the server on December 25th.
1797	Click a present underneath the tree
1798	Open one of the presents underneath the Winter Veil tree once they are available.
1799	Congratulations, you are now a Merry Maker!
1800	Use Small Blue Rockets
1801	Use Blue Rocket Clusters
1802	Fire 8 Lunar Fireworks
1803	Fire 2 Lunar Fireworks Clusters
1804	Use the Lunar Festival Invitation while standing in the beam of light
1805	Go to the Moonglade
1806	If you die trying to leave Undercity, just resurrect at the spirit healer you get sent to.
1807	She is inside of the cave.
1808	Enter the swirling portal to Stratholme.
1809	Follow the path to Elder Farwhisper.
1810	Leave Stratholme.
1811	Enter the swirling portal to Blackrock Spire.
1812	Enter the Blackrock Depths here.
1813	Follow the path to Elder Morndeep.
1814	Leave Blackrock Depths.
1815	She is at the top of the tower.
1816	Follow the steps down and go to the swirling portal at [76.1,45.2]
1817	Enter the Swirling Portal to The Temple of Atal'Hakkar
1818	Leave the instance.
1819	If you die trying to leave Thunder Bluff, just resurrect at the spirit healer you get sent to.
1820	Enter the doorway to Maraudon.
1821	Leave Maruadon.
1822	Enter Zul'Farrak.
1823	Leave Zul'Farrak.
1824	If you die trying to leave Orgrimmar, just resurrect at the spirit healer you get sent to.
1825	Click the Defender's Portal
1826	Go to the upper level of the Wintergrasp Fortress
1827	Enter Azjol-Nerub here
1828	Follow this path down
1829	Jump down this hole into the water below
1830	Follow the path, going up the ramps and out of the instance.
1831	Enter the swirling portal to Drak'Tharon Keep.
1832	Enter the Utgarde Keep building here
1833	Enter the swirling portal to Utgarde Pinnacle.
1834	Take the stairs down.
1835	Go up the stairs.
1836	Follow the path, clicking here to continue.
1837	Use the Festival Firecrackers as fast as you can.
1838	You will need to use 10 in 30 seconds.
1839	You can drag the Festival Firecrackers onto your action bar.  You will need to click the ground where you want to throw them.
1840	Earn the Frienzied Firecracker Achievement.
1841	Drag the Red Rocket Clusters to you action bar.
1842	You will need to spam whatever button the Red Rocket Cluster is assigned to.
1843	Earn The Rockets Red Glare Achievement.
1844	Earn the Lunar Festival Finery Achievement.
1845	Use your Green Rocket Clusters until Omen spawns
1846	You will need a group of 4 or 5 to beat him.
1847	Receive Elune's Blessing
1848	Find Stormwind Guards that have the Heavily Perfumed buff on them
1849	They are all over Stormwind and will have a glowing pink aura around them
1850	Use Snagglebolt's Air Analyzer on Stormwind Guards
1851	Analyze 6 Perfumed Guards
1852	While disguised as a package-runner, RUN to the Crown Chemical Company's stockpile outside the gates of Stormwind
1853	Get the Crown Chemical Co. Package
1854	Quickly return the package they toss you to Inspector Snip Snagglebolt in Stormwind.
1855	Deliver the package in time
1856	If you lose your disguise, ask the Inspector for another one and repeat the run.
1857	Search the Stormwind Counting House
1858	Search the Stormwind Auction House
1859	Search the Stormwind Barber Shop
1860	Talk to him until he gives you Snivel's Ledger
1861	You have to be at least level 5 to accept a quest from him
1862	Run around Stormwind and:
1863	Use your Crown Cologne Sprayer on NPCs and other players without a red heart over their head
1864	Give 10 Cologne Samples
1865	Use your Crown Perfume Sprayer on NPCs and other players without a red heart over their head
1866	Give 10 Perfume Samples
1867	Use your Crown Chocolate Sampler on NPCs and other players without a red heart over their head
1868	Give 10 Chocolate Samples
1869	Use Snagglebolt's Khorium Bomb next to the big shaking Chemical Wagon
1870	Destroy the Chemical Wagon
1871	This step depends on your character's level and what you want to do.
1872	If you don't have alot of money, or don't want to spend any more, do this:
1873	Go to a place where the mobs are at least green to you, they cannot be grey to you, or they won't drop the items you need.  Now, just kill the mobs until you collect 40 Lovely Charms.  You won't get a Lovely Charm from every mob you kill, so be prepared to grind for a while.
1874	If you have a lot of money, or don't care about spending money and just want to do the quests very quickly, do this:
1875	Go to the Auction House and buy 4 Lovely Charm Bracelets.
1876	If you chose to kill mobs, use your Lovely Charms to create 4 Lovely Charm Bracelets
1877	Use Snagglebolt's Khorium Bomb near the Chemical Wagon.
1878	Chemical Wagon Destroyed
1879	You will need Love Tokens in order to purchase items from vendors in this guide section.
1880	You can get Love Tokens by completing the dailies in the Love is in the Air Dailies section.
1881	Click here to be taken directly to the Love is in the Air Dailies section.
1882	Click here to continue to the vendors.
1883	Get the 8 different types of Heart Candy:
1884	Be Mine!
1885	I'll follow you all around Azeroth.
1886	All yours.
1887	I'm all yours!
1888	Hot Lips.
1889	You're Mine!
1890	You're the best!
1891	I LOVE YOU
1892	Eat the 8 different type of Heart Candy:
1893	Use your Silver Shafted Arrows on 10 players inside Ironforge
1894	Shoot 10 Players with the Silver Shafted Arrow
1895	Use your Box of Chocolates and get all the chocolate contained inside of it
1896	Eat each type of chocolate:
1897	Sweet Surprise
1898	Very Berry Cream
1899	Buttermilk Delight
1900	Save the remaining Buttermilk Delights for a later achievement.
1901	Dark Desire
1902	Spam use your Love Rockets
1903	Shoot off 10 Love Rockets in 20 seconds or less
1904	I would suggest looking for horde while doing dailies.
1905	Dalaran might still be a good spot to search.
1906	Alternatively, you can search for horde in battlegrounds.
1907	Use your Handful of Rose Petals on the follow race/class combinations:
1908	Save any extra Handfuls of Rose Petals you have, you'll need one later.
1909	Gnome Warlock
1910	Human Death Knight
1911	Night Elf Priest
1912	Orc Shaman
1913	Tauren Druid
1914	Undead Warrior
1915	Troll Rogue
1916	Blood Elf Mage
1917	Draenei Paladin
1918	Dwarf Hunter
1919	In Dalaran:
1920	Find a player to have a picnic with you
1921	Use your Romantic Picnic Basket
1922	While having a picnic, use your Buttermilk Delight
1923	Enjoy a Buttermilk Delight with someone in Dalaran at a Romantic Picnic
1924	Go to Wintergrasp in Northrend:
1925	Use your Love Fool anywhere inside Wintergrasp
1926	Target the Love Fool and Pity it
1927	Find Sraaz
1928	He's a gnome that walks around the circle around The Great Forge.
1929	Do the following exactly in order from top to bottom in the step:
1930	Use all 6 of your Flagons of Mead to get Completely Smashed
1931	Use your "VICTORY" Perfume
1932	Use your Handful of Rose Petals on Sraaz
1933	Kiss Sraaz
1934	Go to the Gurubashi Arena in The Cape of Stranglethorn:
1935	The Cape of Stranglethorn is the southern-most zone on the Eastern Kingdoms continent.
1936	Use your Love Fool anywhere inside the Gurubashi Arena
1937	Enter the Arathi Basin PvP Battleground:
1938	Use your Love Fool inside the Blacksmith subzone inside Arathi Basin
1939	Enter the Culling of Stratholme dungeon:
1940	Use your Love Fool anywhere inside the Culling of Stratholme dungeon
1941	Enter the Naxxramas raid:
1942	Use your Love Fool anywhere inside the Naxxramas raid
1943	Go to a place where the mobs are at least green to you, they cannot be grey to you, or they won't drop the items you need.
1944	Kill the mobs until you collect 120 Lovely Charms.
1945	You won't get a Lovely Charm from every mob you kill, so be prepared to grind for a while.
1946	Use your Lovely Charms to create 12 Lovely Charm Bracelets
1947	Create 12 Lovely Charm Bracelets
1948	Kill these certain bosses in any of the following dungeons:
1949	You can enter either Normal or Heroic difficulty, it doesn't matter.
1950	Drahga Shadowburner in Grim Batol
1951	Corla, Herald of Twilight in Blackrock Caverns
1952	High Priestess Azil in The Stonecore
1953	Admiral Ripsnarl in Deadmines
1954	Lord Godfrey in Shadowfang Keep
1955	Get either of these 2 items as a random drop from these bosses:
1956	Obtain a Bouquet of Red or Ebon Roses during the Love is in the Air celebration
1957	Congratulations, you are a Fool For Love!
1958	Search around Dolanaar for Brightly Colored Eggs and click them:
1959	There is at least one available at all times. If Dolanaar is too crowded with other players looking for eggs, you can also find them at Azure Watch, Goldshire, and Kharanos.
1960	Click Brightly Colored Eggs in your bags
1961	You may be unable to complete some of the achievements if you are lower level.  So, if you find you cannot do something in this guide, simply skip it and do what you can
1962	Eat 100 Noblegarden Chocolates
1963	Discover a White Tuxedo Shirt by opening Brightly Colored Eggs
1964	Discover Black Tuxedo Pants by opening Brightly Colored Eggs
1965	Discover an Elegant Dress by opening Brightly Colored Eggs
1966	If you don't already have these items, collect Noblegarden Chocolates and purchase them from the Noblegarden Vendor at [55.7,51.3]:
1967	It costs 5 Noblegarden Chocolates.
1968	It costs 10 Noblegarden Chocolates.
1969	It costs 50 Noblegarden Chocolates.
1970	It costs 100 Noblegarden Chocolates.
1971	Use your Spring Rabbit's Foot in your bags to get a Spring Rabbit companion
1972	Bring out your Spring Rabbit companion
1973	Press P to bring up your Spellbook and click the Companion's ribbon, then click the Spring Rabbit icon.
1974	Find a player with a Spring Rabbit next to them around Dolanaar
1975	Spring Rabbits look like small brown and white rabbits.
1976	Find your Spring Rabbit another one to love in Dolanaar
1977	Find a player with a Spring Rabbit next to them around Azure Watch
1978	Find your Spring Rabbit another one to love in Azure Watch
1979	Equip your Spring Robes in your bags
1980	Use your Spring Robes' ability to plant a flower
1981	Plant a flower in Desolace
1982	Plant a flower in Thousand Needles
1983	Plant a flower in Silithus
1984	Change into a bunny
1985	You will need a friend to do this, or at least another player.  There should be plenty of players trying to do this achievement at the same time, so it should be easy to find help.  Have your friend, or other player, use their Blossoming Branch on you to turn you into a rabbit.
1986	Stand in this spot until you lay an egg
1987	Lay a Noblegarden Egg in the Golakka Hot Springs
1988	Plant a flower in Tanaris
1989	Plant a flower in The Badlands
1990	Find a player with a Spring Rabbit next to them around Kharanos
1991	Find your Spring Rabbit another one to love in Kharanos
1992	Use your Noblegarden Egg anywhere in Stormwind City
1993	Hide a Brightly Colored Egg in Stormwind City
1994	Find a player with a Spring Rabbit next to them around Goldshire
1995	Find your Spring Rabbit another one to love in Goldshire
1996	Equip your Black Tuxedo Pants and White Tuxedo Shirt
1997	Find another player who is wearing the Elegant Dress and perform the Kiss emote on them
1998	The Elegant Dress looks like a long pink dress when worn.
1999	Kiss someone wearing an Elegant Dress while wearing a White Tuxedo Shirt and Black Tuxedo Pants
2000	Find a female character of every race that are at least level 18 and do the following:
2001	The best places to try and find them would be Dalaran, Shattrath, Stormwind, and Orgrimmar.
2002	Use your Spring Flowers on them
2003	Place bunny ears on a Blood Elf
2004	Place bunny ears on a Tauren
2005	Place bunny ears on a Draenei
2006	Place bunny ears on a Human
2007	Place bunny ears on a Troll
2008	Place bunny ears on a Dwarf
2009	Place bunny ears on a Night Elf
2010	Place bunny ears on a Gnome
2011	Place bunny ears on a Orc
2012	Place bunny ears on a Goblin
2013	Place bunny ears on an Undead
2014	Place bunny ears on a Worgen
2015	Congratulations, you are now a Noble Gardener!
2016	Use your Human Orphan Whistle to summon your Human Orphan
2017	Give Your Orphan a Chopper Tour of the Raging Chasm
2018	Enter the path to Old Ironforge here.
2019	Follow the stairs leading up here.
2020	Take Your Orphan to Visit King Magni in Old Ironforge
2021	Take Your Orphan to Visit Malfurion Stormrage
2022	He's on the second floor of this building. Go up the ramps inside to find him.
2023	When your orphan is next to you:
2024	Use your Dragon Kite 2-Pack
2025	Fly Dragon Kites with Your Orphan
2026	Use your Cone of Cold
2027	Take Your Orphan Out for Ice Cream
2028	You will be able to choose from 4 pet companions or a 5 gold reward.  If you already have all 4 pets, choose the gold.  You will be able to do this quest each year, so you will be able to collect all 4 pets, eventually.
2029	Use your Draenei Orphan Whistle to summon your Draenei Orphan
2030	Take Dornaa taken to Aeris Landing
2031	Take Dornaa to the Ring of Observance
2032	Take Dornaa to the Dark Portal
2033	The path to Zaladormu starts here
2034	Enter the Caverns of Time here
2035	Follow the path down to 59.9,57.2
2036	You will end up underground, in the Caverns of Time, next to a big dragon named Zaladormu, who is laying on a big platform.
2037	Take Dornaa to the Caverns of Time
2038	Take Dornaa to the Seat of the Naaru
2039	Take Dornaa to to Farseer Nobundo
2040	You will be able to choose from 4 pet companions. Only Egbert's Egg, Elekk Training Collar, and Sleepy Willy count toward an achievement.
2041	Ask about the orphans
2042	Speak to Orphan Matron Aria and accept to care for the Oracle Orphan
2043	Use your Oracle Orphan Whistle to summon your Oracle Orphan
2044	Take Roo to visit Grizzlemaw
2045	Take Roo to visit the Bronze Dragonshrine
2046	Take Roo to visit Winterfin Retreat
2047	Walk into the light to teleport to Un'Goro Crater
2048	Take Roo to visit The Etymidian
2049	Walk into the light to teleport to Sholazar Basin
2050	Take Roo to visit Alexstrasza the Life-Binder
2051	Alexstrasza the Life-Binder is at the top of Wyrmrest Temple.
2052	Use your Small Paper Zeppelin on your Oracle Orphan
2053	Throw the Small Paper Zeppelin to Roo
2054	You will receive a Curious Oracle Hatchling pet companion in the mail.
2055	Speak to Orphan Matron Aria and accept to care for the Wolvar Orphan
2056	Use your Wolvar Orphan Whistle to summon your Wolvar Orphan
2057	Take Kekek to visit Grizzlemaw
2058	Take Kekek to visit the Bronze Dragonshrine
2059	Take Kekek to visit Snowfall Glade
2060	Take Kekek to visit Alexstrasza the Life-Binder
2061	Take Kekek to visit Hemet Nesingwary
2062	Use your Small Paper Zeppelin on your Wolvar Orphan
2063	Throw the Small Paper Zeppelin to Kekek
2064	You will receive a Curious Wolvar Pup pet companion in the mail.
2065	Ask her for another Orphan Whistle
2066	Complete any 5 daily quests of your choice:
2067	Make sure your orphan is standing next to you when turning in the daily quests, or you won't get credit for this achievement.
2068	Get the Daily Chores Achievement
2069	Purchase the follow items from the Auction House, or use your Cooking ability to create them, if you'd like:
2070	Use your Lovely Cake in your bags to place a cake on the ground
2071	Click the Lovely Cake
2072	Use whichever Orphan Whistle you currently have to summon your Orphan, so that the Orphan is standing next to you:
2073	Eat Tigule and Foror's Strawberry Ice Cream
2074	Eat Tasty Cupcake
2075	Eat Red Velvet Cupcake
2076	Eat Delicious Chocolate Cake
2077	Eat Lovely Cake Slice
2078	Eat Dalaran Brownie
2079	Eat Dalaran Doughnut
2080	Use your Hearthstone while your Orphan is standing next to you
2081	Get the Home Alone Achievement
2082	The following achievements are a little more dynamic, so we cannot walk you step-by-step through getting them.
2083	Find a group, run the Utgarde Pinnacle dungeon, and defeat King Ymiron
2084	Make sure your Orphan is standing next to you when you defeat King Ymiron, or else you won't get credit for the achievement.
2085	Get the Hail To The King, Baby Achievement
2086	Enter the Eye of the Storm battleground and capture the flag
2087	Make sure your Orphan is standing next to you when you capture the flag, or else you won't get credit for the achievement.
2088	Capture the flag in Eye of the Storm
2089	Enter the Alterac Valley battleground and assault a tower
2090	Make sure your Orphan is standing next to you when you assault the tower, or else you won't get credit for the achievement.
2091	Assault a tower in Alterac Valley
2092	Enter the Arathi Basin battleground and assault a flag
2093	Make sure your Orphan is standing next to you when you assault the flag, or else you won't get credit for the achievement.
2094	Assault a flag in Arathi Basin
2095	Enter the Warsong Gulch battleground and return a fallen flag
2096	Make sure your Orphan is standing next to you when you return the fallen flag, or else you won't get credit for the achievement.
2097	Return a fallen flag in Warsong Gulch
2098	Congratulations, you do it For The Children!
2099	Use your Practice Torches in your bags and throw them at the Torch Target Braziers nearby
2100	You must throw the torches at the correct braziers.  Throw the torches at the Torch Target Braziers when they have a floating red arrow point down above them. You will have 40 seconds to complete this before the quest fails.
2101	Hit 8 braziers
2102	Use your Unlit Torches in your bags next to the bonfire
2103	As soon as you light torch, it will fly in the air.  There will be a small round shadow on the ground indicating where the torch is flying.  Follow that shadow and catch the torch.  When you catch the torch, it will be thrown in the air again.  Follow the shadow again and catch the torch.  Do this until you've caught the torch 4 times in a row without it hitting the ground.
2104	Catch 4 torches in a row.
2105	Use the Totemic Beacon in your bags
2106	Use your Totemic Beacon next to the blue bonfire
2107	Use your Orb of the Crawler in this spot
2108	Get the Crab Disguise
2109	Listen to the plan of the Twilight Cultists
2110	Click the Flame of Orgrimmar
2111	It's a huge blue bonfire.
2112	Click the Flame of Orgrimmar in your bags
2113	It is recommended that you be level 80 when attempting to complete this guide step.
2114	Click the Flame of Thunder Bluff
2115	Click the Flame of Thunder Bluff in your bags
2116	Click the Flame of Undercity
2117	Click the Flame of Undercity in your bags
2118	Click the Flame of Silvermoon
2119	Click the Flame of Silvermoon in your bags
2120	Complete the Midsummer Fire Festival Quests guide section before doing this guide section.
2121	Open up your Dungeon Finder [I], and queue for The Frost Lord Ahune battle.
2122	You must be at least level 89 to fight Lord Ahune.
2123	Complete the Ice the Frost Lord Achievement
2124	Equip your Mantle of the Fire Festival
2125	Equip your Vestment of Summer
2126	Equip your Sandals of Summer
2127	Click the Ribbon Pole
2128	It looks like a tall metal pole with a small fire on top of it.
2129	Let your character spin around for 1 minute
2130	Complete the Burning Hot Pole Dance Achievement
2131	Don't forget to put your regular gear back on
2132	Use your 40 Juggling Torches as fast as you can
2133	You must juggle them all in under 15 seconds.  The best way to do this is to place your Juggling Torches on your hotbar.  Press the hotbar key and click the ground at the same time.  Keep spamming the hotbar key and clicking the ground at the same time as fast as possible and don't stop until you get the achievement.
2134	Complete the Torch Juggler Achievement
2135	Use your Hearthstone to go back to Stormwind
2136	Congratulations, you are now The Flame Warden!
2137	Use Uther's Tribute in front of Uther's statue
2138	Place a Tribute at Uther's Tomb
2139	You can click special food items on the table.
2140	In 2 days You will also get an item called Bounty of the Harvest in the mail.
2141	Congratulations, you've completed the Harvest Festival!
2142	NOTE: If you are on an EU server, you will be unable to accept these 2 quests.
2143	So, just skip them, and also skip the guide steps where you complete the quest goals for these quests.
2144	Ask him if there's another way you can help out if you don't like drinking, then ask for a pair of Synthebrew Goggles
2145	Click the Complimentary Brewfest Samplers
2146	They looks like mugs of beer on the small tables on either side of you.
2147	Use your Complimentary Brewfest Samplers
2148	Hit S.T.O.U.T. 5 Times
2149	As you run around on the ram:
2150	Use your Ram Racing Reins
2151	The ram runs slow by default.  You have to use the Ram Racing Reins to make it run at certain speeds for 8 seconds.  To make the ram Trot for 8 seconds, use the Ram Racing Reins every 2 seconds or so to keep the ram running at the speed just above the slow default speed.  To make the Ram Canter for 8 seconds, use the Ram Racing Reins a little more often than when you made the Ram Trot.  To make the Ram Gallop, just spam use the Ram Racing Reins.
2152	Maintain a Trot for 8 seconds
2153	Maintain a Canter for 8 seconds
2154	Maintain a Gallop for 8 seconds
2155	Use your Ram Racing Reins as you run
2156	Stop at every bucket of apples you see on the side of the road to refresh your Ram's fatigue level, allowing the Ram to run faster for longer.
2157	FOLLOW THE WAYPOINT PATH Flynn Firebrew will throw you a keg when you get close
2158	Once you have a keg, run back and turn it in to Pol Amberstill at
2159	Just get near him and you will throw the keg to him.
2160	Deliver 3 Kegs in Under 4 Minutes
2161	< I'd like a pair of Synthebrew Goggles. >
2162	Use your Synthebrew Goggles
2163	Equip the Synthebrew Goggles
2164	Use your Wolpertinger Net on Wild Wolpertingers
2165	They look like rabbits with antlers and wings running around on the ground around this area.
2166	Does Your Wopertinger Linger?
2167	If you are on the EU server you will be able to achieve this in the Achievments Guide.
2168	Use your Elekk Dispersion Ray on Elwynn Pink Elekks
2169	Use your Elekk Dispersion Ray on Azuremyst Pink Elekks
2170	Use your Elekk Dispersion Ray on Teldrassil Pink Elekks
2171	Use the Dungeon Finder (press I) to queue for Coren Direbrew
2172	You must be level 89 do complete this quest.
2173	You will fight Coren Direbrew
2174	Click Direbrew's Dire Brew in your bags
2175	Click the green eye on the edge of your minimap
2176	Teleport Out of the Dungeon and go to Dun Morogh
2177	You will only be able to do 1 of the first 2 dailies in this guide, per day.
2178	Quests "Bark for the Barleybrews!" or "Bark for the Thunderbrews!".
2179	Or
2180	Ride your ram into Ironforge
2181	Just keep a Trot pace most of the time and only sometimes keep a Canter pace.  If you go too much faster than that, your ram will get tired and you will run out of time.
2182	Bark Outside the Bank
2183	Bark in the Military Ward
2184	Bark in the Hall of Explorers
2185	Bark in the Mystic Ward
2186	Click the Dark Iron Mole Machine Wreckage
2187	It looks like a big metal gear laying on ground in the middle of the festival.  It appears after the Dark Iron dwarves attack the Brewfest festival, so you may have to wait for it to appear.
2188	You have to defend the three kegs at these locations in order for it to show up.
2189	Click the Complimentary Brewfest Sampler here [55.3,37.3]
2190	Click the Complimentary Brewfest Sampler here [55.7,38.1]
2191	Thow the Sampler's at the Dark Iron Dwarves and the Mole Machines.
2192	Down With The Dark Iron Achievement
2193	On your Ram, run to Flynn Firebrew at
2194	Flynn Firebrew will throw you a keg when you get close.
2195	Deliver as many kegs as you can within 4 minutes
2196	You get 2 Brewfest Prize Tokens for each keg you deliver, so this is a good way to get some Brewfest Prize Tokens to join the Brew of the Month Club.
2197	Follow this path to pick up Kegs from Flynn Firebrew and run them back to Neill Ramstein
2198	Eat The Essential Brewfest Pretzels
2199	Eat the Spiced Onion Cheese
2200	Eat the Dried Sausage
2201	Eat the Succulent Sausage
2202	Eat the Savory Sausage
2203	Eat the Pickled Sausage
2204	Eat Spicy Smoked Sausage
2205	Eat The Golden Link
2206	Eat all of the Brewfest Foods!
2207	Achieve The Brewfest Diet!
2208	You must be at least level 20 to buy these.
2209	Use your Fresh Brewfest Hops
2210	Make your Mount Festive for Brewfest!
2211	Complete the Brewfest daily quests each day until you have 200 Brewfest Prize Tokens
2212	Click the "Brew of the Month" Club Membership Form in your bags
2213	Go inside Ironforge
2214	Achieve Brew of the Month!
2215	Achieve Brewmaster!
2216	If you are on the EU servers go here to buy your Wolpertinger Pet
2217	Congratulations, you are a Brewmaster!
2218	You will only be able to complete 1 of the following quests per day
2219	They look like dark wooden barrels near fishermen all along the canals.
2220	They look like small crabs underwater all along in the canals.
2221	They look like cloth white sacks.  This one is laying on the ground inside The Slaughtered Lamb building.
2222	You can find more Sacks of Confectioner's Sugar:
2223	at [51.0,96.2]
2224	Laying on the floor, next to the fireplace in The Blue Recluse building.
2225	at [77.8,53.2]
2226	Laying on the floor, next to the fireplace in Pig and Whistle Tavern building.
2227	at [66.0,31.9]
2228	Laying on the bar inside The Golden Keg building.
2229	They look like big orange pumpkins on the ground around this area.
2230	They look like red apples laying on the ground under apple trees along the streets of Stormwind City.  There are different types of trees in Stormwind, so only look under the rounder shaped trees with red apples in them.
2231	This is a timed quest. You will be forced to run automatically and have 3 mins to run the IPA back to the quest giver.
2232	Pick up the Cask of Drugan's IPA
2233	Deliver the Cask of Drugan's IPA
2234	Click on the Sack of Oatmeal
2235	They look like shinning white bags on the ground all around Ironforge
2236	Offer your Ironforge Rations to the Ironforge Guards around Ironforge
2237	6 Ironforge Guards Fed
2238	Click on the Blessed Rice Cakes
2239	Click on the Buried Kimchi Jar
2240	They look like shinning jars covered in dirt all over Darnassus
2241	Click on the Rice Baskets found on the Craftmen's Terrace and the Warrior's Terrace
2242	They look like shinning light-brown baskets
2243	Practice Making Rice Flour
2244	Create a basic campfire
2245	Cook your Uncooked Ribs (5)
2246	Feed the Delicious Ribs to the Darnassus Sentinels, located all over Darnassus
2247	Feed Ribs to Sentinels (5)
2248	Click on the Shrine of the Ancestors
2249	The following quests are random and you can only do one per day. Click to proceed.
2250	You will only be able to accept one of these daily quests per day
2251	Click the Recipe: Roasted Clefthoof in your bags
2252	You can find more Clefthooves at [45.5,72.7]
2253	Build a Basic Campfire
2254	Use your Cooking Pot to Cook up some Spiritual Soup
2255	Cook a Spiritual Soup
2256	Click the Recipe: Mok'Nathal Shortribs in your bags
2257	Click the Recipe: Crunchy Serpent in your bags
2258	Use your Cooking Pot next to the Abyssal Flamebringer corpse to Cook up some Demon Broiled Surprise
2259	Click the Recipe: Warp Burger in your bags
2260	They fly around in the sky close to the tree outposts and bridges.
2261	Use your Cooking Pot to Cook up some Kaliri Stew
2262	You've completed all the dailies you can do today. Click to go back to the dailies hub.
2263	Checking achievements
2264	Daily Completed "Revenge is Tasty"
2265	Daily Completed "Super Hot Stew"
2266	Daily Completed "Manalicious"
2267	Daily Completed "Soup for the Soul"
2268	Earn the Kickin' It Up a Notch Achievement
2269	Congratulations!  You've earned "Kickin' It Up a Notch" Achievement.
2270	Use the Purification Mixture on the Tainted Meat
2271	_
2272	Use the Shattrath Cooking Dailies section of this guide to get these recipes:
2273	It's not always guarenteed to come from these daily prizes so be patient
2274	Make sure to choose the Crate of Meat
2275	Make sure to choose the Barrel of Fish
2276	Use the Shattrath Cooking Dailies section of this guide to get this recipe:
2277	You can choose either the Crate of Meat or Barrel of Fish
2278	Use the Shattrath Cooking Dailies or Dalaran Cooking Dailies section of this guide to get these recipes:
2279	You can choose either Crate of Meat, Barrel of Fish, or Small Spice Bag
2280	You can either purchase these items from the Acution House or farm them
2281	You can either purchase these items from the Auction House or fish for them
2282	Cook Delicious Chocolate Cake
2283	Cook Blackened Trout
2284	Cook Buzzard Bites
2285	Cook Clam Bar
2286	Cook Feltail Delight
2287	Cook Ravager Dog
2288	Cook Stormchops
2289	Cook Blackened Sporefish
2290	Cook Blackened Basilisk
2291	Cook Grilled Mudfish
2292	Cook Poached Bluefish
2293	Cook Broiled Bloodfin
2294	Cook Golden Fish Sticks
2295	Cook Kibler's Bits
2296	Cook Roasted Clefthoof
2297	Cook Talbuk Steak
2298	Cook Warp Burger
2299	Cook Crunchy Serpent
2300	Cook Mok'Nathal
2301	Cook Fisherman's Feast
2302	Cook Hot Buttered Trout
2303	Cook Skullfish Soup
2304	Cook Spicy Crawdad
2305	Cook Spicy Hot Talbuk
2306	Cook Stewed Trout
2307	Cook each of the Outland cooking recipes
2308	Click the Sturdy Vines
2309	They look like brown vines that hang from trees around this area. Sometimes a Dwarf will fall out and give you fruit you need.
2310	Click the fruit that falls to the ground or talk to the dwarf that falls
2311	Tell him you are ready to start the distillation process
2312	Click the items on the ground or on the machine that he yells at you during the process, it's random
2313	Click the barrel on the ground when the process is done
2314	Use your Jungle Punch Sample on Hadrius Harlowe
2315	Standing next to a tiki torch.
2316	Complete Hadrius' taste test
2317	Use your Jungle Punch Sample on Hemet Nesingwary
2318	Standing in front of a tent.
2319	Complete Hemet's taste test
2320	Use the Professions section of this guide to get to 450 cooking
2321	Use the Dalaran Cooking Dailies section of this guide to earn Dalaran Cooking Awards to buy the following recipes:
2322	You will need a total of 74 Dalaran Cooking Awards to get all of the recipes
2323	You can either buy these from the Auction House or farm them
2324	Cook Bad Clams
2325	create Baked Manta Ray##45569,Cooking,1 total
2326	Cook Baked Manta Ray
2327	Cook Blackened Dragonfin
2328	Cook Blackened Worg Steak
2329	Cook Critter Bites
2330	Cook Cuttlesteak
2331	Cook Dalaran Clam Chowder
2332	Cook Dragonfin Filet
2333	Cook Firecracker Salmon
2334	Cook Fish Feast
2335	Cook Gigantic Feast
2336	Cook Great Feast
2337	Cook Grilled Bonescale
2338	Cook Grilled Sculpin
2339	Cook Haunted Herring
2340	Cook Hearty Rhino
2341	Cook Imperial Manta Steak
2342	Cook Kungaloosh
2343	Cook Last Week's Mammoth
2344	Cook Mammoth Meal
2345	Cook Mega Mammoth Meal
2346	Cook Mighty Rhino Dogs
2347	Cook Northern Stew
2348	Cook Pickeled Fangtooth
2349	Cook Poached Nettlefish
2350	Cook Poached Northern Sculpin
2351	Cook Rhino Dogs
2352	Cook Rhinolicious Wormsteak
2353	Cook Roasted Worg
2354	Cook Sauteed Goby
2355	Cook Shoveltusk Steak
2356	Cook Small Feast
2357	Cook Smoked Rockfin
2358	Cook Smoked Salmon
2359	Cook Snapper Extreme
2360	Cook Spiced Mammoth
2361	Cook Spiced Worm Burger
2362	Cook Spicy Blue Nettlefish
2363	Cook Spicy Fried Herring
2364	Cook Tasty Cupcake
2365	Cook Tender Shoveltusk Steak
2366	Cook Tracker Snacks
2367	Cook Very Burnt Worg
2368	Cook Worg Tartare
2369	Cook Worm Delight
2370	Cook 45 of the Northrend recipes
2371	Congratulations! You've earned the Northrend Gourment achievement!
2372	You will only be able to accept, and turn in, 1 of these 5 daily quests per day, and they all require you have 350+ Cooking skill:
2373	Click the Aged Dalaran Limburger
2374	They look like piles and pieces of yellow cheese on the tables inside this building.
2375	Click the Half Full Glasses of Wine
2376	They look like small blue-ish wine glasses sitting on tables, and on the ground, inside this building.  They spawn in random locations.
2377	You can find more Half Full Glasses of Wine inside the building at [49.4,39.3]
2378	Use your Empty Cheese Serving Platter in your bags
2379	Click a Full Jug of Wine
2380	They look like small blue-ish green jugs sitting on the ground inside this building.  They spawn in random locations.
2381	Use your Cooking ability to cook 4 Northern Stew
2382	You will need a cooking fire to do this.
2383	The entrance to the Dalaran sewers starts here
2384	Leave the Dalaran sewers
2385	Use your Meatloaf Pan in your bags
2386	Click the Wild Mustard
2387	They look like small, and kind of hard to see, bushy yellow flowers on the ground around this area.  They spawn randomly in grassy areas.
2388	You can find more Wild Mustard flowers:
2389	at [50.3,48.3]
2390	at [37.2,43.9]
2391	Use your Cooking ability to cook 4 Rhino Dogs
2392	Use your Empty Picnic Basket in your bags
2393	Click the Crystalsong Carrots
2394	they look like carrots sticking out of the ground, at the base of trees around this area underneath Dalaran.  They spawn in random locations around this area.
2395	Use your Stew Cookpot in your bags
2396	You have completed the daily quest for today.
2397	Click here to go back to the beginning of the guide.
2398	Congratulations, you have obtained the Our Daily Bread achievement!
2399	Click here to go farm for these
2400	Use the Dalaran Cooking Dailies section of this guide to get Small Spice Bags
2401	Get someone to make your 10 Critter Bites
2402	Ask in your guild or in trade for someone to make these. Be sure to tip well!
2403	Or...
2404	Click here if you don't have the recipe
2405	Use the Dalaran Cooking Dailies section of this guide to earn 3 Dalaran Cooking Awards
2406	Target the Beetles, Scorpions, and Cockroaches and use the Critter Bites on them
2407	Use all 10 Critter Bites as quick as possible. These critters are scattered all throughout the tunnel.
2408	Coerce 10 critters to be your pet within 3 minutes or less
2409	Congratulations! You've earned the Critter Gitter achievement!
2410	You can either buy these items from the auction house or use the Cooking professions guide to reach level 375 Cooking, otherwise you cannot complete this achievement.
2411	You can either buy these items from the auction house or farm them
2412	Click here to go farm these materials
2413	Have someone make the Great Feasts for you
2414	Ask in your guild or in trade for someone to make these
2415	Push [H] on your keyboard to open your Player vs. Player interface
2416	Click on Alterac Valley and then click on the Join Battle button on the lower left-hand corner of the Player vs. Player interface
2417	Wait for the que to pop-up in the middle of your screen and click on accept
2418	Go to Alterac Valley
2419	Use one of your Great Feasts
2420	Present a Great Feast in Alterac Valley
2421	You can leave the battleground now, but you will have to wait 15 minutes to complete the next step
2422	Click on Arathi Basin and then click on the Join Battle button on the lower left-hand corner of the Player vs. Player interface
2423	Go to Arathi Basin
2424	Present a Great Feast in Arathi Basin
2425	Push the [H] key on your keyboard to open your Player vs. Player interface
2426	Click on Warsong Gulch and then click on the Join Battle button on the lower left-hand corner of the Player vs. Player interface
2427	Go to Warsong Gulch
2428	Present a Great Feast in Warsong Gulch
2429	Click on Strand of the Ancients and then click on the Join Battle button on the lower left-hand corner of the Player vs. Player interface
2430	Go to Strand of the Ancients
2431	Present a Great Feast in Strand of the Ancients
2432	Go to Eye of the Storm
2433	Present a Great Feast in Eye of the Storm
2434	Use the Shattrath or Dalaran Cooking Dailies, or the Fishing Dailies of this guide to get this recipe:
2435	Brew up Captain Rumsey's Lager
2436	Congratulations! You've earned the Captain Rumsey's Lager achievement!
2437	Proceeding to Cooking School Bell
2438	Proceeding to Cooking Dailies
2439	Use the Cooking School Bell in your Bags
2440	If you do not have this yet, you can buy it from Nam Ironpaw here: [Valley of the Four Winds 53.6,51.2]
2441	Click here if this quest is not available today
2442	Use the Master's Pot in your bags next to the bonfire.
2443	Create 20 Mushan Tail Stew
2444	Enter the cave here
2445	You can find these aruond the trees here
2446	Use your Shadelight Truffles in your bag
2447	Plant 8 Shadelight Spores
2448	Click here to go back to the beginning of the Pandaria Cooking Dailies
2449	Use Cooking School Bell##86425
2450	Talk to Nomi, standing next to you.
2451	Click here to go back to the beginning of the Nomi Cooking Dailies
2452	You can either purchase these from the Auction House or farm for them:
2453	Open the Darkwater Clams in your bags
2454	Fish at this spot
2455	Enter Scholomance here
2456	Kill all undead mobs in the dungeon
2457	Get someone to make your Bad Clams, Last Week's Mammoth, Haunted Herring, and Tasty Cupcake
2458	Make your Bad Clams, Last Week's Mammoth, Haunted Herring, and Tasty Cupcake
2459	Click here if you don't have these recipes
2460	Eat the Haunted Herring to become scared
2461	Eat Haunted Herring
2462	Eat the Bad Clams to become angry
2463	Eat Bad Clams
2464	Eat the Last Week's Mammoth to become sad
2465	Eat Last Week's Mammoth
2466	Eat the Tasty Cupcake to become happy!
2467	Eat each one of the "emotion" foods
2468	Complete dailies in Shattrath City until you get the recipe for the Delicious Chocolate Cake:
2469	Routing to the proper section
2470	You can find more Clefthooves at  45.5,72.7
2471	You have completed the maximum amount of Shattrath Cooking dailies you can do today.
2472	You are not guaranteed to get this recipe - it is random, so try to have patience.
2473	Click the Recipe: Delicious Chocolate Cake
2474	Click here to go back to the beginning of the dailies for today if you haven't received the cake pattern.
2475	From the Auction House:
2476	Click this line if you would rather farm the Small Eggs
2477	You can find more at [55.0,18.9]
2478	Earn The Cake Is Not A Lie Achievement
2479	Look for Sagefish Schools in the water.  Walk along the lake in Lakeshire until you find one if you're unable to see one at this spot.
2480	It looks like a swarm of fish.
2481	Use you fishing skill until your lure is inside of the school of fish, then catch one.
2482	Earn The Old Gnome and the Sea Achievement.
2483	Congratulations! You've earned The Old Gnome and the Sea achievement!
2484	Look for Steam Pump Flotsam in the water around this area and fish from it
2485	Fish from Steam Pump Flotsam
2486	Look for Schooner Wreckage around this area
2487	You may need to fish from other pools to get this to show up
2488	Fish from Schooner Wreckage
2489	Go to The Cape of Stranglethorn
2490	Look for Bloodsail Wreckage around this area
2491	Fish from Bloodsail Wreckage
2492	Look for Floating Wreckage around this area
2493	You may have to fish from other pools to get this to show up
2494	Fish from Floating Wreckage
2495	Look for Waterlogged Wreckage around this area
2496	Fish from Waterlogged Wreckage
2497	Successfully fish in each of the junk nodes
2498	Congratulations! You've earned The Scavenger achievement!
2499	Use your fishing skill in the moat in front of Stormwind City
2500	Fish in Stormwind City
2501	Cross the bridge over into Orgrimmar
2502	Use your fishing skill in the pond
2503	Fish in Orgrimmar
2504	Earn The Fishing Diplomat.
2505	Congratulations! You've earned The Fishing Diplomat achievement!
2506	You will need track fishing in order to help you find Highland Mixed Schools.
2507	Click here if you do not have Find Fish.
2508	Search Serpent Lake for Steam pump Floatsam.
2509	Use your fishing skill.
2510	Use the Heavy Supply Crates.
2511	Use your Weather-Beaten Journal to learn find fish.
2512	Use your Find Fish ability to locate Highland Mixed Schools
2513	Use your fishing skill to fish in the pond
2514	Fish around this large pool of water from Highland Mixed Schools.
2515	Additional Pools can be found at Lake Ere'Noru, [60.6,59.9]
2516	and Lake Jorune, [45.0,40.5]
2517	Earn the Mr. Pinchy's Magical Crawdad Box achievement.
2518	Congratulations! You've earned the Mr. Pinchy's Magical Crawdad Box achievement!
2519	In order to earn this achievement, you will need to be in a raid group.
2520	You will also need to be at least Level 70.
2521	It would be best if you picked up Elixirs of Water Walking
2522	You won't need a certain level of fishing, but the high level you are, the higher change you have of fishing up 'The Lurker Below'.
2523	Click here after you  have read the requirements for this achievement.
2524	Swim down underwater through the tube to the Coilfang Reservoir
2525	Ride the elevator down
2526	Click here once you're at the bottom and off of the elevator
2527	Walk up the ramp and ride the elevator up.
2528	Click here once you ride the elevator up.
2529	Use your water walking potion and jump into the water.
2530	If you jump into the water without water walking, fish will attack you and you will have to kill them before using your Elixir.
2531	Walk over to the wooden circle with the Strange pool in the center
2532	Once you're there, use your fishing ability and make sure that your lure lands in the Strange Pool.
2533	Earn The Lurker Above Achievement.
2534	Congratulations! You've earned The Lurker Above achievement!
2535	In order the earn this achievement, you will need to have completed these 5 daily quests:
2536	Crcolisks in the City
2537	Bait Bandits
2538	Felblood Fillet
2539	The One That Got Away
2540	Shrimpin' Ain't Easy
2541	You will only be able to pick up 1 of 5 dailies per day.
2542	Use your Fishing skill to fish in the water all around the wooden dock
2543	Fish in the river here
2544	Use your fishing ability to fish in the lake.
2545	Fish from the Lake here
2546	Click the Bloated Barbed Gill Trout in your bags
2547	Use your fishing ability in the green lava.
2548	Crocolisks in the City
2549	Earn the Old Man Barlowned Achievement.
2550	Congratulations! You've earned the Old Man Barlowned achievement!
2551	In order to earn this achievement, you will need to fish from 6 different pools of fish in the Outlands.
2552	Use your fishing skill on Sporefish School's around Umberfen Lake
2553	Fish from a Sporefish School
2554	You will need to fly to reach the Highland Mixed Schools.  There are two more spots you can check for them below:
2555	The large Skettis Lake
2556	Lake Jorune
2557	Fish from a Highland Mixed School
2558	Follow the stream until you find a School of Darters or Brackish Mixed School in the river.
2559	Use your fishing skill to fish from both Brackish Mixed or School of Darters
2560	Fish from a School of Darters
2561	Fish from a Brackish Mixed School
2562	Follow the stream until you find a Bluefish and a Mudfish School.
2563	Use your fishing skill to fish from both a Bluefish and a Mudfish School
2564	Fish from a Bluefish School
2565	Fish from a Mudfish School
2566	Earn the Outland Angler Achievement.
2567	Congratulations! You've earned the Outland Angler achievement!
2568	In order to earn this achievement, you will have to fish from 10 different schools of fish in Northrend.
2569	Borean Man O'War School
2570	Dragonfin Angelfish School
2571	Glacial Salmon School
2572	Imperial Manta Ray School
2573	Musselback Sculpin School
2574	Deep Sea Monsterbelly School
2575	Fangtooth Herring School
2576	Glassfin Minnow School
2577	Moonglow Cuttlefish School
2578	Neettlefish School
2579	Follow the coast until you find and Imperial Manta Ray and a Borean Man O' War School.  You mayb need to fish out other schools in order to force new ones to spawn.
2580	Fish from an Imperial Manta Ray School
2581	Fish from a Borean Man O' War School
2582	You will be able to find Musselback Sculpin Schools around Lake Kum'uya.
2583	Fish from a Musselback Scuplin School
2584	Around the Glacier, you will find Schools of Moonglow Cuttlefish and Deep Sea Monsterbelly.
2585	Fish from a Deep Sea Monsterbelly School
2586	Fish from a Moonglow Cuttlefish School
2587	All around River's Heart, you will find schools of Nettlefish.
2588	Fish from a Nettlefish School
2589	You can find Dragonfin Angelfish School all along Lake Indu'le.
2590	Fish from a Dragonfin Angelfish School
2591	Along the Twilight Rivulet you will find schools of Glassfin Minnow.
2592	Fish from a Glassfin Minnow School
2593	You can find Schools of Glacial Salmon along this river.
2594	Fish from a Glacial Salmon School
2595	You can find Fangtooth Herring Schools along Daggercap Bay.
2596	Fish from a Fangtooth Herring School
2597	Earn the Northrend Angler Achievement.
2598	Congratulations! You've earned the Northrend Angler achievement!
2599	Use your fishing skill fish from Schooner Wreckage along The Savage Coast.  You may need to fish out the other schools of fish to get them to spawn.
2600	Use the Weather-Beaten Journal.
2601	Earn the Fish Don't Leave Footprints achievement.
2602	Congratulations, you have earned the Fish Don't Leave Footprints achievement!
2603	This guide will help you earn the achievements A Penny For Your Thoughts, Silver in the City, There's Gold In That There Fountain, and finally, The Coin Master.
2604	Here is your current progression on The Coin Master.
2605	A Penny For Your Thoughts.
2606	Silver in the City.
2607	There's a Gold In That There Fountain.
2608	This fountain is where you will be fishing from to earn these achievements. Use your fishing skills to fish up Copper, Silver and Gold Coins.
2609	Earn the A Penny For Your Thoughts achievement.
2610	Earn the Silver in the City achievement.
2611	Earn the There's Gold In That There Fountain achievement.
2612	This achievement takes a lot of time, so try to be patient.
2613	Earn the A Penny For Your Thoughts Achiement.
2614	Earn The Coin Master achievement.
2615	Congratulation, you have earned The Coin Master achievement!
2616	To earn this Achievement, you need to go to Booty Bay, accept this quest and be the first to complete it.
2617	You can start this quest every Sunday from 2pm to 4pm SERVER TIME.
2618	Make sure you have you're fishing pole equipped and fish in these area's for Tasty Fish
2619	Attach your Shiny Bauble to your fishing pole to increase your fishing skill slightly
2620	You can find more schools of fish here: [37.9,55.6]
2621	Here [36.3,53.8]
2622	Here [36.1,50.9]
2623	And here [36.2,47.7]
2624	Be the first to turn in this quest to earn the achievement
2625	Earn Master Angler Achievement
2626	To earn this Achievement, you need to go to Northrend, catch a Blacktip Shark and be the first to turn it in.
2627	You can start fishing every Saturday at 2pm SERVER TIME, you will hear the NPC yell out that the
2628	contest has started, make sure you are next to a school of fish, and start fishing!
2629	Teleport to the Violet Stand
2630	Follow this path and turn your Track Fishing on.
2631	Fish up a Blacktip Shark from any school of fish.
2632	If you are the first to turn in this quest you will get an achievement
2633	Earn the Achievement Master Angler of Azeroth
2634	You will only be able to accept one of the five quests listed.
2635	Go underwater and click the giant clams.
2636	Use your fishing ability on the dock.
2637	Click the Baby Octopus in the water.
2638	Fish next to Astaia until you get Aquinne's Moon Pendant.
2639	Fish in the water until you catch 8 Kaldorei Herring.
2640	Use your fishing ability in Helm's Bed Lake.
2641	Use your fishing skill until you catch Young Ironjaw.
2642	Click the sparkling plaque
2643	Display Young Ironjaw
2644	Use your fishing skill to fish up 3 Blind Minnows.
2645	Feed Squirky with the Blind Minnow you caught.
2646	Feed Squirky
2647	Use Grimnur's Bait on yourself then jump into the water.
2648	Make sure you're not in the water when you use the bait.
2649	Catch Cold Water Crayfish
2650	IMPORTANT! Do not mount after you catch the cold water crayfish.
2651	Take the Crayfish to Cook Ghilm
2652	Look for traps throughout the Ironforge Deeprun Tram station.
2653	Use your Bait-o-Matic Blueprints to make a Gnomish Bait-o-Matic
2654	You will only be able to pick up one of these quests.
2655	Look for sparkling mounds in the grass around the pond.
2656	Use the Overgrown Earthworm
2657	Fish in Olivia's Pond
2658	Swim around Stormwind Harbor and click The Stormwind Lobster Traps
2659	Use your fishing skill in the moat.
2660	Click the Royal Monkfish
2661	Use your fishing skill in the water here.
2662	Use your Improved Land Mines to place mines on the ground close to each other
2663	Garm Invaders and Snowblind Followers will run over the mines and die.
2664	Retrieve a bomb from the dispenser
2665	Go to [43.9,79.0] quickly
2666	Use your U.D.E.D. on an Ironwool Mammoth
2667	They walk around this area spread out.
2668	Go into the cave
2669	Tell the miner you're ready
2670	Escort the Injured Goblin Miner to K3.
2671	Fly up to [39.8,73.3]
2672	Free 5 Goblin Prisoners
2673	Use your Transporter Power Cell next to the Teleportation Pad
2674	It looks like a tall machine with a fan in the bottom of it.
2675	Activate the Garm Teleporter
2676	Go inside the cave to [50.5,77.8]
2677	Use your Hardpacked Explosive Bundle next to Frostgut's Altar
2678	It's a stone altar with a bunch of melted red candles on it.  Follow the path in the cave that spirals up all the way to the top of the cave to find it.
2679	Go outside and go to [50.0,81.8]
2680	Use your Disciplining Rod on Exhausted Vrykul
2681	They are sitting on the ground inside these side tunnels inside this mine.
2682	Discipline 6 Exhausted Vrykul
2683	Follow the path in the mine east out to the other side to [47.5,69.1]
2684	Tell her to skip the warmup
2685	Ask her about her proposal
2686	Listen to Lok'lira's proposal
2687	While riding Icefang, use the Flaming Arrow ability on your hotbar to shoot arrows at the Frostworgs and Frost Giants
2688	Burn 7 Frostworgs
2689	Burn 15 Frost Giants
2690	Fly to 63.9,62.5
2691	Use your Ice Shard ability on the Brunnhildar Prisoners
2692	The Brunnhildar Prisoners look like blue blocks of ice around this area on the ground.
2693	When your Proto-Drake is holding 3 Brunnhildar Prisoners, start flying toward Brunnhildar Village, the drake will eventually go on autopilot.  Repeat this process 2 more times.
2694	Rescue 9 Brunnhildar Prisoners
2695	Free 3 Proto-Drakes
2696	Kill 8 Ravenous Jormungar##29605+
2697	They are inside the cave.
2698	The bear runs back to Brunnhildar Village
2699	Rescue the Icemaw Matriarch
2700	Use your Reins of the Warbear Matriarch outside the building to ride a bear
2701	Use the abilities on your hotbar to fight Kirgaraak
2702	He's a big white yeti.
2703	Defeat Kirgaraak
2704	Click the red arrow to get off the bear
2705	Use your Reins of the Warbear Matriarch inside The Pit of the Fang to ride a bear
2706	Use the abilities on your hotbar to fight Hyldsmeet Warbears
2707	You fly off on a drake and start flying in circles around a tower:
2708	Use your Hyldnir Harpoon in your bags on Hyldsmeet Proto-Drakes to harpoon over to a new drake
2709	Repeat this process 9 more times
2710	Defeat 10 Hyldsmeet Drakeriders
2711	They look like light fixtures on the side of the stone columns.
2712	Use your Hyldnir Harpoon in your bags on a Column Ornament to get off the drake
2713	Ask him what became of Sif
2714	Hear Thorim's History
2715	Use your Vials of Frost Oil on the Plagued Proto-Drake Eggs
2716	They look like brown spiked eggs sitting in the yellow water around this area.
2717	Try to get 6 at a time
2718	Destroy 30 Plagued Proto-Drake Eggs
2719	Use the Flaming Harpoon ability on your hotbar to shoot the tan bundles of straw near buildings and in wagons around this area
2720	Start 6 Fires
2721	Click the red arrow to get off the gun
2722	Use Thorim's Charm of Earth on the Stormforged Iron Giants
2723	Help the dwarves kill them
2724	Use Thorim's Charm of Earth on Fjorn
2725	He's a huge fire giant, holding a huge smithing hammer.
2726	Help the dwarves kill him
2727	Use the Gather Snow ability on your hotbar to gather snow from Snowdrifts
2728	The Snowdrifts look like piles of snow on the ground.
2729	Use the Throw Snowball ability on your hotbar to throw the snow at Seething Revenants
2730	Click the red arrow on your hotbar to leave Snorri
2731	Use your Essences of Ice next to Smoldering Scraps
2732	Use Hodir's Horn on their corpses
2733	Free 5 Niffelem Forefathers
2734	Free 5 Restless Frostborn
2735	Use your Diamond Tipped Pick on Dead Iron Giants
2736	Fly to the tip of this ice spike
2737	Use the Tablets of Pronouncement in your bags
2738	Mount Hodir's Helm
2739	Use your Everfrost Razor on Dead Icemaw Bears
2740	Follow the path inside the cave to this spot
2741	Use your Icemaw Bear Flank while standing on the small frozen pond with a bunch of rocks on it
2742	You can find more Small Proto-Drake Eggs at [45.2,66.9]
2743	Stand in this big nest
2744	use the Stolen Proto-Dragon Eggs in your bags
2745	Lure Veranus
2746	Ask him what has become of Krolmir
2747	Discover Krolmir's Fate
2748	Use your Horn of the Peaks to summon earthen helpers
2749	Fight mobs around this area
2750	Tell him you are with him
2751	Witness the Reckoning
2752	Tell her you are ready to head further into Storm Peaks
2753	You will fly to Frosthold
2754	Ask him if he is okay
2755	Locate the Missing Scout
2756	Get 10 Relics of Ulduar
2757	Go outside to 44.5,60.4
2758	Use your Fresh Ice Rhino Meat on Stormcrest Eagles at the top of this mountain
2759	Feed 8 Stormcrest Eagles
2760	Use the Frosthound's Collar in your bags next to this broken down tent
2761	Use the abilities on your hotbar to keep the dwarves away from you
2762	Track down the thief
2763	Use Brann's Communicator in your bags
2764	Click the Inventor's Disk Fragments in your bags to combine them
2765	Use The Inventor's Disk on Databanks
2766	They look like floating round star things.
2767	Gather 7 Hidden Data
2768	Click the Charged Disk in your bags
2769	Go inside the building to 31.4,38.1
2770	Tell him you are ready for your test
2771	Use your Battered Storm Hammer on The Iron Watcher repeatedly
2772	While he is stunned, run away so the Hammer can recharge
2773	When his health is low enough, he will run to the end of the bridge. Throw your hammer one last time and he will fall off
2774	The path to An Experienced Guide and Unwelcome Guests starts here
2775	Use Creteus's Mobile Databank at the top of this temple
2776	Investigate the Temple of Winter
2777	Use Creteus's Mobile Databank in this broken temple
2778	Investigate the Temple of Life
2779	Use Creteus's Mobile Databank Databank at the top of this temple
2780	Investigate the Temple of Order
2781	Investigate the Temple of Invention
2782	The path to The Hidden Relic starts here
2783	Accompany Brann Bronzebeard to Frosthold
2784	Use the abilities on your hotbar to fight Stormpeak Wyrms flying in the air around this area
2785	Click the red arrow on your hotbar to get off the eagle
2786	Use your Telluric Poultice on Fallen Earthen Defenders
2787	Heal 8 Fallen Earthen Defenders
2788	Go inside the mine to 27.5,49.7
2789	Attempt to free 8 Captive Mechagnomes
2790	Destroy Loken's Fury
2791	Destroy Loken's Power
2792	Destroy Loken's Favor
2793	Click the Dark Armor Plate in your bags
2794	The entrance to Mimir's Workshop starts here
2795	Tell him you found a strange armor plate
2796	Investigate the Armor Plate
2797	Leave Mimir's Workshop
2798	Use Bouldercrag's War Horn inside this building near Valduran the Stormborn
2799	Help fight Valduran the Stormborn
2800	Use Bouldercrag's Bomb next to the Lightning Forge
2801	The Lightning Forge looks like a big brown dwarf head with a big blue crystal on top of it.
2802	Damage the North Lightning Forge
2803	Damage the Central Lightning Forge
2804	Damage the South Lightning Forge
2805	The entrance to the big round metal door starts here
2806	It's a big metal hole on in the side of the mountain.
2807	Attempt to Secure the Heart of the Storm
2808	Start controlling a Jormungar
2809	In order to move as the Jormungar, use the Submerge ability on your hotbar.  When you want to come back up to the surface, use the Emerge ability while submerged underground.
2810	In order to kill the Iron Colossus, simply spam your Jormungar Strike and Acid Breath abilities when the Iron Colossus is close to you.  When he jumps up to do a ground slam, quickly use your Submerge ability and run away from the Iron Colossus.  Do not try to get behind him, as well will just spin around and ground slam you.  Repeat this process
2811	Click the red arrow button on your hotbar to stop controlling the Jormungar
2812	Use your Crusader Parachute on Argent Shieldmen and Argent Crusaders
2813	It won't work on all of them.
2814	Equip 10 Argent forces with a parachute
2815	Go into the 2 rooms next to you:
2816	They are items on shelves that you can click
2817	Click a Muddy Mire Maggot and get it
2818	Muddy Mide Maggots look like an open bag of grain on the ground.
2819	Click a Withered Batwing and get it
2820	Withered Batwings looks like bone wings.
2821	Click a Chilled Serpent Mucus and get it
2822	Chilled Serpent Mucus looks like a skinny green vial.
2823	Click an Amberseed and get it
2824	Amberseeds look like spiked potatoes.
2825	Complete Alchemist Finklestein's task
2826	Click Dead Thornwoods
2827	They look like curved thorny roots coming out of the water around this area.
2828	Complete Captain Grondel's Task
2829	Click the Mature Water-Poppy plants
2830	They look like tall white-leaved plants with purple bulbs at the top.
2831	Complete Captain Brandon's Task
2832	Use your High Impact Grenade next to Nerubian Tunnels
2833	They look like squarish pyramid dirt mounds around this area.
2834	Seal 5 Nerubian Tunnels
2835	Complete Captain Rupert's Task
2836	Skin their corpses in order to collect the Nether Residue.
2837	Mine inside the cave and collect Nether Residue.
2838	You can check [Nagrand,50.0,56.6] for more Mining Nodes.
2839	Fly around the Spirit Fields looking for Fiery Red Orbs on the ground.
2840	Use your Multiphase Spectrographic Goggles on the Orbs.
2841	Use the Bash'ir Phasing Device.
2842	Become Out of Phase
2843	Collect 10 Smuggled Mana Cell
2844	This quest requires that you give 10 Gold in trade of reputation with the Shattered Sun Offensive, you should be able to turn it in immidiately.
2845	Use Attuned Crystal Cores on the Erratic Sentries corpse.
2846	They can be found all around this area on the ground.
2847	Use your Astromancer's Crystal to sample the Bloodcrystal's density.
2848	Bloodcrystal Reading Taken
2849	Use the Mana Remnants to Energize the Crystal Ward.
2850	Energize a Crystal Ward
2851	Tell him you Need to Intercept the Dawnblade Reinforcements.
2852	Use your Flaming Oil to set fire to the ships sails as you fly around.
2853	Sin'loren sails burned
2854	Bloodoath sails burned
2855	Dawnchaser sails burned
2856	You can find more at [Isle of Quel'Danas,51.1,9.7]
2857	Another spot for them is at [Isle of Quel'Danas,55.2,11.8]
2858	Ride the dragonhawk to Sun's Reach.
2859	Tell him you've been ordered to undertake an airstrike.
2860	Use your Arcane Charges on mobs once you get to the Dead Scar.
2861	Use your Shattered Sun Banner on his corpse.
2862	Impale the Emissary of Hate
2863	Use your Astromancer's Crystal to sample the Portal's density.
2864	Portal Reading Taken
2865	Take this path back to they shoreside.
2866	Use your Orbs of Murloc Control on Greengill Slaves along the shore.
2867	Free 10 Greengill Slaves
2868	Use your Darkspine Chest Keys on the Darkspine Ore Chest.
2869	Use your Astromancer's Crystal to sample the Shrine's density.
2870	Shrine Reading Taken
2871	Teleport to Hellfire Peninsula
2872	use the Sizzling Embers to summon a Living Flare.
2873	Once you see a message that says "Living Flare becomes unstable with brimming energy!" take it to [Hellfire Peninsula,58.6,18.7].
2874	Legion Gateway Destroyed
2875	Use your Fel Siphon on Felblood Initiates.
2876	Use your Razorthorn Flayer Gland on Razorthorn Ravagers.
2877	Use your pets Expose Razorthorn Root ability on mounds of dirt around the area.
2878	Click the Ata'mal Armaments and cleanse them at Hauthaa's Anvil.
2879	Cleanse 5 Ata'mal Metals
2880	He's downstairs in the airship, in the very back of the first level you come to.
2881	This quest can be offered at random and may not be offered everyday.
2882	This quest can be offered at random if you have at least Revered reputation with Therazane.  However, the quest may not be offered everyday.
2883	It's a huge green crystal sitting on the ground.
2884	Click the Boulder Platforms to jump from rock to rock while fighting Aeosera.  When she is casting her Breath Fire ability, jump to another rock and attack her while she is breathing fire to the other rock.  Repeat this until she surrenders.
2885	Click the Ruby Gemstone Cluster
2886	It looks like 3 dark colored spinning rings with a bunch of red crystals spinning above them.
2887	Use Ricket's Tickers next to Deep Alabaster Crystals
2888	They look like huge white rocks around this area.
2889	Use Ricket's Tickers next to Deep Celestite Crystals
2890	They look like huge blue rocks around this area.
2891	Use Ricket's Tickers next to Deep Amethyst Crystals
2892	They look like huge purple rocks around this area.
2893	Use Ricket's Tickers next to Deep Garnet Crystals
2894	They look like huge red rocks around this area.
2895	All around inside this cave:
2896	Click Painite Shards
2897	They look like small green glowing crystals sitting on the ground all around inside this cave.
2898	Tell him to follow you
2899	Wait in this spot until Pebble bobbles around appreciatively and then disappears into the distance
2900	Bring Pebble to safety
2901	Click Sprouting Crimson Mushrooms
2902	They look like tiny mushrooms on the ground around this area.  Try to only click the solid blue, solid red or white-brown ones.  The blue ones with red spots will explode and hurt you.
2903	Destroy 10 Freshly Sprouted Mushrooms
2904	Follow him each time he runs away.  Avoid the mushrooms as you walk, they will give you a debuff.  While fighting Fungalmancer Glop, kill the Boomshrooms he creates.  Don't let them grow too big, they will explode and deal a lot of damage.
2905	Click here to be taken back to the beginning of the dailies
2906	You will only be able to accept a total of 6 quests in the following guide steps.
2907	He's at the top of the tower.
2908	Slay 14 Largo's Overlook Ghosts
2909	He's walking around on this broken boat.
2910	He's an elite shark that swims in the water around this area.  This is a group quest, so you will probably need help.
2911	He's upstairs in the fort.
2912	Tell you're here to help him escape
2913	Escort the Farson Prisoner
2914	Follow the Farson Hold Prisoner and protect him.
2915	Shoot the boats
2916	Destroy 10 Wellson Supply Boats
2917	Use your Magnatized Scrap Collector
2918	Release 6 Tortured Souls
2919	The following daily quests will only be available if the Alliance faction currently controls Tol Barad.
2920	Click here to continue
2921	Click here if your faction does not control Tol Barad
2922	Only one of these NPCs will be available.
2923	Enter the underground jail
2924	Slay 10 Demons
2925	Slay 10 Prisoners
2926	Slay 9 Ghosts
2927	He patrols around Baradin Hold.  Some searching may be required.
2928	Click here to return to the beginning of the guide.
2929	Click the Hero's Call Board
2930	It's a big white stone hanging board with a gold lion head on it.
2931	Ask her to send you to Moonglade
2932	Teleport to Moonglade
2933	Click Aronus
2934	It's a green dragon flying in place in this spot.
2935	You will fly to Mount Hyjal
2936	Click Juniper Berries
2937	They look like small green bushes with small red berries on them, at the base of trees around this area.
2938	Use your Juniper Berries on Faerie Dragons
2939	They look like small blue flying dragons around this area.
2940	Follow the Faerie Dragons to find Twilight Inciters
2941	Use Tholo's Horn to call for an emerald dragon
2942	Burn the Infiltrators' Encampment
2943	Click Charred Staff Fragments
2944	They look like small white pieces on the ground around this area.
2945	Use your Flameseer's Staff on Blazebound Elementals
2946	Use your Flameseer's Staff on Baron Geddon
2947	He's a big fire elemental standing in the middle of this crater.
2948	Weaken Baron Geddon 20 Times
2949	Run away when you see Galrond of the Claw yell "Look out!".
2950	Follow the path up.
2951	They walk with 3 Twilight slaves and a Twilight Slavedriver.
2952	Click Twilight Supplies
2953	The Twilight Slaves are carrying them.  You can get the supplies after you kill the Twilight Proveditor and Twilight Slavedriver.
2954	Use Lycanthoth's Incense next to Lycanthoth's Altar
2955	Inside the cave.
2956	Click a Bitterblossom
2957	They look like purple flowers around this small island.
2958	Click a Stonebloom
2959	They look like piles of red-ish bags on the ground around this area.
2960	Click the Eye of Twilight
2961	It looks like a glowing purple ball in a metal rod with a hook on it.
2962	Click a Darkflame Ember
2963	They are purple glowing coals sitting in a brazier.
2964	Click the Twilight Cauldron
2965	It's a metal pot with blue smoke coming out of it.
2966	This quest is currently bugged, so some players are able to accept the quest while others cannot.
2967	Click Gar'gol's Personal Treasure Chest
2968	It's a small metal chest sitting on a small stone mound.
2969	Click The Twilight Apocrypha
2970	It's an open book layin on a wooden crate at the very back of the cave.
2971	Click the Crucible of Fire
2972	It looks like a floating glowing hourglass.
2973	Activate the Crucible of Fire
2974	Click the Crucible of Earth
2975	Activate the Crucible of Earth
2976	Click the Crucible of Air
2977	Activate the Crucible of Air
2978	Click the Crucible of Water
2979	Activate the Crucible of Water
2980	While inside the cave do the following:
2981	Slay 8 Minion of Gar'gol
2982	Administor the drought
2983	Free 8 Twilight Servitors
2984	Escort Kristoff Out
2985	Click a Lightning Channel
2986	They look like rods standing upright around this area, with lamps at the top of them.
2987	Use your Totem of Goldrinn
2988	Go inside the blue portal
2989	Do the following in the Firelands Forgeworks
2990	Use your Smoldering Cores next to Twilight Anvils
2991	They are small anvils sitting on the ground around this area.
2992	Destroy 8 Smoldering Cores
2993	Click Twilight Arms Crates
2994	They look like wooden boxes sitting on the ground around this area.
2995	Destroy 10 Twilight Arms Crates
2996	Click the Battered Stone Chest
2997	It spawns after you kill Cindermaul.
2998	Click the Portal Runes
2999	They are brown metal plates on the ground on this small circular island in the lava.
3000	Lure Forgemaster Pyrendius onto the activated Portal Runes
3001	This will weaken him and allow you to kill him.
3002	Tell him you've been sent to request his aid, then tell him he could be destroyed, then ask him if he will help you
3003	Persuade Blackhorn
3004	Use your Bottled Bileberry Brew on the corpse of a Twilight Inferno Lord
3005	Subjugate a Twilight Inferno Lord
3006	Click the Southern Firestone
3007	It looks like a metal stand with a small flame at the top of it.
3008	Examine the Southern Firestone
3009	Click the Central Firestone
3010	Examine the Central Firestone
3011	Click the Northern Firestone
3012	Examine the Northern Firestone
3013	Click Panicked Bunnies and Terrified Squirrels
3014	They are small and run around this area.
3015	Use your Charred Branch while in the burning forest area
3016	Click 3 Injured Fawns
3017	They look like tiny deer laying on the ground around this area.
3018	Lead the Injured Fawns back to Mylune at [19.2,37.9]
3019	Escort 3 Injured Fawns Home
3020	Click the Climbing Tree
3021	They look like small ladders leaning aginst the trees around this area.
3022	Click Hyjal Bear Cubs in the tree
3023	Use your Climb Up ability to climb to the top of the tree
3024	Use your Chuck-a-bear ability to throw the cubs down
3025	Aim the yellow arrow at the bearskin trampoline on the ground.
3026	Rescue 6 Hyjal Bear Cubs
3027	Click Scorched Soil
3028	They look like piles of dirt around this area.
3029	Click the Flameward
3030	It's a floating stone in a golden claw stand.
3031	Activate the Flameward
3032	Defend the Flameward
3033	Use your Heap of Incendosaur Innards near Nemesis
3034	Nemesis is a huge turtle that walks all around The Flamewake area, so you may need to search for him.
3035	Click Nemesis when he becomes friendly
3036	Click the Rod of Subjugation
3037	It's a huge metal rod with an orange spinning ball on top of it.
3038	Disable Rod of Subjugation 1
3039	Disable Rod of Subjugation 2
3040	They are found underwater
3041	Save 6 Tortolla's Eggs
3042	Use your Sacred Nectar next to Aviana's Burial Circle
3043	Offer the Nectar
3044	Kill 10 Wormwing Harpies
3045	Click Stolen Hyjal Eggs
3046	They look like big white eggs sitting at the base of trees around this area.
3047	Click the Harpy Signal Fire
3048	It's a brazier with red fire in it.
3049	Fight Marion Wormwing until she gets captured
3050	Ask her why she is stealing eggs, then tell Thisalee to kill her
3051	Interrogate Marion Wormwing
3052	Use your Enormous Bird Call in Blaithe's Roost
3053	It's a huge bird nest sitting on top of this mountain peak.
3054	He is up on the platform above Choluna.
3055	Click the Codex of Shadows
3056	It's an open book sitting on a wooden box.
3057	Slay 12 Sethria's Minions
3058	Click Twilight Armor Plates
3059	They look like tan pieces of metal laying on the ground around this area.
3060	Use Thisalee's Shiv on Twilight Juggernauts
3061	Use Thisalee's Shive multiple times to remove the Twilight Juggernauts' Armor Plating and make them weaker.
3062	Click Shadow Cloak Generators
3063	They look like blue glowing machines around this area.
3064	Unveil and Defend Aviana's Egg
3065	Fight Sethria
3066	Use Thisalee's Signal Rocket when Sethria turns into a dragon
3067	Use Herald's Incense next to Aviana's Egg
3068	Aviana's Egg is in the tree tower, in a side room.
3069	Burn Herald's Incense
3070	If you cannot pick up the quest, go here to get it: [62.0,24.9]
3071	Click the Twilight Weapon Rack
3072	It's a wooden stand with some weapons leaning against it.
3073	Equip the Twilight Firelance
3074	Click Aviana's Guardian to ride it
3075	They are hippogryphs.
3076	Use your Flap ability on your hotbar repeatedly to fly to this green flag
3077	Land next to the Guardian Flag
3078	It's a green flag on this small floating island.
3079	Visit the Guardian Flag
3080	Use your Flap ability on your hotbar repeatedly to fly to this spot
3081	Use your Flap ability on your hotbar repeatedly to fly around this area
3082	Fly into Twilight Buzzards to joust them
3083	Fly into Twilight Firebirds to joust them
3084	Be careful, don't let the burning Falling Boulders hit you.
3085	Run over Firelands Eggs
3086	They look like blue eggs on the ground around this area.
3087	Destroy 40 Firelands Eggs
3088	You can find more Firelands Eggs at [39.3,54.1]
3089	Click the red arrow on your hot bar to get off the hippogryph
3090	Don't forget to equip your real weapon again
3091	Go inside the blue glowing orb
3092	Talk to Goregek the Gorilla Hunter who is following you
3093	Use your Softknuckle Poker on Softknuckles
3094	Softknuckles are baby gorillas.
3095	A Hardknuckle Matriarch will spawn eventually
3096	The path down to The Sapphire Queen starts here
3097	Follow the path down to 57.1,79.3
3098	Go outside to 55.0,69.1
3099	They are all around the village
3100	Click the Chicken Escapees
3101	Click the Skyreach Crystal Formations
3102	They look like white crystal cluster on the ground along the river bank.
3103	Tell him let's do this
3104	Travel to Mistwhisper Refuge
3105	When you jump off the crocodile:
3106	Use your Skyreach Crystal Clusters next to the stone monument
3107	It's a tall rectangle stone monument.
3108	Click the Arranged Crystal Formation that appears
3109	Sabotage the Mistwhisper Weather Shrine
3110	Kill 12 Mistwhisper Gorlocs
3111	Use Zepik's Hunting Horn if Zepik is not standing next to you:
3112	Pull it to its feet
3113	Kill the crocodile that spawns
3114	Locate the Injured Rainspeaker Oracle
3115	Tell him you are ready to travel to his village now.
3116	Escort the Injured Rainspeaker Oracle to Rainspeaker Canopy
3117	Use Lafoo's Bug Bag if Lafoo is not standing next to you:
3118	He walks back and forth on this small path near the waterfall.
3119	Stand on top of the twinkles of light on the ground around this area
3120	Lafoo will dig up the treasure
3121	Click the random items that appear on the ground
3122	Tell him you brought an offering
3123	Extend the Peace Offering to Shaman Vekjik
3124	He comes walking up on a red dragon.
3125	Click the Mistwhisper Treasure
3126	It's a yellow glowing floating orb, hovering over a tree stump altar.
3127	Travel to Mosswalker Village
3128	Use Moodle's Stress Ball if Moodle is not standing next to you:
3129	Rescue 6 Mosswalker Victims
3130	Click Lifeblood Shards on the ground
3131	They look like small red crystals on the ground around this area.
3132	You can also use Moodle's Stress Ball if you have it in your bags:
3133	During this next part you will fight a boss.
3134	If you kill Jaloot during the fight, you will be able to pick up the Frenzyheart Tribe quest, and vice versa.
3135	NOTE** You must kill Artuis Slowly if you are high level. This will decrease your Reputation with the Oracles to Hated
3136	Follow the path inside the cave up to [72.2,57.3]
3137	This will spawn after the fight
3138	If you cannot accept than you will need to wait until the next day and try again.
3139	Tell him you need to find Goregek
3140	You will only be able to accept, and turn in, 1 of these 4 daily quests per day:
3141	You will only be able to accept, and turn in, 1 of these 3 daily quests per day:
3142	Use your Chicken Net on the Chicken Escapees if you cannot catch them easily
3143	Use your Venture Co. Explosives on a Stormwatcher's corpse
3144	Click the Stormwatcher's Head that spawns
3145	Use Rejek's Blade on a Hardknuckle Charger's corpse
3146	Blood your Blade on a Hardknuckle Charger
3147	Use Rejek's Blade on a Sapphire Hive Wasp's corpse
3148	Blood your Blade on a Sapphire Hive Wasp
3149	Use Rejek's Blade on 3 Mistwhisper mob's corpse
3150	Blood your Blade on 3 Mistwhisper Members
3151	Stand right up next to the tall stone altar
3152	You may even need to rub against, or stand next to it so that you are touching it.
3153	Feel the True Power of the Tempest
3154	It looks like a white eagle perched up on a hill, next to a nest with 1 egg in it.
3155	Use Rejek's Vial while standing in the water at the top of the Suntouched Pillar
3156	Click the Suntouched Water in your bags
3157	Use your Oracle Blood next to the Altar of Kartak
3158	The Altar of Kartak has a big skull on top of it, with long curved horns.  There are 3 small fires at the base of the altar, also.
3159	Take Control of Kartak
3160	Use Kartak's abilities to kill Oracle mobs around this area
3161	Drink the Secret Strength of the Frenzyheart in your bags
3162	Kill 30 Sparktouched Gorlocs
3163	Click Zepik's Trap Stash
3164	Zepik's Trap Stash looks like a small brown chest on the ground, next to some wiry stick huts.
3165	Use your Spike Bomb
3166	Use your Ensnaring Trap
3167	Use your Volatile Trap
3168	Use your traps near Oracles mobs around this area
3169	Kill 50 Sparktouched Gorlocs
3170	If he is not following your, use his Shackles in your bags.
3171	Throw your Chicken Net at the Chicken Escapees
3172	They are in the rocky areas along this river.
3173	You will find him along the bank of this river. Look for the rumbling rocks.
3174	If you kill Zepik the Gorloc Hunter during the fight, you will be able to pick up the Oracle quest, and vice versa.
3175	NOTE** You must kill Artuis Slowly if you are high level. This will decrease your Reputation with the Frenzyheart Tribe to Hated
3176	Tell him you need to find Lafoo
3177	Use your Chime of Cleansing in this spot
3178	Use your Horn of Fecundity next to Soaked Fertile Dirt piles
3179	Play the Song of Fecundity 8 Times
3180	Use your Didgeridoo of Contemplation at the top of The Glimmering Pillar
3181	Contemplate at the Glimmering Pillar
3182	Use your Didgeridoo of Contemplation at the top of The Suntouched Pillar
3183	Contemplate at the Suntouched Pillar
3184	Use your Didgeridoo of Contemplation at the top of The Mosslight Pillar
3185	Contemplate at the Mosslight Pillar
3186	Use your Didgeridoo of Contemplation at the top of The Skyreach Pillar
3187	Contemplate at the Skyreach Pillar
3188	Use your Drums of the Tempest to take control of Haiphoon, the Great Tempest
3189	Haiphoon has 2 forms: Water and Air
3190	When in Haiphoon's Water form, use Haiphoon's abilities to fight Storm Revenants around this area.  When the Storm Revenants are weak, use Haiphoon's Devour Wind ability to eat them.  When in Haiphoon's Air form, use Haiphoon's abilities to fight Aqueous Spirits around this area.  When the Aqueous Spirits are weak, use Haiphoon's Devour Water ability to eat them.  After eating an elemental, you will take on Haiphoon's matching form of that elemental you last ate.  Keep repeating this process.
3191	Devour 3 Aqueous Spirits
3192	Devour 3 Storm Revenants
3193	Click the Sparktouched Crystal Defenses
3194	It looks like a small bamboo chest sitting at the base of a tree, next to a small hut.
3195	Use your Crystal of the Frozen Grip
3196	Use your Crystal of the Violent Storm
3197	Use your Crystal of Unstable Energy
3198	Use your crystals near Frenzyheart mobs around this area
3199	Kill 50 Frenzyheart Attackers
3200	Use your Dormant Polished Crystal at the top of the Lifeblood Pillar, next to the big red crystal
3201	Use your Energized Polished Crystal
3202	This will give you a buff that will heal you a lot every time you do damage to an enemy, so you can fight a LOT of mobs at once.
3203	Kill 30 Frenzyheart Attackers
3204	Use your Tainted Crystal next to the tall stone altar
3205	Take control of Soo-holu
3206	Use Soo-holu's abilities to kill Frenzyheart mobs around this area
3207	Loot the Dead Mage Hunter bodies on the ground
3208	Go inside the building to 19.4,58.1
3209	Click Goramosh's Strange Device
3210	Use your Surge Needle Teleporter anywhere inside Moonrest Gardens
3211	Move toward the center of the platform you get teleported onto
3212	Observe the Object on the Surge Needle
3213	Use your Surge Needle Teleporter to go back down to the ground
3214	Use the Ley Line Focus Control Ring next to the half-circle
3215	It's a big half-circle purple glowing thing.
3216	Retrieve ley line focus information
3217	Click Lieutenant Ta'zinni's Letter
3218	Use your Ley Line Focus Control Amulet on the Ley Line Focus
3219	Retrieve Ley Line Focus information
3220	Click Mage-Commander Evenstar's body floating underwater
3221	Use your Ley Line Focus Control Talisman on the Ley Line Focus
3222	It's a big half-circle purple glowing thing underwater.
3223	Go to this spot on the cliff to Observe Azure Dragonshrine
3224	Help kill the following:
3225	12 Frigid Ghoul Attackers
3226	8 Frigid Geist Attackers
3227	1 Frigid Abomination Attacker
3228	Click the Ruby Acorns
3229	The Ruby Acorns look like red stones on the ground around this area.
3230	Use the Ruby Acorns on the Ruby Keeper corpses
3231	The Ruby Keepers look like huge red dragons on fire.
3232	Return 6 Ruby Keepers to the Earth
3233	Go into the valley to 48.2,47.8
3234	Go into the tree trunk to 47.7,49.1
3235	Cleanse the Ruby Corruption
3236	Tell him you want to go to the top of the temple
3237	Tell him you want to go to Lord Afrasastrasz
3238	Tell him you are ready to get into the fight
3239	Fly around Wyrmrest Temple fighting the blue dragons in the sky using your abilities on your hotbar
3240	Fly southwest to 55.1,66.4
3241	Fly into the huge purple swirling column
3242	Use your Destabilize Azure Dragonshrine ability
3243	Destabilize the Azure Dragonshrine
3244	Click the red arrow to get off the dragon on the middle level of the temple
3245	You must have fishing in order to accept dailies from this faction.
3246	There will only be three dailies available from the following questgivers. It is possible for one questgiver to give you two quests in the same day, but it is unlikely.
3247	If these quests are unavailable today, click here.
3248	If this quest is unavailable today, click here.
3249	Ride the shark.
3250	Use the abilities on your hotbar to kill the shark, make sure not to let your grip bar reach zero.
3251	Enter the underwater cave here.
3252	Use your fishing skill to fish up 7 Dojani Eel.
3253	Use your Goblin Fishing Bomb to kill Sting Rays.
3254	You can kill the Sting Rays by other means, using the bombs is much quicker though.
3255	Use your fishing skill to fish up 5 Wolf Piranha.
3256	Use your fishing skill in the Mysterious Whirlpool until Narjon the Gulper appears.
3257	When Narjon spawns, make sure to equip your weapon quickly.
3258	Use your Anglers Fishing Spear near a Prickly Puffer
3259	The closer you are the easier it is to hit the fish.
3260	Ride a Goblin Fishing Raft
3261	Use your fishing skill in the Shipwreck Debris pools to fish up 15 Rusty Shipwreck Debris.
3262	You can find more Debris at [64.3,50.6]
3263	Use your Anglers Fishing Spear near an Armored Carp
3264	Use the Pristine Crane Egg in your bags
3265	Use your fishing skill in the Crane Yolk Pool and fish up a Silver Goby.
3266	Use the Commendation of the Anglers you just purchased.
3267	You have reached the end of this guide.
3268	Click here to go back to the dailies.
3269	This guide requires that you have completed all of the quests in the Dread Wastes.
3270	The following questlines are required to access all of the possible dailies for the Klaxxi.
3271	A Cry From Darkness
3272	Falling to Pieces
3273	Blood of Ancients
3274	Mazu's Bounty
3275	Please refer to Zygor's Leveling and Loremaster guides for assistance in completing these questlines.
3276	Click here to go to Zygor's Leveling and Loremaster guides for assistance in completing these questlines.
3277	<Please Fly me to the Terrace of Gurthan.>
3278	Kill creatures until you get the buff:
3279	Pheremone Tracking
3280	Locate and kill Eye's of the Empress.
3281	Start looking for red mist on the groud first.
3282	Talk to Xaril and tell him:
3283	<I am ready to fly, Xaril.>
3284	Use the Venom Bomb to kill the small enemies.
3285	Use the Paralyzing Syrum then immidiately the Venom Bomb to kill the larger enemies.
3286	Click the Return to Klaxxi'vess button on your action bar
3287	Ask him to fly you to the Clutches of Shek'zeer.
3288	Use the Sonic Divebomb ability on your new hotbar to land.
3289	It's a good idea to land on Karanosh <Kunchong Matriarch>, she drops a daily quest item.
3290	Enter this building.
3291	Sample the Central Feeder
3292	Sample the Northeast Feeder
3293	Sample the East Feeder
3294	Sample the North Feeder
3295	You can find more Mushan around [56.9,23.4]
3296	In order to do the 'hidden' quest for this area, you must have at least one other person to help you.
3297	Around this location you should be able to see a green rune and a red rune.
3298	One person will need to /lay on the green rune, while the other must /kneel at the red rune. This will cause a level 90 Elite to spawn.
3299	This daily is active for everyone in the area, so you should find some help easily.
3300	Click the Ashes of Warlord Gurthan in your bags
3301	Use the Shado-Pan Dragon Gun on Dreadspinner Eggs
3302	Destroy 20 Dreadspinner Eggs
3303	These are located on trees. Look for Sapfly packs to find these easier.
3304	Disable 8 Pheromone Mines
3305	You can find more mines around [48.1,31.4]
3306	Use the Sonic Disruption Fork on Dread Kunchong.
3307	Free 8 Kunchong Hatchlings
3308	Kill 40 Shek'zeer Mantid.
3309	It's by far fastest to kill the tiny Shek'zeer Swarmborn by the dozen.
3310	She wanders around this area, so you may have to search for her.
3311	Click the Enormous Kunchong Mandibles in your bags
3312	Use the Sonic Emitter in your bags on Ik'thik Amberstingers.
3313	Make sure that they have the Infected buff before you attack them. Only wildlife with that buff will count for this quest.
3314	Enter the tunnel here.
3315	Leave the tunnel.
3316	Ask him to fly you to Zan'vess
3317	As you complete quests in this area:
3318	Destroy 15 Dreadspore Bulbs
3319	Click the Massive Kyparite Core in your bags
3320	All around this area
3321	Locate Kovok
3322	Use the abilities on your hotbar to complete your task.
3323	Kill 200 Mantid
3324	Use the Commendation of the Klaxxi you just purchased.
3325	Enter this tunnel
3326	Wake Xaril the Poisoned Mind
3327	Exit the tunnel here
3328	You can find more around [26.4,36.4]
3329	And here [26.2,30.8]
3330	Use the Venom Syrum to kill the small enemies.
3331	Use the Paralyzing Syrum then immidiately the Venom Syrum to kill the larger enemies.
3332	Speak to Xaril the Poisoned Mind
3333	Use your Tuning Fork on the Amber Rock
3334	Awaken Hisek the Swarmkeeper
3335	Deactivate Kypari Ik Resonating Crystal
3336	Report to Malik the Unscathed
3337	Click the Auto complete quest box that appears below your minimap:
3338	While you are completing this quest, you will need to assist your Mantid Swarm in defeating 25 Mantid Subjugates.
3339	You will have Paragons waiting in thie area to help you. If Akkolon is not in this location, you will have to wait to allow him to respawn.
3340	You will have Paragons waiting in thie area to help you. If Shox'tik is not in this location, you will have to wait to allow him to respawn.
3341	You will have Paragons waiting in thie area to help you. If the Manifestation of Terror is not in this location, you will have to wait to allow it to respawn.
3342	Follow Kil'ruk the Wind-Rever into the chamber
3343	Walk with Kil'ruk
3344	This is the end of this guide.
3345	Click here to return to the beginning of the dailies
3346	Clear 8 Unbudging Rocks
3347	Tell him you're there to pick up seeds.
3348	Get a Packet of Green Cabbage Seeds
3349	Till 2 patches of Soil.
3350	Use the EZ-Gro Green Cabbage Seeds in your bags on the Tilled Soil.
3351	Plant seeds in 2 patches of Tilled Soil.
3352	Use the Rusty Watering Can on the Parched EZ-Gro Green Cabbage
3353	Water 2 parched Ez-Gro Green Cabbage
3354	Use your Scallion Seeds on the Tilled Soil
3355	Plant Scallion Seeds
3356	Click here for information on Bursting Crops
3357	Click here for information on Parched Crops
3358	Click here for information on Infested Crops
3359	Click here for information on Wiggling Crops
3360	Click here for information on Alluring Crops
3361	Click here for information on Smothered Crops
3362	Click here for information on Wild Crops
3363	Click here for information on Runty Crops
3364	Click here for information on Tangled Crops
3365	Unless you got a Bursting Scallion immediately after planting your Scallions, you will have to wait a full day until you can pick your crops.
3366	Click here if you are ready to harvest your crops.
3367	Click here to start doing dailies.
3368	Harvest Ripe Scallions
3369	Press your Space Bar and jump.
3370	Click here to return to the information page.
3371	Click here when you are have tilled your crops.
3372	Use your Vintage Bug Sprayer on the Infested Scallions
3373	Ride the Scallion
3374	Spam the Flex ability on your new hotbar, when the plant tries to cast Vine Slam, interrupt it with your Gnaw ability.
3375	Build 50 stacks on Dominance.
3376	Run to [51.7,48.9]
3377	Use the Rusty Watering Can on the Parched Scallions
3378	Ride the Weed
3379	Spam the Pull ability on your new hotbar.
3380	Pull the Weed
3381	Proceeding to the Tiller's Dailies
3382	Proceeding to the Tiller's Prequests
3383	Start each day out by harvesting the crops from the previous day.
3384	He will only have 2 quests a day.
3385	He will only have 1 quest a day.
3386	Click here if Ella is not in town
3387	Click here if Haohan is not in town
3388	Click here if Tina is not in town
3389	Click here if Chee-Chee is not in town
3390	Click here if Fish Felreed is not in town
3391	Click here if Farmer Fung is not in town
3392	Click here if Sho is not in town
3393	Click here if Jogu has no available quests.
3394	Click here if Old Hillpaw is not in town.
3395	If this quest is unavailable click here.
3396	Tell her you are here on behalf of Gina Mudclaw.
3397	Innkeeper Lei Lan's Payment
3398	Tell him you are here on behalf of Gina Mudclaw.
3399	Lolo Lio's Payment
3400	Trader Jambeezi's Payment
3401	Spicemaster Jin Jao's Payment
3402	Tell her that you'd like to borrow one of Farmer Fung's kites.
3403	Ride a kite.
3404	Use your Water Buckest ability on the Dusty Spots below you.
3405	They are outlined by a yellow circle.
3406	Water 35 Dusty Spots
3407	Use your Juicycrunch Carrot Seed on the Tilled Soil
3408	Plant 1 Juicycrunch Carrot Seed
3409	Use your Witchberry Seeds on the Tilled Soil
3410	Plant Witchberry Seeds
3411	Use your Mogu Pumpkin Seeds on the Tilled Soil
3412	Plant Mogu Pumpkin Seeds
3413	Use your Jade Squash Seeds on the Tilled Soil
3414	Plant Jade Squash Seeds
3415	Use your White Turnip Seeds on the Tilled Soil
3416	Plant White Turnip Seeds
3417	Use your Pink Turnip Seeds on the Tilled Soil
3418	Plant Pink Turnip Seeds
3419	Use your Green Cabbage Seeds on the Tilled Soil
3420	Plant Green Cabbage Seeds
3421	Use your Striped Melon Seeds on the Tilled Soil
3422	Plant Striped Melon Seeds
3423	Use your Red Blossom Leek Seeds on the Tilled Soil
3424	Plant Red Blossom Leek Seeds
3425	You can also find this here: [41.6,42.8]
3426	or here: [37.5,37.3]
3427	Ask him, "What Weeds?"
3428	Get the Weed War buff.
3429	Use the new button available to you to clear a lot of weeds at once
3430	Pull 100 Weeds
3431	Most of these chickens are disguised animals. When you pick one up click the button that appears on your screen.
3432	You can deliver lost hens to the chicken coop here [30.4,52.5]
3433	Mook-mooks?
3434	Get the Pest Problems buff.
3435	Stomp 25 Black-Nose Marmot
3436	Kill the Kunzen-Hunter Chief.
3437	Burn 6 ropes
3438	Kick 4 Blazing Ember
3439	Throw 8 Kunzen Ritual Candles
3440	Use the Barrel of Fireworks in your bags.
3441	Stolen tools exploded
3442	Stolen weapons exploded
3443	Stolen beer exploded
3444	Stolen grain exploded
3445	Kill 12 Kunzen hozen
3446	Kill 8 Kunzen tribe members.
3447	Enter this warren.
3448	Leave the warren.
3449	This item could be in either warren or the patch of land seperating the two entrances.
3450	Tell him you've got all this fruit here.
3451	Ask him if he could grill your plainshawk leg.
3452	When you arrive at Sunsong Ranch you will get a buff. After 15 minutes your ranch will be expanded.
3453	You cannot buy your farm upgrade until the expansion is done.
3454	Click the "Jinyu Princess" Irrigation System in your bags.
3455	Use the Commendation of the Tillers you just purchased.
3456	Click the "Thunder King" Pest Repellers in your bags.
3457	Use your Juicycrunch Carrot Seeds on the Tilled Soil
3458	Plant 2 Juicycrunch Carrot Seeds
3459	Wait a day for the carrots to grow and then harvest them.
3460	Harvest 2 Ripe Juicycrunch Carrots
3461	Click here if this quest is not available yet
3462	Ride 5 Escaped Shagskin to [50.4,34.7]
3463	Plant 3 Green Cabbage Seeds
3464	Wait a day for the Green Cabbage to grow and then harvest them.
3465	Harvest 3 Green Cabbage
3466	You may have to kill the Guardian first, then collect the water
3467	Use the Empty Pitcher while standing under the waterfall.
3468	Thousand-Year Water
3469	Plant 3 Witchberry Seeds
3470	Wait a day for the Witchberries to grow and then harvest them.
3471	Harvest 3 Witchberries
3472	Investigate 8 Suspicious Footprints.
3473	When you click the eighth footprint a hozen will attack you.
3474	Enter this warren
3475	Leave this warren
3476	Plant 4 Striped Melon Seeds
3477	Wait a day for the Striped Melons to grow and then harvest them.
3478	Harvest 4 Striped Melons
3479	Use the Throw Melon button on your screen when he begins casting Charging Up. This will cause him to stop attacking and take increased damage for a few seconds.
3480	After some talking, the Offering Bowl should light up for you to click.
3481	Click the "Earth-Slasher" Master Plow in your bags.
3482	Ask him if he will join the council of the Tillers Union.
3483	This quest opens up the farm to you, granting you a place to rest and set your hearthstone, as well as opening up new quests known as work orders that allow you to gain reputation with other factions through farming.
3484	For this quest you must be Best Friends with one of the 10 Tiller NPCs. Please refer to the Reputations guides for assistance in gaining rep for an individual.
3485	Go to your Best Friend's home.
3486	Ask them: <Friend>, how'd you like to help us run the farm?
3487	The last thing to do with The Tillers each day is to plant as many crops as your farm can hold. Each crop harvest will award reputation so do this every day.
3488	Click here to go back to the beginning of the dailies section.
3489	Use the Silken Rope in your bags on Windward Hatchlings
3490	Get 6 Hatchlings and bring them to [65.8,31.2]
3491	Return 6 Windward Hatchlings to their nests.
3492	Kill 8 Slitherscale saurok.
3493	You will only accept one of the following quests.
3494	You will only turn in one of the following quests.
3495	Watch the scene and see your egg hatch.
3496	Egg Hatched.
3497	Proceeding to Order of the Cloud Serpent Dailies
3498	Moving to the Order of the Cloud Serpent prequests.
3499	Talk to Your Hatchling
3500	Your Hatchling is whichever color egg you chose in the prequests.
3501	NOTE: You will be able to accept Fragments of the Past at any level Archaeology, but won't be able to do the quest unless your skill in Archaeology is 525 or more.
3502	Tell her you are ready to start the Sky Race.
3503	Ride your Dragon!
3504	Follow this path and collect the checked flags hanging off of the Checkpoint balloons. As you fly, gain speed by flying through cloud rings
3505	Pass 10 Checkpoints.
3506	Pass underneath the Finish Line
3507	Challenge him to a duel!
3508	Defeat Qua-Ro Whitebrow
3509	Defeat Ace Longpaw
3510	Challnge him to a duel!
3511	Defeat Big Bao
3512	Challenge her to a duel!
3513	Defeat Suchi the Sweet
3514	Kill 8 Slitherscale saurok
3515	Use the meat scraps to make a Saltback meat
3516	Use the meat to feed your Hatchling
3517	Use the Bouncy Ball in your bags.
3518	Catch the Bouncy Ball whenever your Hatchling tosses it up, this will be every second throw.
3519	Catch the Ball 8 times.
3520	It is all around this area.
3521	Kill 8 Windward Tigers.
3522	Enter the cave here.
3523	Use the Sha Attunement Device next to this Disturbance
3524	Measure the Northeastern Sha Disturbance
3525	Measure the Northwestern Sha Disturbance
3526	Measure the Southern Sha Disturbance
3527	Kill Widowspawn
3528	Free 5 Sri-La Villagers
3529	Collect 100 Sri-La Stout
3530	Kill 13 Oona hozen
3531	Use your Silken Rope on Windward Hatchlings.
3532	Bring the Windward Hatchlings to the nest at [63.4,31.4].
3533	Return 6 Windward Hatchlings
3534	Use your First Aid skill to create 8 Windwool Bandages or Heavy Windwool Bandages.
3535	You can also ask other players to sell you some bandages.
3536	Use your Windwool Bandages on Injured Hatchlings
3537	Heavy Windwool Bandages work, too.
3538	Bandage 8 Injured Hatchlings
3539	Use your Fishing skill to fish in the water here
3540	You will have to fish from Pools if you have low Fishing Skill.
3541	Use your Cooking skill to create 5 Fish Cakes.
3542	You can ask other players to sell you some, if they happen to have leftovers.
3543	You will only have a couple of these quests.
3544	Open your world map, find dig sites in Pandaria, then go to them
3545	Use your Survey ability inside the dig site area
3546	A telescope will appear, follow the direction it points in and continue using your Survey ability to eventually find the artifacts
3547	Each dig site has 6 artifacts you can find.
3548	Click the Archaeology Fragments that spawn on the ground
3549	Use the Golden Honey in your bags
3550	Use the Commendation of the Order of the Cloud Serpent you just purchased.
3551	Ask Instructor Windbalde how your serpent is doing.
3552	Speak to Instructor Windblade
3553	The color of Cloud Serpent depends on your egg color choice when you unlocked the dailies for this faction.
3554	Ride your Cloud Serpent
3555	Fly your Cloud Serpent through the rings made from clouds.
3556	Fly through 6 Cloud Rings
3557	Click the Leave Vehicle button
3558	Follow Instructor Windblade through the course, her mounts flies faster than yours so fly through some of the cloud rings to maintain speed with your guide. If you move too slowly or get too far away from the guide, the course will restart.
3559	Finish the course
3560	Pass 10 Checkpoints
3561	Watch the cinematic
3562	Join the Order of the Cloud Serpent
3563	This the end of our daily guide.
3564	Click here to go back to the beginning
3565	The following quests will only be available the first time you are sent to a new area. They are random and Sage Lotusbloom will only have one at a time.
3566	If no quest is available, ask her how you can help the August Celestials today. Then click on whichever spirit needs you today.
3567	Niuzao the Black Ox
3568	Yu'lon the Jade Serpent
3569	Xuen the White Tiger
3570	Chi-Ji the Red Crane
3571	Let's fight!
3572	Defeat a Champion of Chi-Ji
3573	Duel 10 Students of Chi-Ji
3574	The Gifts look like feathers laying around on the ground.
3575	Find 3 Spirits of the Crane
3576	They look like stealthed birds roaming around the isle in set paths. Run into them.
3577	He is on the very top of this building.
3578	Defeat Fat Long-Fat
3579	Defeat Ellia Ravenmane
3580	Defeat Mindel Sunspeaker
3581	Defeat Minh Do-Tan
3582	Defeat Tukka-Tuk
3583	Defeat Dextrous Izissha
3584	Defeat Kuo-Na Quillpaw
3585	Defeat Julia Bates
3586	Defeat Huck Wheelbarrow
3587	Defeat Yan Quillpaw
3588	Defeat Thelonius
3589	Click here if he has no quests today.
3590	Use the Stack of Mantras in your bags on Yu'lon Adepts and Yu'lon Guardians
3591	Deliver 6 Ancient Mantras
3592	Kill 15 Sha Invaders
3593	Ride the War Serpent
3594	Fly around the Jade Temple Grounds and extinguish Void Flames.
3595	they look like black fire.
3596	If you run out of water you can refill it in the river [53.9,58.0]
3597	Douse 6 Void Flames
3598	Click the Leave Vehicle button.
3599	This quest may not be available.
3600	Challenge her.
3601	She has a lot of health but isn't too difficult to kill. She will toss Bitter Brew on the ground, so kite her out of it. She also has an AoE cone called The Steamer, you can avoid this by either moving out of it, or interrupting the channel.
3602	Defeat Brewmaster Chani
3603	Defeat The Streetfighter
3604	Challenge him.
3605	Defeat Kang Bramblestaff
3606	Kill Ken-Ken first as he is the weaker of the two. He will cast Ken-Ken Rampage causing him to whirlwind, when he does momentarily switch to Ashyo. Ashyo will summon Water Spouts and Healing Spheres. The Spheres are top priority and the Spouts are easily avoidable.
3607	Defeat Clever Ashyo
3608	Defeat Ken-Ken
3609	He will constantly toss Dynamite at you that will put a landmine on the ground if you walk over it. When he starts the fuse on his boom box, be out of the middle of the arena by the time it finishes.
3610	Defeat Master Boom Boom
3611	Click on the chairs around the room to increase your damage and cause The Wrestler to be stunned for 10 seconds. If you space these out enough, you could potentially kill him before he can hurt you. Periodically he will grapple and throw you, it does not do much damage but it prevents control of your character. Finally, he uses a Sling Sweat ability which puts a blue puddle on the ground that reduces your movement speed and does damage.
3612	Defeat The Wrestler
3613	Defeat Master Windfur.
3614	Enter the building and go to [69.0,43.7]
3615	Defeat the P.U.G. by first kill Healiss. He will attempt to run away and only has one healing spell that he may try to use, it is called Jungle Remedy, save Interrupts and Stuns for this ability. Next deal with Tankiss, he has more health but is a greater threat than Hackiss, his only ability is called Ground Pummel which will knock you can and deal some damage. Finally kill Hackiss, his only ability is Backstab. This will leave a small bleed on you.
3616	Defeat Hackiss
3617	Defeat Healiss
3618	Defeat Tankiss
3619	Click here if the quest isn't available.
3620	For this quest you must go up the path, avoiding all of the tornadoes that roam around. If you mount, or touch a tornado, you will have to go back to Lin and start the quest over.
3621	Enter the first temple here.
3622	Enter the second temple here.
3623	Click The Strong Brazier to light it.
3624	Light the Strong Brazier
3625	The following can all be done around Niuzao Temple:
3626	Use your Pot of Fire on Sra'thik War Wagons
3627	Cause 3 Sri'thik War Wagons to explode.
3628	Kill 25 Sri'thik attackers
3629	Throw 10 Loose Stones up to Niuzao Stonemasons
3630	Use your Yak's Milk Flask on Wounded Niuzao Sentinels.
3631	Normal healing spells will also heal the Sentinels if you have them.
3632	Heal 8 Niuzao Sentinels
3633	Gather 6 Food for Niuzao
3634	Kill 12 Sra'thik attackers
3635	After you kill a Sra'thik a weapon may drop.
3636	Use the Commendation of the August Celestials you just purchased.
3637	You have reached the end of this daily guide.
3638	Click here to return to the start of the dailies.
3639	Click here if Master Snowdrift is the questgiver today
3640	He can be found here: [49.5,70.6]
3641	Click here if Ban Bearheart is the questgiver today
3642	He can be found here [49.0,70.5]
3643	Click here if Ling of the Six Pools is the questgiver today
3644	She can be found here: [49.0,71.3]
3645	I'm here to challenge you!
3646	All right, let's do this!
3647	Defeat Lao-Chin the Iron Belly
3648	Tell her you're here to challenge her!
3649	Let's do this.
3650	Defeat Chao the Voice
3651	You will only be able to accept 4 of the following dailies.
3652	Talk to Chao the Voice or Protector Yi and ask one of them to come with you. They will help you in combat and allow you to turnin your quests outside of this questing hub.
3653	Yi patrols so you may need to search for him.
3654	Chao the Voice at [49.7,70.5]
3655	Protector Yi at [49.3,71.3]
3656	Talk to Chao the Voice, Protector Yi or Lao-Chin the Iron Belly and ask one of them to come with you. They will help you in combat and allow you to turn in your quests outside of this questing hub.
3657	Lao-Chin the Iron Belly at [49.3,71.9]
3658	Kill 16 Gai-Cho Yaungol, Earthtalkers, or Pitchthrowers.
3659	You can only carry 10 at a time, so you may need to make multiple trips.
3660	Use your Highly Explosive Yaungol Oil to kill as many enemies in this area as you can in 1 hit.
3661	Kill 100 Gai-Cho Battledfired Combatants
3662	If you run out of oil, you can find more here [63.4,43.3]
3663	He is elite but with your companion you should be able to defeat him.
3664	Return 8 Spirits to Their Remains
3665	Next to you will either be Chao the Voice or Protector Yi:
3666	Talk to Chao the Voice
3667	Talk to Protector Yi
3668	Next to you will either be Chao the Voice, Protector Yi, or Lao-Chin the Iron Belly:
3669	Talk to Lao-Chin the Iron Belly
3670	Click the Quest Discovered box that displays on the right side of the screen under your minimap
3671	Ask her to meet in the Challenger's Ring.
3672	I challenge you!
3673	Defeat Snow Blossom
3674	Ask her to meet you in the Challenger's Ring.
3675	Defeat Yalia Sagewhisper
3676	Talk to Snow Blossom or Fei Li and ask one of them to come with you. They will help you in combat and allow you to turn in your quests outside of this questing hub.
3677	Snow Blossom at [48.9,70.1]
3678	Fei Li at [48.8,70.2]
3679	Talk to Snow Blossom, Fei Li, or Yalia Sagewhisper and ask one of them to come with you. They will help you in combat and allow you to turn in your quests outside of this questing hub.
3680	Yalia Sagewhisper at [48.8,70.0]
3681	Free 6 Wild Cloudriders
3682	Free 20 Cloudrider Hatchlings.
3683	Kill 12 Shan'ze Serpentbinders or Beastmasters
3684	Kill 30 Darkwoods Sprites or Darkwoods Charmers.
3685	Next to you will either be Fei Li or Snow Blossom
3686	Next to you will either be Fei Li, Snow Blossom, or Yalia Sagewhisper
3687	Use the Bronze Claws on the Cloudrunners around this area.
3688	Free 8 Shan'ze Cloudriders
3689	Leave the tunnel here.
3690	Make sure you destroy his Spirit Gems, if you let them pile up they can overwhelm you.
3691	Ask him to meet you in the Challenger's Ring.
3692	Let's see if you can back that talk up.
3693	Defeat Temwu of the Red Smoke
3694	He walks around a bit.
3695	Let's go!
3696	Defeat Hawkmaster Nurong
3697	Talk to Hawkmaster Nurong or Taoshi and ask one of them to come with you. They will help you in combat and allow you to turn in your quests outside of this questing hub.
3698	Hawkmaster Nurong at [48.7,71.2]
3699	Taoshi at [48.7,71.0]
3700	Talk to Hawkmaster Nurong, Taoshi, or Tenwu of the Red Smoke and ask one of them to come with you. They will help you in combat and allow you to turn in your quests outside of this questing hub.
3701	Tenwu of the Red Smoke [48.9,71.2]
3702	If this quest is unavailable, click here.
3703	Small Southern Siege Weapon destroyed
3704	Large Southern Siege Weapon destroyed
3705	Southern Idol destroyed
3706	Central Idol destroyed
3707	Large Northern Siege Weapon destroyed
3708	Small Northern Siege Weapon destroyed
3709	Eastern Idol destroyed
3710	Use the Bag of Shado-Pan Gas Bombs at this location.
3711	Egg Chamber bombed
3712	Torture Cell bombed
3713	Slaughtering Pit bombed
3714	Amber Vault bombed
3715	Western Idol destroyed
3716	Tell them "No you're not!"
3717	Shado-Pan Trainee at Southern Feeding Pit freed.
3718	Tell him his son has been looking for him.
3719	Search for Sentinel Ku-Yao.
3720	Nutriment Cell bombed
3721	Make sure you have done the following around Sra'vess:
3722	Kill 15 Lesser Sra'thik mantid.
3723	Kill 4 Greater Sra'thik mantid.
3724	Next to you is either Hawkmaster Nurong or Taoshi
3725	Next to you is either Hawkmaster Nurong, Taoshi, or Tenwu.
3726	Talk to Taoshi
3727	Talk to Hawkmaster Nurong
3728	Talk to Tenwu of the Red Smoke
3729	Use the Commendation of the Shado-Pan you just purchased.
3730	Tell him "Let's go".
3731	Join the battle of Niuzao Temple
3732	Wait for the dialogue to end and fight off the invasion.
3733	When he casts Deep Breath step behind him.
3734	Defeat the Mogu Invasion
3735	Talk to Xuen
3736	Pass the First Test
3737	Pass the Second Test
3738	Pass the Third Test
3739	Tell him "Let's find out!"
3740	He walks around the Trainees in this area.
3741	Tell him: <Let's roll>.
3742	Hold down your right mouse button to help you maneuver through the course.
3743	Grab as many speed boosts as you can to make it go quicker.
3744	Complete the Serpent's Spine Roll Course.
3745	Defeat 20 Shado-Pan Trainees.
3746	Stay within the circle and avoid the posts with blades surrounding them and the running pandas.
3747	Live through the Survival Ring for 90 seconds
3748	Stay within the circle and avoid getting hit by the fireworks.
3749	Mount a turret.
3750	It's on the upper level of the tower here.
3751	Use the abilities on your hotbar to kill 80 Krik'thik Hivelings
3752	Use the Ignitable Oil Bucket first, followed by the Shado-Pan Torch.
3753	Traverse the following rooms by only stepping on the green tiles, other tiles will harm you.
3754	Milau has several deadly abilities. He will cast a Lightning Breath in any direction, do not be in front of him when he does this. He also starts casting Lightning Pools, constantly move until he is done. Periodically he will pull you to the middle of the room and cast Lightning Sweep. While he is casting get as much distance on him as you can.
3755	Deactivate the Final Spirit Wall
3756	You have reached the end of the guide for today.
3757	Click here to go back to the beginning of the dailies.
3758	This will be available upon entering Vale of Eternal Blossoms.
3759	Marshal Troteman found
3760	Hilda Hornswaggle found
3761	He is standing next to you.
3762	Kill a Horde Hero
3763	Destroy a Domination Point Demolisher
3764	Kill 12 Domination Point Shaman or Raider
3765	Get 12 Lion's Landing Lumber
3766	Click the portal to the Skyfire.
3767	If the portal isn't available, click here.
3768	Eliminate the Beachhead Demolishers
3769	click the Scout-o-Meter Mk II
3770	Eliminate the Horde Wolves
3771	click the Scout-o-Meter Mk III
3772	Destroy the Horde Bomb Stockpile
3773	Click the quest complete box on the top right of the screen.
3774	Use your Unstable Explosives.
3775	Northwestern Fuel Tank destroyed
3776	Use your Re-Configured Remote on Jungle Shredders.
3777	Click on mounds of dirt in the area.
3778	Plant 11 Energized Seeds
3779	Northeastern Fuel Tank destroyed
3780	Northern Fuel Tank destroyed
3781	Get 7 Shieldwall Soldier Dog Tags
3782	Enter the Ruins of Ogudei.
3783	Go down the steps here.
3784	Walk around this cave and pay attention to your Anamoly Reader above your actionbars. This quest is like a "Hot & Cold" game, where the closer you get, the greater anamoly reading you get. Once you have 100%, you will automatically disperse the anamoly.
3785	Disperse the anamoly
3786	14 Troubled Slave Spirits released
3787	Kill 10 Reliquary
3788	Go up the path here.
3789	Go down the path here.
3790	Go up the steps here.
3791	Bizmo's Brawlpub Located
3792	Go down the ramp here.
3793	Ask her if she is the agent following Connelly.
3794	Agent Townsley located
3795	Tell her you're ready for the first clue.
3796	Find Keith and talk to him here. [Deeprun Tram/2 64.8,22.7].
3797	Pink Marmot delivered
3798	Tell her you're ready for the second clue.
3799	[Deeprun Tram/2 49.7,33.6]
3800	Rusty Dagger delivered
3801	Tell her you're ready for the thrid clue.
3802	[Deeprun Tram/2 66.9,59.7]
3803	Go up the ramp here.
3804	Professor Kilt located
3805	Ask her to take you to Fire Camp Bataar.
3806	Find Connelly in Kun-Lai Summit
3807	Use your Grummle Disguise Kit.
3808	Pay attention for Nero the wolf. It will see through your costume.
3809	Garrosh distracted
3810	Large Tent bugged.
3811	Click the Weathered Jounral on the edge of the table.
3812	Small Tent bugged.
3813	Supplies bugged.
3814	Use the Portal to The Purple Parlor
3815	Make sure you use this portal rather than going to the dungeon yourself, this is a phased version of Dalaran, so you must use the portal to go through.
3816	Speak with Jaina Proudmoore.
3817	Click the portal to send you back to Lion's Landing.
3818	Ask her to take you Mogujia.
3819	Find Brann Bronzebeard
3820	Ask her to take you to Shrine of Seven Stars.
3821	Find Anduin
3822	Walk around the shrine clicking Sha-Touched Footmen.
3823	Ask her to fly you to Garrash'ar Advance.
3824	Find Connelly at the Grummle Bazaar
3825	Once you've collected all 3, click on them to create a Kor'Kron Disguise.
3826	Obtain a Kor'Kron Disguise.
3827	Click the auto complete quest box that pops up in the top right corner.
3828	Use your Kor'kron Disguise.
3829	Drink Memory Wine
3830	Witness Shan Kien's Past
3831	Ask her to take you to the Ruins of Korune.
3832	Find Sarannha Skyglaive at the Ruins of Korune
3833	Enter the Ruins of Korune
3834	Watch the dialog, then follow Dreadweaver Avartu, killing Kor'kron Tomb Guardians afterwards.
3835	Run through the hallway, avoiding the glowing white marks on the ground.
3836	Fight your way up the steps here.
3837	Recover the Divine Bell
3838	Ask him to snd you to Darnassus.
3839	There will be white orbs that appear.
3840	They will form a path as you follow them.
3841	Track the Thieves
3842	Click the portal to Dalaran.
3843	It should be next to you
3844	There will be a short cutscene. Afterwards, speak with Vereesa.
3845	Render 5 Sunreaver Dragonhawks incapable of flying.
3846	Slay 16 Sunreavers in the Sunreaver's Sanctuary
3847	Jump down the well here.
3848	Slay 12 Sunreavers in the Dalaran Sewers
3849	Ask her to take you to the Valley of Emperors.
3850	Find Anduin at the Tomb of Conquerors
3851	Talk with Anduin Wrynn
3852	Ask him why he is here.
3853	Enter the Tomb of Conquerors.
3854	Follow Anduin through the Tomb.
3855	Escort Anduin Wrynn.
3856	Anduin will cast a spell, releasing The Monkey King as well as The Jade Warlord.
3857	Release The Monkey King
3858	He should be standing at the center of the room next to Anduin.
3859	Tell him that you challange him.
3860	Challenger defeated
3861	Ring the Gong of Fellowship.
3862	Click the keg that appears after you defeat him.
3863	Listen to The Monkey King's story.
3864	Tell him that's the real monkey king.
3865	Find the Royal Finder
3866	Inside of the tunnel entrance.
3867	Ask her to take you to Emperor's Reach.
3868	Find Anduin at Emperor's Reach
3869	Wait until the Horde become afflicted by the Sha.
3870	Once the Juggernauts are defeated, Ishi will get possessed.
3871	Destroy the Divine Bell
3872	Use your Alliance Flare Gun
3873	Use the Commendation of Operation: Shieldwall you just purchased.
3874	You have reached the end of the guide.
3875	Click here to go back to the start.
3876	This guide will take you through the bonus quests for Operation: Shieldwall.
3877	These quests do not offer any reputation, but they do offer Valor Points and the Lesser Charms of Good Fortune.
3878	Click here to go purchase and accept the Sturdy Tiger Trap questline.
3879	Click here to go purchase and accept the Sturdy Crane Snare questline.
3880	Click here to go purchase and accept the Sturdy Crab Crate questline.
3881	Click the Sturdy Crane Snare in your bags.
3882	Click the Sturdy Tiger Trap in your bags.
3883	Click the Sturdy Crab Crate in your bags.
3884	Talk to the Captured Colossal Viseclaw
3885	The dailies you have completed will determine which enemies are available to you to fight.
3886	Click here to fight the Ancient Bloodcrown Crane.
3887	Click here to fight the Krasari Elder.
3888	Click here to fight the Colossal Viseclaw.
3889	Tell him you would like to fight the Bloodcrown Crane.
3890	During the fight, pay attention to the songs that it uses.
3891	Some can be interrupted while others simply need to be avoided.
3892	Tell him you would like to fight the Krasari Elder.
3893	During the fight, you will want to stay close to it at ALL TIMES.
3894	It will occassionally vanish, if you have a hunter simply put a flare out.
3895	Tell him you would like to fight the Colossal Viseclaw.
3896	During the fight, you will want to kite him around.
3897	He will have a damage reduction buff that decreases while he moves.
3898	If it reaches 0, the buff will reset.
3899	Click here to return to the beginning.
3900	No-No
3901	This enemy is aquatic.
3902	It is strong against undead and weak to flying attacks.
3903	I would suggest that you use flying pets against this enemy.
3904	No-No defeated
3905	Lucky Yi
3906	This enemy is a critter.
3907	Is is strong against Elementals and weak to beast attacks.
3908	I would suggest using beast pets against this enemy.
3909	Lucky Yi defeated
3910	Greyhoof
3911	This enemy is a beast.
3912	It is strong against humanoids and weak against mechanical pets.
3913	I would suggest using a team of mechanical pets against this enemy.
3914	Greyhoof defeated
3915	Skitterer Xi'a
3916	It is strong against undead and weak to flying pets.
3917	I would suggest using flying pets against this enemy.
3918	Xi'a defeated
3919	Gorespine
3920	Gorespine defeated
3921	Ti'un the Wanderer
3922	Ti'un the Wanderer defeated
3923	Kafi defeated
3924	Dos-Ryga
3925	Dos-Ryga defeated
3926	Ka'wi the Gorger
3927	Ka'wi the Gorger defeated
3928	Nitun
3929	Nitun defeated
3930	Moving to the Kirin Tor Offensive Dailies
3931	Moving to the Kirin Tor Offensive prequests.
3932	Moving to the First Scenario
3933	Moving to the Second Scenario
3934	Moving to the Third Scenario
3935	Moving to the Fourth Scenario
3936	Moving to the Fifth Scenario
3937	Tell her that you are ready to go.
3938	Speak with Vereesa
3939	Isle of Thunder discovered
3940	Tell her you are ready!
3941	Enter the The Assault on Shaol'mara Scenario
3942	Enter the Assault on Shaol'mara Scenario.
3943	Pakutesh will jump off of Anki once he is defeated.
3944	While fighting Arcanital Mara'kah, the mask puts down yellow protection fields.
3945	Position yourself so that you are IN the yellow field, while Mara'kah is OUT of the field.
3946	Tell her you're ready to tear down the wall!
3947	Enter the Tear Down This Wall! Scenario
3948	Click the Heavy Explosive
3949	Acquire the Heavy Explosives.
3950	Deliver the explosive to Vereesa
3951	Click the Heavy Explosives to detonate them.
3952	Follow Vereesa Windrunner along the path.
3953	Secure the lower city
3954	Click the Portal to the Isle of Thunder
3955	Tell her you're ready!
3956	Enter the To the Skies! Scenario
3957	Mount the Thunderwing.
3958	Approach the Mine Entrace.
3959	You will be attacked by Zandalari Beastcallers.
3960	Use the icon that appears at the bottom of your screen to jump to the enemy Thunderwing and kill them.
3961	Tell her lets go.
3962	Watch Taoshi get rid of the Cave-in.
3963	Make your way to the Mine Entrance.
3964	Unlock the Mine door.
3965	Assault the Lightning Vein Mines
3966	Click the Portal to the Isle of Thunder.
3967	Tell her let's break into the shipyard.
3968	Intercept the Zandalari Patrol.
3969	While on the Thunderwing use your ability on the toolbar to disable Sentry Totems.
3970	Follow Taoshi around the ship and sneak up behind the Veteran Wingriders she marks for you.
3971	When the enemies are inside your red circle, use the Knock Out ability that pops up on your screen.
3972	Make your way up the pathway here, avoiding patrols and sentry towers.
3973	There will be big blue circles on the ground representing what they can see.
3974	Click Deactivated Access Generator
3975	Click the portal to the Violet Rise.
3976	Talk to her to queue up for the solo scenario.
3977	Enter The Fall of Shan Bu Scenario
3978	Tell her that you're ready.
3979	Click PvE at the assignment screen.
3980	NOTE: This quest will give you the ability to disguise yourself as a saurok. This spell will happen automatically whenever you are outside of combat and inside Ihgaluk Crag. If you try to attack another saurok, the disguise will vanish and all saurok will be hostile to you until you are out of combat again.
3981	Click the quest complete box that appears below your minimap.
3982	While going through Ihgaluk Crag:
3983	Anytime you kill a saurok, click the Plant Mogu Weapon icon that appears at the center of your screen.
3984	Disperse 75 Filth
3985	He's in a magic bubble inside the cave here, you will need to approach him in order to see him.
3986	Speak with Magister Lyanis
3987	She's in a magic bubble, you will need to approach her in order to see her. If you have trouble finding her, look for the moving streaks of light.
3988	Speak with Magistrix Sanal
3989	It runs around in a large area, follow the path if you have trouble finding it.
3990	Recover Distressed Construct
3991	He's on top of the mountain on a cliffside.
3992	Recover Buried Construct
3993	Recover Malfunctioning Construct
3994	Recover Disabled Construct
3995	He's in a magic bubble, you will need to approach him in order to see him. If you have trouble finding him, look for the moving streaks of light.
3996	Speak with Magister Yalis
3997	Ride around the area, stepping on top of roaches.
3998	150 Ihgaluk Roachs crushed
3999	You can find additional roaches around [49.1,79.4].
4000	Click the Plant Mogu Weapon icon that appears at the center of your screen.
4001	Plant 9 Mogu Weapons on Skumblade corpses
4002	Follow the Coordinates on the Map here.
4003	The Pterrorwing will be flying and landing around these 6 different locations.
4004	Recover a Wild Thunder Ptrerrorwing Hatchling
4005	If you lure the enemies into the squad of soldiers here, they will do the killing for you.
4006	It patrols around this half of the Diremoor path. Some searching may be necessary.
4007	Tec'uat's Altar destroyed
4008	Tormented Skyscreamer freed
4009	Pa'chek's Altar destroyed
4010	Cha'lat's Altar destroyed
4011	You can wait for this one to respawn, or find another at [38.9,76.5]
4012	Run over Hatchling Skyscreamers to frighten them.
4013	12 Hatchling Skyscreamers frightened
4014	6 Zandalari Offerings destroyed
4015	More offerings can be found around [40.6,74.1]
4016	They will be all over the Court of Bones, usually close to walls.
4017	Rescue 6 Scouts
4018	You will need to just down in the water here.
4019	Shan'ze Thundercallers' ritual stopped
4020	Disrupt the Ancient Stone Conqueror ritual
4021	Use your Incantation of Gura here.
4022	The Thundercallers will cast Chain Lightning which places a circular spell under your character that you will need to move out of to avoid heavy damage.
4023	They sit as stone statues, you need to activate them first.
4024	Use your Blessed Torch on Mummified Remains.
4025	8 Mummified Remains burned
4026	Find Scout Captain Daelin at the Beast Pens
4027	Binding ritual disrupted
4028	Saur Fetish can be found around [50.7,43.2]
4029	Use the Saur Fetish on Raptors, Compys, Skyscreamers or Direhorns.
4030	5 Saur Fetish used
4031	You can find more raptors around [49.6,37.9]
4032	Use your Arcane Emancipator on Agent Reginald.
4033	Agent Reginald rescued
4034	Use your Arcane Emancipator on Agent Grisel.
4035	Agent Grisel rescued
4036	Agent Crowley rescued
4037	Destroy the Western Lightning Drill
4038	Destroy the Central Lightning Drill
4039	Destroy the Eastern Lightning Drill
4040	Click the Quest Complete box to turn in the quest:
4041	Use your Resonance Siphon Spirit-Bound Sentry corpses.
4042	5 Zandalari Spirits captured
4043	You can find more around [58.1,48.9]
4044	Click the door to The Swollen Vault.
4045	Enter the Swollen Vault.
4046	Click Workshop Orders
4047	Workshop Orders
4048	Congratulations, you are now Exalted with the Kirin Tor Offensive!
4049	Kill 8 Mortbreath crocolisk
4050	Pick up your raft
4051	Go underwater and enter the cave
4052	Nahassa will use an ability called Feverish Deathbite that will cause you to hallucinate many more crocolisks have spawned, they aren't really there so don't panic.
4053	Put Nahassa out of his misery
4054	Click the Complete Quest box that displays on the right side of the screen under your minimap
4055	Exit the cave
4056	Run over one of the piles of fish along the beach.
4057	Click the Confusing Treasure Map in your bags
4058	You can find these all along the beach
4059	Throw 6 Flailing Carp back into the water
4060	Rescue 8 Captives
4061	Save 7 Stoneplow Envoy
4062	Kill 10 Ik'thallik Mantid
4063	Try to free Kor from his bonds
4064	He will summon adds one at a time. They aren't too difficult to kill.
4065	Deliver beer to Zhu's Wardens
4066	Deliver beer to Crane Wing Priests
4067	Deliver beer to Tauren Settlers
4068	Deliver beer to Shado-Pan
4069	Kill 15 Ik'thallik Infestors or Warriors
4070	Use Ken-Ken's mask on Ik'thik Wing Commanders.
4071	Defeat 5 Manifestation of Fear that come out of Ik'thik Wing Commanders.
4072	The students you are looking for can be at one of four locations fighting one of the quest mobs below. Find the students and kill the follow monsters:
4073	Ik'thallik Tendon-Slicer at [9.5,54.0]
4074	Ik'thallik Fearmonger at [9.5,58.2]
4075	Ik'thallik Bloodrager at [8.9,54.2]
4076	Ik'thik Incubator at [8.9,51.0]
4077	Tell her "Let's go".
4078	Use your Unyielding Fist ability to defeat the Mantid Collossus.
4079	Use your Unyielding Fist ability when the new icon on your screens flashes orange
4080	Stand next to this anvil
4081	Redirecting to Apprentice Riding
4082	Redirecting to Journeyman Riding
4083	Redirecting to Expert Riding/Flight Master's License
4084	Redirecting to Flight License Flying
4085	Redirecting to Cold Weather Flying
4086	Redirecting to Artisan Riding
4087	Redirecting to Master Riding
4088	Redirecting to Pandaria Flying
4089	Redirecting to All Known
4090	Redirecting to Nothing Available
4091	You can pick which one of these mounts you would like to use for your character.
4092	You can use the level 20 mount you purchased, or pick which one of these new mounts you would like to use for your character.
4093	You can use the level 20 mount you purchased, or pick this new mount.
4094	You can use the level 60 mount you purchased, or pick which one of these new mounts you would like to use for your character.
4095	You can use the level 60 or 70 mount you purchased, or pick which one of these new mounts you would like to use for your character.
4096	Congratulations, you have all mount training available!
4097	No new mount training is available at this time.
4098	You have reached the end of the guide
4099	You will learn this when you pick up Blacksmithing
4100	This is a Random World Drop, from creatures level 6-21 and some dungeons.
4101	We recommend The Barrens or Ragefire Chasm for grinding.
4102	This is a Random World Drop, from creatures level 9-25 and some dungeons.
4103	We recommend Wailing Caverns for grinding.
4104	This is a Random World Drop, from creatures level 15-34 and some dungeons.
4105	We recommend Hillsbrad Foothills or Blackfathom Deeps for grinding.
4106	We recommend Darkshore or Gnomeregan for grinding.
4107	This is a Random World Drop, from creatures level 20-36 and some dungeons.
4108	We recommend Scarlet Halls or Gnomeregan for grinding.
4109	We recommend The Hinterlands or Gnomeregan for grinding.
4110	We recommend Hillsbrad Foothills or Gnomeregan for grinding.
4111	We recommend Northern Stranglethorn or Gnomeregan for grinding.
4112	This is a Random World Drop, from creatures level 25-40 and some dungeons.
4113	We recommend The Cape of Stranglethorn or Razorfen Kraul for grinding.
4114	This is a Random World Drop, from creatures level 25-42 and some dungeons.
4115	We recommend Desolace and Maraudon for grinding.
4116	We recommend Gnomeregan and Maraudon for grinding.
4117	This is a Random World Drop, from creatures level 25-46 and some dungeons.
4118	We recommend Uldaman and Maraudon for grinding.
4119	This is a Random World Drop, from creatures level 30-46 and some dungeons.
4120	We recommend Dustwallow Marsh or Razorfen Downs for grinding.
4121	We recommend Uldaman or Dire Maul for grinding.
4122	We recommend Maraudon or Dire Maul for grinding.
4123	This is a Random World Drop, from creatures level 30-50 and some dungeons.
4124	We recommend Uldaman or Stratholme for grinding.
4125	This is a Random World Drop, from creatures level 35-50 and some dungeons.
4126	We recommend Eastern Plaguelands or Stratholme for grinding.
4127	We recommend Tanaris or Dire Maul for grinding.
4128	We recommend Tanaris or Zul'Farrak for grinding.
4129	This is a Random World Drop, from creatures level 40-55 and some dungeons.
4130	We recommend Tanaris or Stratholme for grinding.
4131	We recommend Silithus or Zul'Farrak for grinding.
4132	This is a Random World Drop, from creatures level 45-60 and some dungeons.
4133	We recommend Blasted Lands or Sunken Temple for grinding.
4134	We recommend Burning Steppes or Sunken Temple for grinding.
4135	We recommend Blackrock Depths for grinding.
4136	We recommend Un'Goro Crater or Blackrock Depths for grinding.
4137	This is a Random World Drop, from creatures level 45-63 and some dungeons.
4138	We recommend Blasted Lands or Ruins of Ahn'Qiraj for grinding.
4139	This is a Random World Drop, from creatures level 50-63 and some dungeons.
4140	We recommend Blackrock Depths or Molten Core for grinding.
4141	This is a Random World Drop, from creatures level 40-63 and some dungeons.
4142	We recommend Silithus or Molten Core for grinding.
4143	This Plan drops from the Bosses of Molten Core.
4144	This is a Random Raid Drop from creatures level 59-63.
4145	This will drop in Blackwing Lair, Temple of Ahn'Qiraj or Molten Core.
4146	We recommend Blackrock Depths or Blackwing Lair for grinding.
4147	We recommend Blasted Lands or Blackwing Lair for grinding.
4148	We recommend Molten Core or Blackwing Lair for grinding.
4149	This is a Random World Drop, from creatures level 61-71 and some dungeons.
4150	We recommend The Shattered Halls or Sunwell Plateau for grinding.
4151	We recommend Sethekk Halls or Black Temple for grinding.
4152	We recommend Shadowmoon Valley or Hyjal Summit for grinding.
4153	We recommend Karazhan or Black Temple for grinding.
4154	We recommend Netherstorm or Sunwell Plateau for grinding.
4155	We recommend Shadowmoon Valley or Sunwell Plateau for grinding.
4156	We recommend Shadowmoon Valley or Arcatraz for grinding.
4157	We recommend The Black Morass or Karazhan for grinding.
4158	We recommend The Botanica or Magisters' Terrace for grinding.
4159	We recommend The Shattered Halls or Karazhan for grinding.
4160	We recommend the Black Temple or Karazhan for grinding.
4161	We recommend the Auchenai Crypts or The Botanica for grinding.
4162	We recommend the Mana Tombs or Hyjal Summit for grinding.
4163	This Plan drops from NPC's in the Sunwell Plateau.
4164	This Plan is dropped from NPC's in Serpentshrine Cavern.
4165	This Plan is dropped from NPC's in Black Temple.
4166	This Plan is dropped from NPC's in Hyjal Summit.
4167	This Plan is dropped from the Boss NPC's of Ulduar.
4168	This Plan is dropped from the Boss NPC's of Trial of the Crusader.
4169	These are random world drops but only in the Firelands area.
4170	These are random world drops in the Dragon Soul raid.
4171	These are random raid drops from Mogu'shan Vaults, Terrace of Endless Spring and Heart of Fear.
4172	These are MoP Raids.
4173	These Plans are dropped from NPCs in Hyjal Summit.
4174	This is only a Horde Only Quest and may be sold on the Neutral AH.
4175	This item is extremely rare, so you may have to loot these mobs for a while.
4176	You can also purchase this plan from Jannos Ironwill here: [Arathi Highlands 40.8,48.0]
4177	This is an Alliance only quest and may sell well on the Neutral AH.
4178	This is an Alliance Only Quest and may sell well on the Neutral AH.
4179	This can only be obtained during the Feast of Winter Veil Holiday Event. This is from December 15 - Janurary 2.
4180	Open your Smokywood Pastures Special Gift
4181	Open your Ticking Present
4182	These Plans are crafted by Gnomish Engineers. You will have to purchase this off the AH or ask to purchase in Trade Chat.
4183	You must be Honored with the Argent Dawn to purchase this Plan.
4184	You can also purchase this Plan from Argent Quartermaster Lightspark here: [Western Plaguelands 42.8,83.8]
4185	You must be Honored with Timbermaw Hold to purchase this Plan.
4186	He is a Rare Elite but doesn't path far, so you may not find him on your first visit.
4187	You need to be Friendly with the Thorium Brotherhood to purchase this Plan.
4188	You need to be Honored with the Thorium Brotherhood to purchase these Plans.
4189	You need to be Revered with the Thorium Brotherhood to purchase these Plans.
4190	You need to be Exalted with the Thorium Brotherhood to purchase these Plan.
4191	You must keep him alive during the boss fight to purchase from him.
4192	He is a rare spawn, you may have to reset the dungeon a few times before you will find him.
4193	To obtain this bag with a chance to drop this recipe, you will need to first use our Leveling Guide of Silithus.
4194	Do all the quests of Hermit Ortell until you can do the following quest. Once completed you can turn in Twilight Text's for the Clippings.
4195	Open the Decoded True Believer Clippings in your bags
4196	You must be Revered with Timbermaw Hold to purchase this Plan.
4197	You must have a Sulfuron Ingot in your inventory to pick up this quest.
4198	You can also purchase these Plans from Arras here [The Exodar 61.0,89.0]
4199	You must be Friendly with The Aldor to purchase this Plan.
4200	You must be Exalted with The Scryers to purchase this Plan.
4201	You must be Revered with The Scryers to purchase this Plan.
4202	You must be Honored with The Aldor to purchase this Plan.
4203	You must be Revered with The Aldor to purchase this Plan.
4204	You can find more Ogres here [40.8,31.4]
4205	You must be Friendly with Ashtongue Deathsworn to purchase these Plans.
4206	You must be Honored with Ashtongue Deathsworn to purchase these Plans.
4207	You must be Exalted with Cenarion Expedition to purchase this Plan.
4208	You must be Revered with Cenarion Expedition to purchase these Plans.
4209	You must be Exalted with Valiance Expedition to purchase this Plan.
4210	You can also purchase this from Logistics Officer Silverstone here [Borean Tundra 57.6,66.2]
4211	You must be Revered with The Ashen Verdict to purchase these Plans.
4212	You must be Honored with The Ashen Verdict to purchase these Plans.
4213	You can also buy these plans from Layna Karner in Darnassus at: [Darnassus 56.6,52.6]
4214	You must be Honored with The Klaxxi to purchase this Plan.
4215	You will learn this when you pick up Enchanting
4216	This is a Random World Drop, from creatures level 6-20 and some dungeons.
4217	We recommend Starter Area Humanoids or Ragefire Chasm for grinding.
4218	We recommend Ashenvale or Wailing Caverns for grinding.
4219	We recommend Azshara or Wailing Caverns for grinding.
4220	This is a Random World Drop, from creatures level 11-26 and some dungeons.
4221	This is a Random World Drop, from creatures level 15-30 and some dungeons.
4222	We recommend Wetlands or Blackfathom Deeps for grinding.
4223	We recommend Azshara or Blackfathom Deeps for grinding.
4224	This is a Random Drop from Ashenvale. Creatures level 19-25 have a chance of dropping this Formula.
4225	We recommend Maraudon or Uldaman for grinding.
4226	This is a Random World Drop, from creatures level 31-51 and some dungeons.
4227	We recommend Dire Maul and Razorfen Downs for grinding.
4228	This is a Random World Drop, from creatures level 28-50 and some dungeons.
4229	We recommend Strathoolme and Eastern Plaguelands for grinding.
4230	This is a Random drop from NPC's in Tanaris from creatures level 44-50.
4231	This is a Random World Drop, from creatures level 31-46 and some dungeons.
4232	We recommend Eastern Plaguelands or Uldaman for grinding.
4233	We recommend Blackrock Depths or Zul'Farrak for grinding.
4234	This is a Random World Drop, from creatures level 31-45 and some dungeons.
4235	We recommend Eastern Plaguelands or Dire Maul for grinding.
4236	This is a Random World Drop, from creatures level 33-55 and some dungeons.
4237	This is a Random World Drop, from creatures level 41-56 and some dungeons.
4238	This is a Random World Drop, from creatures level 46-60 and some dungeons.
4239	We recommend Silithus or Sunken Temple for grinding.
4240	We recommend Felwood or Blackrock Depths for grinding.
4241	We recommend Azshara or Sunken Temple for grinding.
4242	We recommend Eastern Plaguelands or Molten Core for grinding.
4243	This is a Random World Drop, from creatures level 60-72 and some dungeons.
4244	We recommend Terokkar Forest or Sunwell Plateau for grinding.
4245	This is a Random World Drop, from creatures level 60-72 in some dungeons and raids.
4246	We recommend The Arcatraz and Sunwell Plateau for grinding.
4247	We recommend Shattered Halls for grinding.
4248	We recommend Shattered Halls or karazhan for grinding.
4249	We recommend Serpentshrine Cavern or Black Temple for grinding.
4250	We recommend Shattered Halls or Black Temple for grinding.
4251	We recommend The Mechanar or Black Temple for grinding.
4252	We recommend Old Hillsbrad Foothils and Black Temple for grinding.
4253	We recommend Blade's Edge Mountains or Shadow Labyrinth for grinding.
4254	This is a Random World Drop, from creatures level 80-90 in some dungeons and raids.
4255	We recommend Uldum and Twilight Highlands for grinding.
4256	We recommend Mount Hyjal and Twilight Highlands for grinding.
4257	This is a drop from Blackhand Elite in Upper Blackrock Spire
4258	This is a Boss drop from the Raid Temple of Ahn'Qiraj.
4259	This is a Boss drop from the Raid Molten Core.
4260	This is an Alliance only Formula and may sell well on the Neutral AH.
4261	You must be Honored with Shattered Sun Offensive.
4262	He walks around this area, some searching may be required.
4263	You must be Honored with Argent Crusade to purchase this Formula.
4264	You can also get this from Bonechewers in Terokkar here: [Terokkar Forest 67.6,53.6]
4265	You can also purchase this from Quartermaster Miranda Breechlock here: [Eastern Plaguelands 75.8,54.0]
4266	You must be Exalted with The Violet Eye to purchase this Formula.
4267	You must be Exalted with Keepers of Time to purchase this Formula.
4268	You must be Honored with Keepers of Time to purchase this Formula.
4269	He walks along this road, some searching may be required.
4270	You must be Friendly with Timbermaw Hold to purchase this Formula.
4271	You must be Honored with Timbermaw Hold to purchase this Formula.
4272	You can also purchase this Formula from Madame Ruby here: [Shattrath City 63.6,70.0]
4273	You must be Honored with The Consortium to purchase this Formula.
4274	You can also purchase this from Paulsta'ats here: [Nagrand 30.6,57.0]
4275	You must be Exalted with Cenarion Expedition to purchase this Forumla.
4276	You must be Revered with Cenarion Expedition to purchase this Formula.
4277	You must be Exalted with Honor Hold to purchase this Formula.
4278	You must be Friendly with Honor Hold to purchase this Formula.
4279	You must be Revered with Honor Hold to purchase this Formula.
4280	You must be Honored with Lower City to purchase this Formula.
4281	You must be Exalted with Lower City to purchase this Formula.
4282	You must be Honored with The Sha'tar to purchase this Formula.
4283	You must be Revered with The August Celestials to purchase this Formula.
4284	You must be Revered with Shado-Pan to purchase this Formula.
4285	This is a Horde only Formula.
4286	You may be able to purchase this from the Neutral AH.
4287	This Recipe is learned by learning the Cooking Skill.
4288	This is a Random World Drop, from creatures level 9-15 in some dungeons and raids.
4289	We recommend Westfall and The Deadmines for grinding.
4290	This is a Random World Drop, from creatures level 11-19 in Loch Modan.
4291	This is a Random World Drop, from creatures level 10-35 in Northern and Southern Barrens.
4292	This is a Random World Drop, from creatures level 68-82 in some dungeons and raids.
4293	We recommend Icecrown Citadel or Ulduar for grinding.
4294	This can only be obtained during the Day of the Dead Holiday Event. This is from October 1 - October 2
4295	This can only be obtained during the Pilgrim's Bounty Holiday Event. This is from November 24 - November 30.
4296	These are only available to Alliance and may sell well on the Neutral AH.
4297	This is only available to Alliance and may sell well on the Neutral AH.
4298	You can also obtain this through items by fishing.
4299	This is a reward from doing Fishing Dailies in Shattrath
4300	Open the Barrel in your bags
4301	This is a reward from doing Cooking and Fishing Dailies in Shattrath
4302	Open the Crate, Barrel or Spice Bag
4303	Open the Crate or the Barrel
4304	Open the Crate in your bags
4305	This Recipe is acquired by doing the quest Northern Cooking
4306	This Recipe is acquired by completing the quest Fletcher's Lost and Found.
4307	This Recipe is learned by completing the quest Clamlette Surprise.
4308	This quest is only available to Alliance and may sell well on the Neutral AH.
4309	This is a reward from doing the quest Seasoned Wolf Kabobs.
4310	This is a reward from doing the quest Dusky Crap Cakes.
4311	This is a reward from doing the quest Thelsamar Blood Sausages.
4312	This is a reward from doing the quest The Great Moongraze Hunt
4313	This is only a Horde Recipe and may sell on the Neutral AH.
4314	This is Available only to Horde.
4315	You may be able to find this on the Neutral AH.
4316	You can also purchase this from Kireena here: [Desolace 51.0,53.4]
4317	This is a reward from a quest available only to Horde.
4318	This Recipe is learned by learning the Engineering Skill.
4319	Must have Gnomish Engineering to train this.
4320	Must have Goblin Engineering to train this.
4321	You must have Gnomish Engineering to train this.
4322	You must be have Goblin Engineering to train this.
4323	You must be have Gnomish Engineering to train this.
4324	Only Rogues, Monks and Druids can learn this Schematic.
4325	Only Priests, Mages and Warlocks can learn this Schematic.
4326	Only Warriors, Paladins and Death Knights can learn this Schematic.
4327	Only Monks and Druids can learn this Schematic.
4328	Only Hunters and Shamans can learn this Schematic.
4329	This Schematic is learned by choosing Goblin Engineering.
4330	This Schematic is learned by choosing Gnomish Engineering.
4331	You must be a Goblin Engineer to train this Schematic.
4332	You must be a Gnomish Engineer to train this Schematic.
4333	This Schematic is learned by creating other plans in the similar level range.
4334	Only Paladins can learn this Schematic.
4335	Only Priests can learn this Schematic.
4336	Only Shamans can learn this Schematic.
4337	Only Warriors, Paladins and Death Knigths can learn this Schematic.
4338	You must have Gnomish Engineering to learn this Schematic
4339	You must have Goblin Engineering to learn this Schematic
4340	You must create this bundle of fireworks to collect the Fireworks below.
4341	This is a Random World Drop, from creatures level 20-40 and in some dungeons.
4342	We recommend Gnomeregan for grinding.
4343	This is a Random World Drop, from creatures level 20-45 and in some dungeons.
4344	This is a Random World Drop, from creatures level 16-30 and in some dungeons.
4345	We recommend Gnomeregan or Blackfathom Deeps for grinding.
4346	This is a Random World Drop, from creatures level 9-25 and in some dungeons.
4347	We recommend Gnomeregan or Ragefire Chasm for grinding.
4348	This is a Random World Drop, from creatures level 9-26 and in some dungeons.
4349	We recommend Gnomeregan or Northern Barrens for grinding.
4350	This is a Random World Drop, from creatures level 6-20 and in some dungeons.
4351	We recommend Gnomeregan or Elwynn Forest for grinding.
4352	This is a Random World Drop, from creatures level 25-40 and in some dungeons.
4353	We recommend Southern Barrens or Maraudon for grinding.
4354	This is a Random World Drop, from creatures level 30-45 and in some dungeons.
4355	We recommend Gnomeregan or Uldaman for grinding.
4356	We recommend Gnomeregan or Maraudon for grinding.
4357	This is a Random World Drop, from creatures level 28-52 and in some dungeons.
4358	We recommend Dire Maul or Eastern Plaguelands for grinding.
4359	We recommend Razorfen Downs or Dire Maul for grinding.
4360	This is a Random World Drop, from creatures level 35-52 and in some dungeons.
4361	We recommend Fellwood or Dire Maul for grinding.
4362	We recommend Blackwing Lair or Dire Maul for grinding.
4363	This is a Random World Drop, from creatures level 50-63 in some dungeons and raids.
4364	This is a Random World Drop, from creatures level 52-72 in some dungeons and raids.
4365	We recommend Hyjal Summit or Black Temple for grinding.
4366	We recommend Karazhan or Shadow Labyrinth for grinding.
4367	We recommend Karazhan or The Eye for grinding.
4368	We recommend Blade's Edge Mountains or The Arcatraz for grinding.
4369	This Schematic is a Boss drop from the Raid Sunwell Plateau.
4370	These Schematics are Boss drops from the Raid Sunwell Plateau.
4371	Only Druids can learn this Schematic.
4372	Only Druids and Rogues can learn this Schematic.
4373	These are Boss drops from the Raid Molten Core.
4374	This Schematic is dropped from the Mechanical NPC's in Northrend and Northrend Dungeons.
4375	We recommend Ulduar and Halls of Lightning for Grinding.
4376	This drops from the Bosses in Gnomeregan
4377	This has a very low drop rate.
4378	You can also purchase this from Gearcutter Cogspinner here: [Ironforge 68.2,44.0]
4379	This is only available to purchase from an Alliance Vendor and may sell well on the Neutral AH.
4380	You can also purchase this from Darian Singh here: [Stormwind City 42.6,76.8]
4381	You can also purchase this from Kaye Toogie here: [Dalaran 34.0,35.6]
4382	You can also purchase this from Yuka Screwspigot here: [Blackrock Depths 37.2,79.6]
4383	Open the Large Rocket Recipes
4384	Open your Small Rocket Recipes
4385	This Schematic is obtained by doing the quest A Yeti of Your Own.
4386	You can also purchase this from Fradd Swiftgear here: [Wetlands 36.8,26.0]
4387	You can also purchase this from Buckslappy here: [Badlands 91.0,38.4]
4388	You may have to do 2 quest's before you can purchase this Schematic.
4389	You have to get the Gordok Tribute in Dire Maul by not killing any of the bosses except for the final boss.
4390	You must be Friendly with Cenarion Expedition to purchase this Schematic.
4391	You must be Revered with the Consortium to purchase this Schematic.
4392	You can also purchase this from Ruppo Zipcoil here: [The HInterlands 34.2,37.8]
4393	This is an Alliance only Schematic and may sell well on the Neutral AH.
4394	You must be Exalted with Valiance Expedition to purchase this Schematic.
4395	This Schematic is learned from a Horde only faction.
4396	You may be able to purchase this on the Neutral AH.
4397	This Recipe is learned by learning the Jewelcrafting Skill.
4398	Use Secrets of the Stone to create Facets of Research. The Facets will teach you these different Designs.
4399	Learning each Design is random.
4400	Use the Facets of Research in your bags
4401	This is a Random World Drop, from creatures level 32-51 and in some dungeons.
4402	We recommend Dire Maul or Zul'Farrak for grinding.
4403	This is a Random World Drop, from creatures level 38-60 and in some dungeons.
4404	We recommend Winterspring or Blackrock Depths for grinding.
4405	This is a Random World Drop, from creatures level 40-55 and in some dungeons.
4406	We recommend Swamp of Sorrows or Razorfen Downs for grinding.
4407	We recommend Stratholme or Razorfen Downs for grinding.
4408	This is a Random World Drop, from creatures level 60-72 and in some dungeons.
4409	We recommend Black Temple or Netherstorm for grinding.
4410	We recommend Black Temple or Sethekk Halls for grinding.
4411	This is a Random World Drop, from creatures level 45-63 and in some dungeons.
4412	We recommend Swamp of Sorrows or Molten Core for grinding.
4413	This is a Random World Drop, from creatures level 30-46 and in some dungeons.
4414	We recommend Scarlet Monastery or Uldaman for grinding.
4415	We recommend Dire Maul or Maraudon for grinding.
4416	We recommend Magisters' Terrace or The Shattered Halls for grinding.
4417	We recommend Old Hillsbrad Foothils or Shadow Labyrinth for grinding.
4418	We recommend Serpentshring Cavern or Netherstorm for grinding.
4419	We recommend Auchenai Crypts or Shadowmoon Valley for grinding.
4420	We recommend Karazhan or Blade's Edge Mountains for grinding.
4421	We recommend Black Temple or Mana-Tombs for grinding.
4422	We recommend Scarlet Monastery for grinding.
4423	We recommend Magisters' Terrace or Nagrand for grinding.
4424	We recommend Sunwell Plateau or Black Temple for grinding.
4425	We recommend Black Temple or Shadowmoon Valley for grinding.
4426	We recommend The Mechanar or Shadowmoon Valley for grinding.
4427	We recommend Black Temple or Terokkar Forest for grinding.
4428	We recommend Old Hillsbrad Foothills or The Arcatraz for grinding.
4429	We recommend Auchenai Crypts or Hyjal Summit for grinding.
4430	We recommend The Shattered Halls or Black Temple for grinding.
4431	We recommend The Eye or Sethekk Halls for grinding.
4432	We recommend Shadowmoon Valley for grinding.
4433	We recommend The Slave Pens or Black Temple for grinding.
4434	We recommend The Arcatraz or Karazhan for grinding.
4435	We recommend Nagrand or The Botanica for grinding.
4436	We recommend Old Hillsbrad Foothills or Magisters' Terrace for grinding.
4437	We recommend The Shattered Halls or The Botanica for grinding.
4438	We recommend Mana-Tombs ro Sperpentshrine Cavern for grinding.
4439	We recommend The Botanica or The Eye for grinding.
4440	We recommend The Shattered Halls or Archenai Crypts for grinding.
4441	We recommend Shadowmoon Valley or Blade's Edge Mountains for grinding.
4442	We recommend Terokkar Forest or Karazhan for grinding.
4443	This is a Random World Drop, from creatures level 70-82 and in some dungeons.
4444	We recommend Naxxramas or Icecrown Citadel for grinding.
4445	This is a Random World Drop, from creatures level 80-87 and in some dungeons.
4446	We recommend Mount Hyjal or Twilight Highlands for grinding
4447	We recommend Firelands or any Raid Boss in Cataclysm for grinding
4448	We recommend Pit of Saron or Ulduar for grinding.
4449	We recommend Halls of Origination or Twilight Highlands for grinding.
4450	We recommend Uldum or Deepholm for grinding.
4451	We recommend Twighligh Highlands or Deepholm for grinding.
4452	We recommend Mount Hyjal or Deepholm for grinding.
4453	We recommend Mount Hyjal or Twilight Highlands for grinding.
4454	We recommend Twilight Highlands or Deepholm for grinding.
4455	We recommend Uldum or Abyssal Depths for grinding.
4456	We recommend Mount Hyjal or Uldum for grinding.
4457	We recommend Abyssal Depths or Twilight Highlands for grinding.
4458	We recommend Abyssal Depths or Deepholm for grinding.
4459	We recommend Abyssal Depths or Uldum for grinding.
4460	We recommend Uldum The Vortex Pinnacle for grinding
4461	We recommend Throne of the Tides or Mount Hyjal for grinding
4462	We recommend Abyssal Depths or Uldum for grinding
4463	This is a Random World Drop, from creatures level 84-92 and in some dungeons.
4464	We recommend Mogu'shan Vaults or Heart of Fear for grinding.
4465	We recommend Mogu'shan Vaults or Krasrang Wilds for grinding.
4466	We recommend Mogu'shan Vaults or Dread Wastes for grinding.
4467	We recommend Mogu'shan Vaults or Shado-Pan Monastery for grinding.
4468	This Design is a dropped off the mobs in Blade's Edge Mountains.
4469	This is a drop from the mobs in Blade's Edge Mountains.
4470	This is a boss drop from the Raid: Sunwell Plateau.
4471	He walks along this path. Some searching may be required.
4472	You must be Revered with Shattered Sun Offensive to purchase this Design.
4473	You must be Revered with The Consortium to purchase this Design.
4474	You must be Revered with the Keepers of Time to purchase this Design.
4475	You must be Honored with Keepers of time to purchase this Design.
4476	You must be Honored with The Consortium to purchase this Design.
4477	You must be Revered with Keepers of Time to purchase this Design.
4478	You must be Friendly with the The Scryers to purchase this Design.
4479	You can also purchase this from Karaaz here: [Netherstorm 43.6,34.4]
4480	You must be Friendly with The Consortium to purchase this Design.
4481	You must be Revered with The Sha'tar to purchase this Design.
4482	You must be Revered with Lower City to purchase this Design.
4483	You must be Revered with The Scryers to purchase this Design.
4484	You must be Friendly with The Sha'tar to purchase this Design.
4485	You must be Exalted with The Consortium to purchase this Design.
4486	You must be Revered with Honor Hold to purchase this Design.
4487	You must be Revered with Cenarion Expedition to purchase this Design.
4488	You must be Revered with The Sha'tar to purchae this Design.
4489	You must be Friendly with the Shattered Sun Offensive.
4490	You must be Revered with the Shattered Sun Offensive.
4491	You must be Exalted with the Shattered Sun Offensive.
4492	You must be Honored with the Shattered Sun Offensive.
4493	You must be Friendly with The Oracles to purchase this Design.
4494	You must be Honored with The Violet Eye to purchase this Design.
4495	You must be Exalted with Cenarion Expedition to purchase this Design.
4496	You can find Mammoths in Storm Peaks, Sholazar and Zul'Drak.
4497	You must be Revered with The Oracles to purchase this Design.
4498	YOu must be Exalted with Knights of the Ebon Blade to purchase this Design.
4499	You must be Exalted with Kirin Tor to purchase this Design.
4500	You must be Exalted with Order of the Cloud Serpent to purchase this Design.
4501	You must be Honored with Order of the Cloud Serpent to purchase this Design.
4502	You must be Revered with Order of the Cloud Serpent to purchase this Design.
4503	This Recipe is learned by learning the Leatherworking Skill.
4504	Reaching Leatherworking 500 teaches you this rank2 of this Pattern.
4505	You must have trained rank 1 of this Pattern from the trainer first.
4506	Reaching Leatherworking 575 teaches you this rank2 of this Pattern.
4507	We recommend The Deadmines or Shadowfang Keep for grinding.
4508	We recommend The Deadmines or Ragefire Chasm for grinding.
4509	We recommend Ragefire Chasm or The Deadmines for grinding.
4510	We recommend Darkshore or Ragefire Chasm for grinding.
4511	This is a Random World Drop, from creatures level 10-25 and in some dungeons.
4512	We recommend Shadowfang Keep or Wailing Caverns for grinding.
4513	We recommend Ashenvale or Northern Barrens for grinding.
4514	We recommend Blackfathom Deeps or Duskwood for grinding.
4515	This is a Random World Drop, from creatures level 20-36 and in some dungeons.
4516	We recommend Wetlands or Gnomeregan for grinding.
4517	We recommend Blackfathom Deeps or Gnomeregan for grinding.
4518	We recommend Badlands or Southern Barrens for grinding.
4519	We recommend Scarlet Monastery or Dire Maul for grinding.
4520	We recommend Maraudon or Razorfen Kraul for grinding.
4521	We recommend Dustwallow Marsh or Razorfen Kraul for grinding.
4522	This is a Random World Drop, from creatures level 25-45 and in some dungeons.
4523	We recommend Uldaman or Hillsbrad Foothills for grinding.
4524	This is a Random World Drop, from creatures level 31-46 and in some dungeons.
4525	We recommend Uldaman or Feralas for grinding.
4526	We recommend Uldaman or Maraudon for grinding.
4527	We recommend Feralas or Eastern Plaguelands for grinding.
4528	This is a Random World Drop, from creatures level 35-50 and in some dungeons.
4529	We recommend Uldaman or Tanaris for grinding.
4530	This is a Random World Drop, from creatures level 35-55 and in some dungeons.
4531	We recommend Dire Maul or Stratholme for grinding.
4532	This is a Random World Drop, from creatures level 45-60 and in some dungeons.
4533	We recommend Sunken Temple or Stratholme for grinding.
4534	We recommend Molten Core or Blasted Lands for grinding.
4535	We recommend Blackrock Depths or Lower Blackrock Spire for grinding.
4536	We recommend Blade's Edge Mountains or The Black Temple for grinding.
4537	We recommend The Black Temple for Grinding Spire for grinding.
4538	We recommend The Black Temple or Sunwell Plateau for grinding.
4539	We recommend Karazhan or The Underbog for grinding.
4540	We recommend Black Temple or The Black Morass for grinding.
4541	We recommend Botanica or Shadowmoon Valley for grinding.
4542	We recommend The Shattered Halls or Old Hillsbrad Foothills for grinding.
4543	We recommend Hyjal Summit and The Mechanar for grinding.
4544	We recommend Netherstorm or Black Temple for grinding.
4545	We recommend Karazhan or Old Hillsbrad Foothills for grinding.
4546	This is a Random Drop from the Mobs in Tanaris.
4547	You must be Friendly with Timbermaw Hold to purchase this Pattern.
4548	This Pattern is dropped from the Grunts in Lower Blackrock Spire.
4549	This Pattern is no longer in game.
4550	It used to be contained in Knot Thimblejack's Cache in Dire Maul.
4551	You must be Friendly with Cenarion Circle to purchase this Pattern.
4552	You must be Honored with Cenarion Circle to purchase this Pattern.
4553	You must be Revered with Cenarion Circle to purchase this Pattern.
4554	This Pattern may no longer be in game.
4555	You can also purchase this Plan from Quartermaster Miranda Breechlock here: [Eastern Plaguelands 75.8,54.0]
4556	This Pattern is a reward for completing the quest The Journey Has Just Begun.
4557	You must be Revered with The Scryers to purchase this Pattern.
4558	You must be Revered with The Aldor to purchase this Pattern.
4559	You must be Honored with Cenarion Expedition to purchase this Pattern.
4560	You must be Honored with Honor Hold to purchase this Pattern.
4561	You must be Friendly with The Consortium to purchase this Pattern.
4562	You must be Friendly with Kurenai to purchase this Pattern.
4563	You must be Honored with Kurenai to Purchase this Pattern.
4564	You must be Honored with Kurenai to purchase this Pattern.
4565	You must be Honored with The Aldor to purchase this Pattern.
4566	You must be Exalted with The Aldor to purchase this Pattern.
4567	You must be Honored with The Scryers to purchase this Pattern.
4568	You must be Honored with The Consortium to purchase this Pattern.
4569	You must be Revered with The Consortium to purchase this Pattern.
4570	You must be Friendly with Honor Hold to purchase this Pattern.
4571	You must be Revered with Kurenai to purchase this Pattern.
4572	He walks along this path, some searching may be required.
4573	You must be Friendly with Cenarion Expedition to purchase this Pattern.
4574	You must be Exalted with The Violet Eye to purchase this Pattern.
4575	You must be Honored with The Sha'tar to purchae this Pattern.
4576	You must be Exalted with Cenarion Expedition to purchase this Pattern.
4577	You must be Exalted with Honor Hold to purchase this Pattern.
4578	You must be Revered with The Violet Eye to purchase this Pattern.
4579	You must be Honored with Keepers of Time to purchase this Pattern.
4580	You must be Friendly with Ashtongue Deathsworn to purchase this Pattern.
4581	You must be Honored with Ashtongue Deathsworn to purchase this Pattern.
4582	You must be Revered with The Kalu'ak to purcahse this Pattern.
4583	You must be Revered with The Ashen Verdict to purchase this Pattern.
4584	You must be Honored with The Ashen Verdict to purchase this Pattern.
4585	You must be Honored with the Golden Lotus to purchase this Pattern.
4586	This is only available by doing an Alliance Quest.
4587	This is a random Dungeon and Raid drop from Pandaria.
4588	We recommend Heart of Fear and Mogu'shan Vaults for farming.
4589	This is a boss drop from the Raid Ulduar.
4590	This is a boss drop from the Raid Trial of the Crusader.
4591	This is a random drop in the Raid: Firelands.
4592	This is a random drop in the Raid: Dragon Soul.
4593	This is a boss drop from the Raid Hyjal Summit.
4594	This is a boss drop from the Raid Black Temple.
4595	This is a boss drop from the Raid Serpentshrine Cavern.
4596	This is a boss drop from the Raid Sunwell Plateau.
4597	This is a Random Drop from the Mobs in the dungeon Sunken Temple.
4598	This is only available to purchase for Horde.
4599	This is only available from a Horde vendor.
4600	You may be able to purchase this from the neutral AH.
4601	This Pattern is only available to the Horde.
4602	This is a Horde only Quest and may be sold on the Neutral AH.
4603	This Recipe is learned by learning the Tailoring Skill.
4604	Reaching Tailoring 550 teaches you this rank2 of this Pattern.
4605	Reaching Tailoring 500 teaches you this rank2 of this Pattern.
4606	This is a Random World Drop, from creatures level 5-15 and in some dungeons.
4607	We recommend Dun Morogh or The Wandering Isle for grinding.
4608	This is a Random World Drop, from creatures level 9-20 and in some dungeons.
4609	We recommend Wailing Caverns or Ragefire Chasm for grinding.
4610	This is a Random World Drop, from creatures level 9-24 and in some dungeons.
4611	We recommend Bloodmyst Isle or Wailing Caverns for grinding.
4612	We recommend Shadowfang Keep for grinding.
4613	This is a Random World Drop, from creatures level 15-30 and in some dungeons.
4614	We recommend Wetlands or Stonetalon Mountains for grinding.
4615	We recommend Blackfathom Deeps for grinding.
4616	We recommend Blackfathom Deeps or Wailing Caverns for grinding.
4617	We recommend Blackfathom Deeps or Hillsbrad Foothills for grinding.
4618	We recommend Gnomeregan or Scarlet Halls for grinding.
4619	This is a Random World Drop, from creatures level 20-35 and in some dungeons.
4620	We recommend Maraudon for grinding.
4621	We recommend Desolace or Uldaman for grinding.
4622	We recommend Dire Maul or Uldaman for grinding.
4623	We recommend Uldaman for grinding.
4624	This is a Random World Drop, from creatures level 33-50 and in some dungeons.
4625	We recommend Feralas or Stratholme for grinding.
4626	We recommend Dire Maul or Razorfen Downs for grinding.
4627	We recommend Maraudon or Razorfen Downs for grinding.
4628	We recommend Stratholme or Blackrock Depths for grinding.
4629	We recommend Burning Steppes or Blackrock Depths for grinding.
4630	We recommend Uldaman or Badlands for grinding.
4631	This is a Random World Drop, from creatures level 36-60 and in some dungeons.
4632	We recommend Ruins of Ahn'Qiraj or Blackrock Depths for grinding.
4633	This is a Random World Drop, from creatures level 50-60 and in some dungeons.
4634	We recommend Ruins of Ahn'Qiraj or Blackwing Lair for grinding.
4635	We recommend Blackwind Lair or Blackrock Depths for grinding.
4636	We recommend Blackwing Lair or Molten Core for grinding.
4637	We recommend Serpentshrine Cavern or Terokkar Froest for grinding.
4638	We recommend Old Hillsbrad Foothills or Karazhan for grinding.
4639	We recommend Black Temple or Serpentshrine Cavern for grinding.
4640	We recommend Serpentshrine Cavern or Netherstorm for grinding.
4641	We recommend Old Hillsbrad Foothills or Blade's Edge Mountains for grinding.
4642	We recommend Ulduar or Icecrown Citadel for grinding.
4643	We recommend Icecrown Citadel or Naxxramas for grinding.
4644	This is a random world drop. This Pattern can drop off any creature in World of Warcraft.
4645	You msut be Honored with Cenarion Circle to purchase this Pattern.
4646	You msut be Friendly with Cenarion Circle to purchase this Pattern.
4647	You msut be Revered with Cenarion Circle to purchase this Pattern.
4648	You can only purchase this from her during the Lunar Festival. This is at the end of Janurary.
4649	You must be friendly with Timbermaw Hold to start this quest.
4650	You must be Honored with Timbermaw Hold to purchase this Pattern.
4651	You must be Revered with Timbermaw Hold to purchase this Pattern.
4652	You must be Revered with Argent Crusade to purchase this Formula.
4653	You must be Friendly with The Aldor to purchase this Pattern.
4654	You must be Exalted with The Scryers to purcase this Pattern.
4655	You must be Revered to purchase this Pattern.
4656	You must be Exalted with Argent Crusade to purchase this Pattern.
4657	You must be Exalted with Kirin Tor to purchase this Pattern.
4658	You must be Revered with Knights of the Ebon Blade to purchase this Pattern.
4659	You must be Revered with The Kalu'ak to purchase this Pattern.
4660	You must be Revered with The Wyrmrest Accord to purchase this Pattern.
4661	You must be Exalted with The Sons of Hodir to purchase this Pattern.
4662	Open the Large Sack of Ulduar Spoils in your bags
4663	You must be Honored with Golden Lotus to purchase this Pattern.
4664	This is a boss drop from the Raid: Molten Core.
4665	This is a Random Raid Drop from any Original Raid prior to Burning Crusade.
4666	This is a random boss drop from the Raid: Molten Core.
4667	This is a drop from the Raid: Sunwell Plateau.
4668	This is a drop from the Raid: Serpentshrine Cavern.
4669	This is a drop from the Raid: Black Temple.
4670	This is a drop from the Raid: Hyjal Summit.
4671	This is a drop from the Raid: Dragon Soul.
4672	This is a random drop from the Raids in the MoP Expansion.
4673	This is a drop from the Raid: Firelands.
4674	This is a drop from the Raid: Trial of the Crusader.
4675	This is a drop from the Raid: Ulduar.
4676	You must reach Tailoring level 420 and complete the Nothrend Dungeonmaster Achievement.
4677	Achieve Northrend Dungeonmaster
4678	You must reach Tailoring level 420 and complete the Loremaster of Northrend Achievement.
4679	Achieve Loremaster of Northrend
4680	Find any critter and engage it in a pet battle.
4681	Win a Pet Battle.
4682	Tell her you'd like to heal and revive your battle pets.
4683	Battle Pets Healed
4684	Find any critter and engage it in a pet battle. If your pet gets weak, find a stable master and ask them to heal your pets for you. Do this until you have a Battle Pet at level 3.
4685	Raise a Battle Pet to level 3.
4686	Click the Quest Discovered! box on the right side of your screen.
4687	Find a Stormwind Rat, a Rabbit, or a Squirrel from around this area and challenge it to a battle.
4688	When it reaches 35% health or lower use your Trap ability to capture it.
4689	Catch a Pet.
4690	Before challenging Julia Stevens, it is suggested to have at least 2 Battle Pets at level 3 or higher. She has 2 Beasts, the easiest way to counter this is either with a Mechanical or a Flying Battle Pet.
4691	Defeat Julia Stevens
4692	Go to Westfall.
4693	Level your pets to 5.
4694	The creatures you will encounter in this area are Aquatic, Critters, Beasts, Mechanical and Flying.
4695	The path is more of a guideline than anything. Since monsters have random spawns, they aren't always guaranteed to spawn in the same spots.
4696	Before fighting Old MacDonald, you should have at all three of your pet slots open and have a balanced team.
4697	He has a Flying Pet, a Mechanical Pet, and a Critter Pet. Flying Pets are weak to Magic types, Mechanical Pets are weak to Elemental types, and Critter Pets are weak to Beast types. It is suggested that you train all of your pets to at least level 4 before attempting this fight.
4698	Defeat Old MacDonald
4699	Lindsay has a team full of Rabbits. Use Beast Type attacks on his Critters. Your pets should be around level 7 for this fight.
4700	Defeat Lindsay
4701	Eric Davidson has three Beast type Pets that attack with Undead type attacks. Use either Mechanical or Aquatic types to counter him. Your pets should be level 7 for this fight.
4702	Defeat Eric Davidson
4703	Go to The Cape of Stranglethorn.
4704	Level your pets to 11.
4705	The creatures you will encounter in this area are Mechanical, Beasts, Flying, Magic, Undead, Aquatic, Humanoids and Critters.
4706	Steven Lisbane has a Magic type Pet, and two Beast type Pets. Magic types take increased damage from Dragonkin attacks. If you do not have a Dragonkin, use a Mechanical Pet for the next best match up. The Beasts are also easily killed by Mechanical Pets, if you don't have one or it is weak, use a Flying type Pet. All three of your Pets should be 9 when you fight Steven.
4707	Defeat Steven Lisbane
4708	Bill Buckler has two Flying type Pets and a Humanoid type Pet. These Flying types can be countered by Magic attacks. Flying types are also weak to Dragonkin if you have one. The Humanoid can be countered by Beast and Undead types. Have at least three Level 11 pets when you fight Bill.
4709	Defeat Bill Buckler
4710	Level your pets to 13.
4711	The creatures you will encounter in this area are Mechanical, Critters and Beasts.
4712	Go to Burning Steppes.
4713	Level your pets to 15
4714	The Creatures you will encounter in the area are undead, Mechanical, Flying, Beasts, Critters and Elementals.
4715	Go to Blasted Lands.
4716	Level your pets to 17.
4717	The type of creatures you will encounter in the area are Undead, Flying, Beasts and Critters.
4718	You will not be able to challenge Everessa if you have the "Pet Recovery" debuff, wait for it to fall off.
4719	Everessa has a Flying Pet, a Beast Pet, and an Aquatic Pet. Use Magic type attacks on the Flying Pet, Mechanical type attacks on the Beast Pet, and Flying type attacks on the Aquatic Pet. Her pets are all level 16. You should be able to win with ease.
4720	Defeat Everessa
4721	You will not be able to challenge Durin if you have the "Pet Recovery" debuff, wait for it to fall off.
4722	Durin has a Flying type Pet, a Critter Pet, and an Elemental Pet. Use Magic type attacks on the Flying Pet, Beast type attacks on the Critter Pet, and Aquatic type attacks on the Elemental Pet. His pets are all level 17. You should be able to win with ease.
4723	Defeat Durin Darkhammer
4724	You will not be able to challenge Kortas if you have the "Pet Recovery" debuff, wait for it to fall off.
4725	Kortas has 3 Dragonkin type Pets. Use Humanoid type attacks on his pets. His pets are all around level 15 so your pet team should be able to defeat him easily.
4726	Defeat Kortas Darkhammer
4727	You will not be able to challenge David if you have the "Pet Recovery" debuff, wait for it to fall off.
4728	David has a Beast Pet, a Critter Pet, and an Magic Pet. Use Mechanical type attacks on the Beast Pet, Beast type attacks on the Critter Pet, and Dragonkin type attacks on the Magic Pet. His pets are all around level 13 so your pet team should be able to defeat him easily.
4729	Defeat David Kosse
4730	You will not be able to challenge Deiza if you have the "Pet Recovery" debuff, wait for it to fall off.
4731	Deiza has 2 Beast type Pets and an Undead type Pet. Use Mechanical type attacks on the Beast Pets and Critter type attacks on the Undead Pet. Her pets are all around level 14 so your pet team should be able to defeat her easily.
4732	Defeat Deiza Plaguehorn
4733	Click the complete quest box on the right side of your screen.
4734	Go to Blade's Edge Mountains.
4735	Level your pets to 19.
4736	You will not be able to challenge Lydia if you have the "Pet Recovery" debuff, wait for it to fall off.
4737	Lydia has an Elemental type Pet and 2 Undead type Pets. Use Aquatic type attacks on the Elemental Pet and Critter type attacks on the Undead Pets. Your pets should be at least level 19 before fighting Lydia.
4738	Defeat Lydia Accoste
4739	You should now be able to do the first set of Battle Pet Daily quests.
4740	Go to Hellfire Peninsula
4741	Level your pets to 22.
4742	You will not be able to challenge Nicky if you have the "Pet Recovery" debuff, wait for it to fall off.
4743	Nicki has 3 Mechanical type Pets. Use Elemental type attacks on her pets. Her pets are all around level 20.
4744	Defeat Nicki Tinytech
4745	You will not be able to challenge Morulu if you have the "Pet Recovery" debuff, wait for it to fall off.
4746	Morulu has 3 Aquatic type Pets. Use Flying type attacks on his pets. His pets are all around level 23.
4747	Defeat Morulu The Elder
4748	You will not be able to challenge Narrok if you have the "Pet Recovery" debuff, wait for it to fall off.
4749	Narrok has an Aquatic Pet, a Beast Pet, and a Critter Pet. Use Flying type attacks on his Aquatic pet, Mechanical type attacks on his Beast pet, and Beast type attacks on his Critter pet. His pets are all around level 22.
4750	Defeat Narrok
4751	You will not be able to challenge Ras'an if you have the "Pet Recovery" debuff, wait for it to fall off.
4752	Ras'an has a Flying Pet, a Humanoid Pet, and a Magic Pet. Use Magic type attacks on his Flying pet, Undead type attacks on his Humanoid pet, and Dragonkin type attacks on his Magic pet. His pets are all around level 21.
4753	Defeat Ras'an
4754	Go to The Jade Forest.
4755	Level your pets to 25.
4756	You can find enemies of similar levels in any Pandaria zone.
4757	You will not be able to challenge Bloodknight Antari if you have the "Pet Recovery" debuff, wait for it to fall off.
4758	Bloodknight Antari has an Elemental Pet, a Dragonkin Pet, and a Magic Pet. Use Aquatic type attacks on his Elemental pet, Humanoid type attacks on his Dragonkin pet, and Dragonkin type attacks on his Magic pet. Your pets should all be around level 24.
4759	Defeat Bloodknight Antari
4760	You will not be able to challenge Beegle Blastfuse if you have the "Pet Recovery" debuff, wait for it to fall off.
4761	Beegle Blastfuse has an Aquatic Pet and 2 Flying Pets. Use Flying type attacks on his Aquatic pet and Magic attacks on his Flying pets. Your pets should all be around level 25 before fighting Beegle.
4762	Defeat Beegle Blastfuse
4763	You will not be able to challenge Okrut Dragonwaste if you have the "Pet Recovery" debuff, wait for it to fall off.
4764	Okrut Dragonwaste has a Dragonkin Pet and 2 Undead Pets. Use Humanoid type attacks on his Dragonkin and Critter type attacks on his Undead. Your pets should all be level 25 before fighting Okrut.
4765	Defeat Okrut Dragonwaste
4766	You will not be able to challenge Nearly Headless Jacob if you have the "Pet Recovery" debuff, wait for it to fall off.
4767	Nearly Headless Jacob has 3 Undead Pets. Critter type attacks will be the most useful against Jacob. You should also consider having an Aquatic pet or two. Your pets should all be level 25.
4768	Defeat Nearly Headless Jacob
4769	You will not be able to challenge Gutretch if you have the "Pet Recovery" debuff, wait for it to fall off.
4770	Gutretch has 2 Beast type Pets and a Critter type Pet. Use Mechanical type attacks on his Beasts and Beast type attacks on his Critter. Your pets should all be level 25 for this fight.
4771	Defeat Gutretch
4772	You will not be able to challenge Major Payne if you have the "Pet Recovery" debuff, wait for it to fall off.
4773	Major Payne has a Beast Pet, a Mechanical Pet, and an Elemental Pet. Use Mechanical type attacks on his Beast, Elemental type attacks on his Mechanical, and Aquatic type attacks on his Elemental. Your pets should be level 25 for this fight.
4774	Defeat Major Payne
4775	You will not be able to challenge Brok if you have the "Pet Recovery" debuff, wait for it to fall off.
4776	Brok has a Beast Pet, a Critter Pet, and a Magic Pet. Use Mechanical type attacks on his Beast, Beast type attacks on his Critter, and Dragonkin type attacks on his Magic. Your pets should all be level 25.
4777	Defeat Brok
4778	You will not be able to challenge Bordin Steadyfist if you have the "Pet Recovery" debuff, wait for it to fall off.
4779	Bordin Steadyfist has a Critter Pet and 2 Elemental Pets. Use Beast type attacks on his Critter and Aquatic type attacks on his Elementals. Your pets should all be level 25.
4780	Defeat Bordin Steadyfist
4781	You will not be able to challenge Goz Banefury if you have the "Pet Recovery" debuff, wait for it to fall off.
4782	Goz Banefury has a Beast Pet, an Elemental Pet, and a Magic Pet. Use Mechanical type attacks on his Beast, Aquatic type attacks on his Elemental, and Dragonkin type attacks on his Magic. Your pets should all be level 25.
4783	Defeat Goz Banefury
4784	You will not be able to challenge Obalis if you have the "Pet Recovery" debuff, wait for it to fall off.
4785	Obalis has a Beast Pet, a Flying Pet, and a Critter Pet. Use Mechanical type attacks on his Beast, Magic type attacks on his Flyer, and Beast type attacks on his Critter. Your pets should all be level 25.
4786	Defeat Obalis
4787	You will not be able to challenge Hyuna of the Shrines if you have the "Pet Recovery" debuff, wait for it to fall off.
4788	Hyuna of the Shrines has a Beast Pet, a Flying Pet, and an Aquatic Pet. Use Mechanical type attacks on her Beast, Magic type attacks on her Flyer, and Flying type attacks on her Aquatic. Your pets should all be level 25.
4789	Defeat Hyuna of the Shrines
4790	You will not be able to challenge Farmer Nishi if you have the "Pet Recovery" debuff, wait for it to fall off.
4791	Farmer Nishi has a Beast Pet, and two Elemental Pets. Use Mechanical type attacks on her Beast, and Aquatic type attacks on her Elementals. Your pets should all be level 25.
4792	Defeat Farmer Nishi
4793	You will not be able to challenge Mo'ruk if you have the "Pet Recovery" debuff, wait for it to fall off.
4794	Mo'ruk has a Beast Pet, a Flying Pet, and an Aquatic Pet. Use Mechanical type attacks on his Beast, Magic type attacks on his Flyer, and Flying type attacks on his Aquatic. Your pets should all be level 25.
4795	Defeat Mo'ruk
4796	You will not be able to challenge Courageous Yon if you have the "Pet Recovery" debuff, wait for it to fall off.
4797	Courageous Yon has a Flying Pet, and two Critter Pets. Use Beast type attacks on his Critters, and Magic type attacks on his Flying. Your pets should all be level 25.
4798	Defeat Courageous Yon
4799	He can also be found at [44.7,52.4]
4800	You will not be able to challenge Seeker Zusshi if you have the "Pet Recovery" debuff, wait for it to fall off.
4801	Seeker Zusshi has an Aquatic Pet, a Critter Pet, and an Elemental Pet. Use Flying type attacks on his Aquatic, Aquatic type attacks on his Elemental, and Beast type attacks on his Critter. Your pets should all be level 25.
4802	Defeat Seeker Zusshi
4803	You will not be able to challenge Wastewalker Shu if you have the "Pet Recovery" debuff, wait for it to fall off.
4804	Wastewalker Shu has an Aquatic Pet, a Beast Pet, and an Elemental Pet. Use Flying type attacks on his Aquatic, Aquatic type attacks on his Elemental, and Mechanical type attacks on his Beast. Your pets should all be level 25.
4805	Defeat Wastewalker Shu
4806	Click the Quest Complete! box on the right side of your screen.
4807	You will not be able to challenge Aki the Chosen if you have the "Pet Recovery" debuff, wait for it to fall off.
4808	Aki the Chosen has an Aquatic Pet, a Critter Pet, and a Dragonkin Pet. Use Flying type attacks on her Aquatic, Beast type attacks on her Critter, and Humanoid type attacks on her Dragonkin. Your pets should all be level 25.
4809	Defeat Aki the Chosen
4810	Xi'a
4811	Ka'wi
4812	Click the Quest Accept tab underneath your minimap.
4813	Queue for the Blood in the Snow scenario.
4814	Queue for the Dark Heart of Pandaria scenario.
4815	Tell him you'd like to travel to Ratchet. then step on the teleporter next to him.
4816	Locate Amber and Sully in Durotar near Skull Rock
4817	Go inside the building here.
4818	Tell him that now's his chance to escape.
4819	Find Zen'tabra in Razor Hill
4820	Tie down the First Anchor
4821	You will have to wait here for Seer Hao Pham Roo to walk up to you and give you the rope back.
4822	Tie down the Second Anchor
4823	Tie down the Third Anchor
4824	Tie down the Fourth Anchor
4825	Tie down the Fifth Anchor
4826	To do the weekly quest again, click here to be taken to the beginning.
4827	Bid on one of the Blood-Soaked Invitations and win in order to join the brawler's guild.
4828	Use the Blood-Soaked Invitation in your bags.
4829	WARNING:
4830	There is an enrage timer on all Brawler's Guild fights. You have 2 minutes to kill the current opponent before it activates. If it does, a wall of unavoidable meteors sweeps across the arena, killing you. Remember this as you go through this guide!
4831	We also suggest that you purchase potions from Quackenbush at [Deeprun Tram/2 54.4,26.8]. Once you have the potions, use the buff of your choice right before the fight, and then again during the fight to maximize your dps.
4832	Tell them you're ready to fight.
4833	Fight 1: Bruce
4834	Bruce is a very easy fight, meant to get you started in the Brawler's Guild. He has 1 ability:
4835	Chomp, chomp, chomp is an ability that he uses in front of him. When he begins casting, run to the side or behind him to avoid getting hit by this attack.
4836	The best strategy for this fight is to dps him as fast as you can, making sure to avoid being directly in front of him whenever he begins to cast his ability.
4837	Defeat Bruce in the Brawler's Guild
4838	Fight 2: Vian the Volatile
4839	Vian is more difficult, but still relatively easy. He has 4 abilities:
4840	Fire Line is very similar to Bruce's Chomp Chomp Chomp.
4841	Fire Orbs will bounce around the arena, doing damage to you if they touch you, and causing an enrage effect on Vian if they touch him.
4842	Lava Burst is a normal spell, you should not worry about this one.
4843	The best strategy for this fight is to stay on him while avoiding both the orbs and the Fire Line spell, interrupting them if possible.
4844	Defeat Vian the Volatile in the Brawler's Guild
4845	Fight 3: Goredome
4846	Goredome is very similar to Bruce. He has 1 ability:
4847	Lumbering Charge is a relatively quick cast, but it's easily avoidable. He will lay a red circle on the ground as he begins casting it. Make sure to get out of the circle before he charges.
4848	If you are in the circle, you will instantly be killed.
4849	Defeat Goredome in the Brawler's Guild
4850	Fight 4: Dungeon Master Vishas
4851	Dungeon Master Vishas is the boss of this Rank. He has 2 abilities:
4852	Naughty Secrets is a 2.5-second cast debuff that inflicts damage and increases vulnerability to future shadow damage for 1 minute. This isn't a big concern, but this spell can be interrupted.
4853	Heated Pokers is a 2.5-second cast that causes Vishas' attacks to do massive damage. This spell cannot be interrupted except using a stun. If he does cast this, make sure to run away until the buff wears off.
4854	Defeat Dungeon Master Vishas in the Brawler's Guild
4855	Fight 5: Dippy
4856	Dippy is the first fight in rank 2 and has the following abilities:
4857	Slippy is a constant debuff that causes him to fall down with every direct hit. This interrupts the current cast of Peck. This will not happen if Dippy is next to a wall.
4858	Peck is a very quick casted spell that will instantly kill you. Unless you are strictly a melee class, the best option in this fight is to kite him and kill him from range.
4859	The best strategy for this fight is to keep pressue on Dippy, and never give him a chance to cast his Peck. Any direct strike will do, so don't rely on DoTs to knock him over.
4860	Defeat Dippy in the Brawler's Guild
4861	Fight 6: Kirrawk
4862	Kirrawk is the second fight in rank 2 and has the following abilities:
4863	Lightning Bolt is his basic cast spell. It does quite a bit of damage, but isn't a primary concern.
4864	Storm Cloud is an ability that summons a cloud to inflict Nature damage when Kirrawk is attacked. Interrupt this whenever possible.
4865	Tornado is an ability that summons a twister that will toss you up somewhere in the arena, and will make a straight line towards you. The only way to avoid this is to have the tornado touch Kirrawk before it touches you.
4866	Lightning Flurry is an ability that he will only cast if you are tossed up by his Tornado. This attack does considerable damage.
4867	The best strategy for this fight is to pay attention to the tornado, and make sure it hits him instead of you. Also, pay attention to his casts and interrupt Storm Cloud any way you can.
4868	Defeat Kirrawk in the Brawler's Guild
4869	Fight 7: Fran and Riddoh
4870	Fran and Riddoh is the first fight where you must kill 2 enemies:
4871	Riddoh should be your primary target and has these abilities:
4872	Throw Net is his basic ability. It is a quick cast, and immobilizes you for 5 seconds.
4873	Frenzied Riddoh is an ability that will only be used if you kill Fran first. This causes Riddoh's attacks to deal 250% damage
4874	Fran should be your secondary Target and has the following abilities:
4875	Throw Dynamite is his basic ability. He throws a stick of dynamite in the air that can be avoided.
4876	Goblin Device is an ability that summons a a ring of bombs around you. You will have to run out of the circle before they explode.
4877	The best strategy for this fight is to kill Riddoh first to prevent him from becoming frenzied, while making sure to avoid the AoE attacks that Fran throws at you.
4878	Defeat Fran and Riddoh in the Brawler's Guild
4879	Fight 8: King Kulaka
4880	King Kulaka is the boss of this Rank. He has 1 ability:
4881	Dash is an instant cast spell that increases his movement speed by 60% for 5 seconds.
4882	The best strategy for this is to dps him before he can kill you. His melee attacks hit hard, so be sure to have some potions handy and do your best to kite him if possible.
4883	Defeat King Kulaka in the Brawler's Guild
4884	Fight 9: Blat
4885	Blat is where the difficulty starts to raise a bit. He has 1 ability:
4886	Split is a 0.5 second cast spell that causes him to create a copy of himself. He will use this several times throughout the fight.
4887	The best strategy for this fight is to kite him away, and focus on the main version of him. If you can't kite, then just try and do as much dps as possible. All of the other versions have as much health as he does, so you will not be able to kill them fast enough to avoid the enrage timer.
4888	Defeat Blat in the Brawler's Guild
4889	Fight 10: Sanoriak
4890	Sanoriak is basically a more powerful version of Vian the Volatile. He has 4 abilities:
4891	Fireball and Pyroblast are both his most common moves. They do quite a bit of damage, so interrupt them every now and then if possible.
4892	Flame Buffet is a strong move that does a lot of damage and increases any fire damage taken for 15 seconds. Interrupt this as much as possible.
4893	Firewall is his most powerful move. It will not show a casting bar, but he will show the animation. This spawns a rain of fireballs down on your location. Be sure to move out of this, because it does a ton of damage.
4894	The best strategy for this fight is to keep pressure on him, avoid his AoE meteor attack, and interrupt/stun whenever possible.
4895	Defeat Sanoriak in the Brawler's Guild
4896	Fight 11: Ixx
4897	Ixx is very similar to Mogu Warriors in Pandaria. He has 1 ability:
4898	Conal Cleave is a average cast spell that shows a large cone in front of him when he begins casting. If this hits you, you will die.
4899	The best strategy for this fight is to keep pressure on him, and run through him when he begins casting his cleave.
4900	Defeat Ixx in the Brawler's Guild
4901	Fight 12: Mazhareen
4902	Mazhareen is a pretty straightforward fight. She does not have any abiilities, but Mazhareen does more damage as she loses health.
4903	The best strategy for this fight is to DPS her down as quickly as possible, saving any cooldowns for the end of the fight.
4904	Defeat Mazhareen in the Brawler's Guild
4905	Fight 13: Crush
4906	Crush is a very easy fight for those with high DPS, it will be a little more difficult for tanks. He has quite a bit of health, so it's up to you to kill him before the enrage timer runs out. He has 1 ability:
4907	Collision is an ability that he will use often. You will see him jump to somewhere in the arena, and pause before charging at you. Make sure to run out of his path when he's charging, otherwise you will take a lot of damage and be stunned for 5 seconds.
4908	The best strategy for this fight is to DPS him down as quickly as possible to avoid the enrage timer, and avoid his collision whenever he begins charging.
4909	Defeat Crush in the Brawler's Guild
4910	Fight 14: Leona Earthwind
4911	Leona Earthwind is a caster that will summon adds throughout the fight, she has 3 abilities:
4912	Wrath is her basic cast ability. It does a moderate amount of damage, so interrupt this when necessary.
4913	Solar Beam is easily avoidable, just run out of the beam of light from the sky on the arena.
4914	Earthliving Seed is her most dangerous ability. This causes her to summon adds that have 50k health and do quite a bit of damage. This cannot be interrupted, but she can be stunned during casting.
4915	The best strategy for this fight is to DPS her as quickly as possible, and stun her during all Earthliving seed casts. If some spawn, kite them away as you DPS Leona.
4916	Defeat Leona Earthwind in the Brawler's Guild
4917	Fight 15: Dominika the Illusionist
4918	Dominika is a caster that summons several adds as you fight. She has 2 abilities:
4919	Arcane Barrage is her main damage source, interrupt it when you can.
4920	Illusionist is a spell triggered by damaging attacks against Dominika. This causes her to make a 1hp copy of herself that does just as much damage as she does. Be sure to AoE these to avoid a quick death.
4921	The best strategy for this fight is to focus on killing her, but make sure to clear any adds that spawn in order to stay alive.
4922	Defeat Dominika the Illusionist in the Brawler's Guild
4923	Fight 16: Deeken
4924	Deeken is the first fight where you will be running through obstacles the whole time. The outer walls will be covered in blue lightning that you will have to avoid, as it parts from the sides and moves throughout the arena. He has 1 ability:
4925	Mechano Kick is an ability that he will use often. It does 50% damage, but knocks you back, so make sure you're not around the lightning.
4926	The best strategy for this fight is to make sure and stay close to him, with your back to an opening. You can jump over the lightning, but your best bet is to just run around it as it moves.
4927	Defeat Deeken in the Brawler's Guild
4928	Fight 17: Millie Watt
4929	Millie Watt is a tricky opponent that has abilities that you will have to rely on to stay alive. She has 3 abilities:
4930	Electric Dynamite is an attack that creates electric void zones. These do a lot of damage, but are needed to save you from a more damaging attack.
4931	Megafantastic Discombobumorphanator is her most devastating attack. This is a 4-second cast that will turn you into a chicken, then cause you to take 100k damage every 2 seconds. The only way to counter this is to run into the void zones created by the dynamite before she finishes casting.
4932	Photoplasm Buster Ray is a channeled attack that will do a stream of arcane damage. This is not really a concern.
4933	The best strategy for this fight is to keep an eye on her abilities, stay out of the void zones until her morphing spell is almost complete, and attack her from the front, because her back is bladed.
4934	Defeat Millie Watt in the Brawler's Guild
4935	Fight 18: Fjoll
4936	Fjoll is a relatively easy opponent, but you have to pay attention. He has 4 abilities:
4937	Dark Barrage is a spell that shoots several Shadow Bolts at you. This is a channeled ability, and isn't that powerful.
4938	Darkzone is a spell that creates a void zone on the arena. Avoid these, as they will kill you very quickly.
4939	Death Grip is an instant cast that throws you toward Fjoll.
4940	Shadowy Blast takes a while to cast, and will show a circle around Fjoll. Be sure to avoid this as it does heavy damage.
4941	The best strategy for this fight is to keep an eye on the void zones and stay out of them, and make sure your back is to a wall or safe area so you don't get knocked into them.
4942	Defeat Fjoll in the Brawler's Guild
4943	This next fight only has a 45 second enrage timer, so you only have 45 seconds to defeat the next boss.
4944	Fight 19: Probuskus
4945	Probuskus is very similar to the rare-spawn Jinyu Champions in Pandaria. He hits very hard, and also has 2 abilities:
4946	Torrent is a devastating spell that will do 28% damage a second for 6 seconds. Interrupt this immediately every time he casts it.
4947	Rain Dance is a spell that causes multiple water bolts to rain down. Jump and dance around these to avoid being hit.
4948	The best strategy for this fight is to make sure you know where everything is at all times, and interrupt his Torrent attack every chance you get. Because this fight has a 5 second enrage timer, you will have to dps him very quickly.
4949	Defeat Probuskus in the Brawler's Guild
4950	Fight 20: Leper Gnome Quartet
4951	The Leper Gnome Quartet are easy opponents for kiting, but difficult for melee. They each have 2 abilities:
4952	Determined Shuffle is their closing-in ability. This increases their speed by 40% for 1 sec.
4953	Leperous Spew is the ability to worry about. This gives you a debuff that stacks and continuously does damage. Dispel it if possible, or run away until it wears off.
4954	The best strategy for this fight is to make sure you're constantly moving away and use AoE attacks when possible to take them down quick enough.
4955	Defeat Leper Gnome Quartet in the Brawler's Guild
4956	Fight 21: Yikkan Izu
4957	Yikkan Izu is a large crow that has several adds, and summons more throughout the fight. He has 2 abilities:
4958	Disorienting Shriek is a stun ability that has a long cast. Interrupt this when possible.
4959	Fallen Kin is an ability that only triggers if you kill all of his adds. This causes him to enrage and deal a lot more damage. Prevent this by killing some adds, but not all.
4960	The best strategy for this fight is to attack Yikkan Izu, making sure not to kill all of the adds so you don't enrage him.
4961	Defeat Yikkan Izu in the Brawler's Guild
4962	Fight 22: Akama
4963	Akama is a shaman that summons wolves that do quite a bit of damage. He has 4 abilities:
4964	Chain Lightning arcs off of you, and does around 100k damage. Interrupt whenever possible.
4965	Feral Spirit summons two spirit wolves that do pretty high damage to you. Kill these as soon as possible.
4966	Shadow Strikes are similar to Dungeon Master Vishas' Heated Pokers. Interrupt them if you can, or kite him away if he casts it.
4967	Thunderstorm is a spell he will use that knocks you back and does light damage. This is usually followed up by his Chain Lightning.
4968	The best strategy for this fight is to fight him close, avoiding and interrupting whenever possible, and move focus onto the wolves as soon as they spawn. Make sure you have some healing items for this fight, as you will most likely need them.
4969	Defeat Akama in the Brawler's Guild
4970	Fight 23: Smash Hoofstomp
4971	Smash Hoofstomp is a Tauren that has two Goblin "lucky charms" on his shoulders. He has 2 abilities:
4972	Hoof Stomp does a moderate amount of damage and causes knockback. Make sure to run right back into him whenever this happens.
4973	Shield Wall causes a bubble in front of him that makes him immune to damage. Run behind him and attack him to counter this.
4974	The best strategy for this fight is to kill the Goblins on his shoulders, then attack him, making sure to attack from behind the whole fight. Killing the goblins causes him to take 100% more damage throughout the rest of the fight.
4975	Defeat Smash Hoofstomp in the Brawler's Guild
4976	Fight 24: Unguloxx
4977	Unguloxx is a giraffe that doesn't have any abilities, but he hits very hard.
4978	The best strategy for this fight is to kite him around if possible, doing as much dps as you can. If you cannot kite him successfully, then make sure to stun him and run away every now and then and heal yourself.
4979	Defeat Unguloxx in the Brawler's Guild
4980	Fight 25: GG Engineering
4981	GG Engineering is a team of 2 engineers and their Shield Generator. They have 3 main abilities:
4982	Energy Shielding protects the current engineer inside of it from all damage. This will also work for you, but is not suggsted due to the enrage timer. Disable these by attacking the shield generators whenever Bo enters them.
4983	Goblin Rocket Barrage is an ability that Max Megablast uses which shoots several rockets in the arena. The trick is to have the rockets hit Bo, and miss you.
4984	Gnomish Death Ray is a 3 second cast that does a lot of damage. Interrupt this often.
4985	The best strategy for this fight is to stay close to Bo, and have Max's rockets hit him. They have shared health, so as long as you keep hitting one of them you should be fine.
4986	Defeat GG Engineering in the Brawler's Guild
4987	Fight 26: Dark Summoner
4988	The Dark Summoner is a slow-moving enemy that summons adds. He has 3 abilities:
4989	Dark Protection is a spell the Dark Summoner has from the beginning of the battle, and you can only get rid of it by killing the ghosts he spawns.
4990	Shadowbolt is his main attack. It does a lot of damage, but isn't as bad as the Death Ray from GG Engineering. Interrupt this occasionally.
4991	Summon Ghosts is something that he will use every 15 seconds. This causes a ghost to spawn at a completely random point in the arena. If they hit you once, you die.
4992	You get a special ability that you can use during this fight:
4993	Guardian's Light is an ability that will stun the ghosts summoned during this fight. This will allow you to attack the ghosts and break the summoner's shield.
4994	The best strategy for this fight is to keep moving, interrupt Shadow Bolt whenever possible, and stun and kill the ghosts that spawn so you can damage the main opponent.
4995	Defeat Dark Summoner in the Brawler's Guild
4996	Fight 27: Battletron
4997	Battletron will be an extreme test of your abilities. Everything before this was just practice. He has over 9 million hp, so you will need to do around 80k damage a second. He has 2 abilities:
4998	Conjure Unstable Mines is the most important ability to keep an eye on. He spawns 7 of these mines, and if you or an arrow/spell you use hits one, it will explode and deal 90k damage. If 3 or more are missing, he will replenish them all.
4999	Zot! is an unavoidable attack that he casts every 3 seconds. It does 40k damage, so make sure you have some form of healing to help you out.
5000	The best strategy for this fight is to knock out 2 mines, making sure to avoid hitting any more. Shoot/attack him in the opening you made, and make sure to have healing ready to counter his Zot! attack.
5001	Defeat Battletron in the Brawler's Guild
5002	Fight 28: Meatball
5003	Meatball is a very easy boss, consider it a reward for making it through Battletron. There is only 1 mechanic you need to worry about:
5004	Strange Energy is scattered throughout the arena. Your goal is to run around collecting all of these, causing a stacking buff on your character.
5005	The best strategy for this fight is to gather as many orbs as you can, and use the damage buff to kill Meatball super quickly.
5006	Defeat Meatball in the Brawler's Guild
5007	Fight 29: Hexos
5008	Hexos is a boss that will require you to rotate your character a lot to avoid instant death. He has 2 abilities:
5009	Ocular Stasis is an instant cast spell he uses at the very beginning of the fight. This causes your character to be locked in place, only able to rotate.
5010	Death Plane is a puzzle-like structure that will start to converge on you. Your goal is to face the open part of the structure to prevent 1 million damage.
5011	The best strategy for this fight is to pay attention to dps, as you are still racing against the clock. Also, rotate your camera straight down and spin yourself around with the mouse rather than using the keyboard to help with your dps rotation.
5012	Defeat Hexos in the Brawler's Guild
5013	Fight 30: Tyson Sanders
5014	Tyson Sanders summons chickens throughout the arena. There are 3 types, each with their own ability:
5015	Electrochicken will use Electric P.E.C.K. that causes damage and knockback, and will also summon void zones that you need to dodge.
5016	Explosive Chicken will attempt to run into you and use Feathery Detonation, which will deal 500k damage to you. Avoid this at all costs.
5017	Well-Fed Chicken will follow you around, doing melee damage.
5018	The best strategy for this fight is to make sure you don't run into an Explosive Chicken. They are the most deadly enemies for the encounter, so watch your knockback and void zones while fighting Mr. Sanders.
5019	Defeat Tyson Sanders in the Brawler's Guild
5020	Fight 31: T440 Dual-Mode Robot
5021	T440 Dual-Mode Robot will require you to constantly switch the way you fight. It has 6 abilities:
5022	Assault Mode and Intensifying Assault will begin stacking when in melee range, constantly increasing the attack speed and damage of the robot.
5023	Artillery Mode and Precision Artillery will stack whenever you're outside of melee range. This will increase the casting speed and accuracy of the ranged attacks.
5024	Artillery Strike is the ranged attack of the robot, hitting only based on accuracy, and doing 50k damage each hit.
5025	Electric Shock is an attack that the robot only uses when switching stances. This is an unavoidable attack.
5026	The best strategy for this fight is to constantly switch between ranged and melee whenever you see the robot gaining stacks or accuracy/damage. Make sure you have healing potions/abilities ready for the Electric shocks it uses when switching stances!
5027	Defeat T440 Dual-Mode Robot in the Brawler's Guild
5028	Fight 32: Anthracite
5029	Anthracite starts the battle on fire and summons adds that will allow you to damage him. He has 6 abilities:
5030	On Fire is a buff that he begins the fight with, and causes Smoldering Heat. This will cause damage to you every second that you're close to him, and will also retaliate damage every time you attack.
5031	Spray is an ability that is granted to you, which allows you to cause the Cooled debuff on Anthracite. This will stun him and cause him to take 50% more damage from attacks.
5032	Ionized Water will spawn around the arena. You can kill them, which leaves behind a cloud of mist. Run through the cloud to get Water in the Tank, which will allow you to Spray again.
5033	Hurl Fire is a spell that will generate a pool of fire in the arena. Be sure to avoid this.
5034	Fiery Retort is a spell that does minor damage. This shouldn't be a concern.
5035	The best strategy for this fight is to use all damaging cooldowns directly after a Spray, doing as much damage as possible before he re-ignites. When he isn't cooled, focus on Ionized Water so you can Spray him again.
5036	Defeat Anthracite in the Brawler's Guild
5037	Fight 33: Big Badda Boom
5038	Big Badda Boom is a fight that starts out simple, but quickly gets complicated. He has 1 ability:
5039	Explode is an attack that causes him to break into several smaller bombs.
5040	Each set of smaller bombs also Explodes, until they have reached the Itta Bitta Booms. There will be approximately 54 in total.
5041	The best strategy for this fight is to AoE the bombs as they multiply. Avoid getting hit by explode, especially toward the end, as each one does 30k damage.
5042	Defeat Big Badda Boom in the Brawler's Guild
5043	Fight 34: Nibbleh
5044	Nibbleh is a serpent that you will have to play the classic game "snake" with in order to stay alive. You will have to keep him out of the poison trail he leaves behind him. He has 3 abilities:
5045	Acid Spit is his most common attack. This is an instant cast that causes around 25k damage. This shouldn't be an issue at this point.
5046	Nibblybuff is a passive ability that only triggers if he crosses back through his poison trail. This will cause his damage to increase by 500% and all damage dealt to him to decrease by 50%.
5047	Spit Pool will trigger occasionally, causing a pool of poison to sit on the arena. This will have the same effect as his poison trail.
5048	The best strategy for this fight is turn off run on your character, and walk backwards in a path that will not cause him to cross back into the poison cloud, while doing a lot of dps.
5049	Defeat Nibbleh in the Brawler's Guild
5050	Fight 35: Doctor FIST
5051	Doctor FIST is probably the easiest boss you will fight in Rank 9. He has 5 abilities:
5052	Left Hook and Right Hook are both 2-second casts that will hit a cone in front of Doctor FIST. Move through him or around him to avoid these.
5053	Bodyblow and Uppercut are both similar to his hooks, only have a shorter cast.
5054	Hammer Fist is a 3.8-second cast, that requires you to run 20 yards away from Doctor FIST. If you are caught in this attack, you will instantly die.
5055	The best strategy for this fight is to watch for his cone attacks, and make sure he's not casting his hammer fist. This is an easy fight, but be prepared for the next one.
5056	Defeat Doctor FIST in the Brawler's Guild
5057	Fight 36: Ahoo'ru
5058	Ahoo'ru is the ultimate test of your abilities. He is a 2-phase encounter that you still have to kill in the 2 minutes.
5059	Phase 1: Ahoo'ru has an immunity bubble that you must break through before you can damage him. He uses 3 abilities during this phase:
5060	Points of Light spawn around the whole arena and move slowly throughout this phase. Avoid the normal ones, as they do heavy damage when touched.
5061	At certain points during the fight, Ahoo'ru will cast a flash of light and cause some of the Points of Light to sparkle more. Run to these and touch them to spawn Avenging Angels.
5062	Attack these Angels until they are at half health, at which point they will begin to cast Charge. Run to Ahoo'ru so the charge strikes him instead, and that will remove 1/3 charges of his shield. Do this 2 more times to go into phase 2.
5063	Phase 2: Ahoo'ru will no longer be shielded, and all of the Points of Light will be gone. He will now use 3 new abilities:
5064	Complete Heal is the most important ability to focus on. If he casts this, he will go back to 100% health. This is interruptable, so you must use any interrupts you have to prevent this.
5065	Divine Circle is a summon used throughout phase 2. This will spawn 8 orbs around your location. Run through one, to avoid getting hit by multiple orbs. They each do 150k damage over 8 seconds, so be sure to have healing items/spells handy.
5066	Crusader Smash is a random attack that does 150% of his weapon damage and knocks you back. Run right back into him as soon as you're hit by this.
5067	The best strategy for this fight is to pay attention to everything, understand the mechanics written above, and keep trying if you fail the first time. This will take some time to beat, as this is the final boss of the Brawler's Guild.
5068	Defeat Ahoo'ru in the Brawler's Guild
5069	Congratulations, you have reached Rank 10 of the Brawler's Guild!
5070	Redirecting to Pandarian Mining 1-525
5071	Redirecting to Mining 1-75
5072	Redirecting to Mining 75-130
5073	Redirecting to Mining 130-225
5074	Redirecting to Mining 225-285
5075	Redirecting to Mining 285-350
5076	Redirecting to Mining 350-400
5077	Redirecting to Mining 400-425
5078	Redirecting to Mining 520-600
5079	Redirecting to Mining 425-525
5080	Redirecting to Mining 525 finale
5081	Redirecting to Mining non-owners
5082	Redirecting to Mining finale
5083	Click here to level up your cooking in Pandaria.
5084	Click here to level up your cooking using the original method.
5085	You must be at least level 5.
5086	Skipping next part of farming
5087	Proceeding to farm
5088	Congratulations, you are now a level 600 Miner!
5089	Use the Curious Bronze Timepiece in your bags.
5090	You will be teleported to the Timeless Isle.
5091	Explore The Misty Strand
5092	Explore Cavern of Lost Spirits
5093	Explore Red Stone Run
5094	Explore Firewalkers' Path
5095	Explore Old Pi'jiu
5096	Explore Croaking Hollow
5097	Meet Mistweaver Ai
5098	Meet Mistweaver Ku
5099	Speak with Emperor Shaohao
5100	Consume a Timeless Nutriment
5101	Follow the path to activate one of the Shrines.
5102	They are on a 10-15 minute cooldown, so just keep running around until you find an active one.
5103	Receive a blessing of the Celestials
5104	Hidden Treasure Found
5105	This guide will help you obtain 20 different cat pets for the achievement and title.
5106	All of the pets in this guide are in-game, and do not require the Blizzard Store or TCG to obtain.
5107	Click here to obtain the Black Tabby Cat
5108	Click here to obtain the Bombay Cat
5109	Click here to obtain the Calico Cat
5110	Click here to obtain the Cat
5111	Click here to obtain the Cheetah Cub
5112	Click here to obtain the Cornish Rex
5113	Click here to obtain the Darkmoon Cub
5114	Click here to obtain the Feline Familiar
5115	Click here to obtain the Fluxfire Feline
5116	Click here to obtain the Mr. Bigglesworth
5117	Click here to obtain the Orange Tabby Cat
5118	Click here to obtain the Panther Cub
5119	Click here to obtain the Sand Kitten
5120	Click here to obtain the Sapphire Cub
5121	Click here to obtain the Siamese Cat
5122	Click here to obtain the Silver Tabby Cat
5123	Click here to obtain the Snow Cub
5124	Click here to obtain the White Kitten
5125	Click here to obtain the Winterspring Cub
5126	Click here to obtain Xu-Fu, Cub of Xuen
5127	Kill any and all mobs in Hillsbrad Foothills
5128	Every mob here has a chance to drop the Black Tabby Cat's carrier
5129	The Cat is level 1. Challenge one to a pet battle and capture it.
5130	The Cheetah Cubs are level 3. Challenge one to a pet battle and capture it.
5131	This pet requires Darkmoon Island to be accessible.
5132	Complete daily quests on Darkmoon Island until you have 90 Darkmoon Prize Tickets
5133	The Fluxfire Felines in the area are around level 1.
5134	Click Fort Livingston Adventurers
5135	They look like green bodies laying on the ground around this area.
5136	Heal 10 Adventurers
5137	It's a big pile of sticks on fire in the middle of Fort Livingston.
5138	Use the Bonfire in Fort Livingston
5139	Bring Grent Direhammer to the body of Mauti
5140	Click the Complete Quest box that appears under you minimap
5141	You will automatically accept a new quest:
5142	Find Mauti's Lair
5143	Let Bwemba Inspect the Cat
5144	Click Direhammer's Boots
5145	They look like a small pair of brown boots sitting on the ground inside this cave.
5146	The Sand Kittens are level 13. Challenge one to a pet battle and capture it.
5147	This pet requires you to either have level 600 Inscription, or purchase it from the Auction House.
5148	Click here to gather and create the pet yourself
5149	Click here to be taken to the Auctioneer to purchase it
5150	You have to complete the Dailies for the Golden Lotus to get the recipe for this pet.
5151	Follow the path, mining any node you see.
5152	Use your Prospecting skill on any 5 ore you gather.
5153	The Snow Cubs are level 1. Challenge one to a pet battle and capture it.
5154	This pet is purchesed from Lil Timmy, who patrols around Stormwind.
5155	Follow the path to find him.
5156	This pet can only be obtained during the Hallows End event.
5157	This pet is obtained through getting the Raiding with Leases Achievement.
5158	Capture a Mini Mindslayer
5159	Capture an Anubisath Idol
5160	Capture a Giant Bone Spider
5161	Capture a Fungal Abomination
5162	Capture a Stitched Pup
5163	Capture a Harbinger of Flame
5164	Capture a Corefire Imp
5165	Capture an Ashstone Core
5166	Capture an Untamed Hatchling
5167	Capture a Chrominius
5168	Capture a Death Talon Whelpguard
5169	Capture a Viscidus Globule
5170	Check your in-game mailbox for your new pet!
5171	You can only obtain this pet by purchasing it using Celestial Coins
5172	You get Celestial Coins from completing the weekly quest, The Celestial Tournament.
5173	You will have to have 3 Celestial Coins in order to obtain this pet.
5174	Click here to go back to the beginning of the guide to complete the weekly quest again.
5175	Use the Xu-Fu, Cub of Xuen in your bags.
5176	Congratulations, you have obtained the Crazy for Cats achievement!
