1	Click Milly's Harvest barrels around the vineyard
2	Milly's Harvest look like barrels of grapes.
3	Go into the church and up the spiral staircase to the very top
4	Hearth to Northshire Valley
5	Go northeast inside the mine to 41.3,79.1
6	Explore the Fargodeep Mine
7	Go northwest into the Fargodeep Mine to 38.3,81.6
8	Enter using the lower entrance
9	Follow the path inside the cave to 41.7,78.3
10	Go outside to 42.1,67.3
11	Click the small stacks of wood at the base of trees
12	They look like little stacks of 3 firewood at the base of trees in this area.
13	Click the Half-Eaten body
14	On the ground next to some big rocks by the river and a tree.
15	Click Rolf's Corpse
16	On the ground next to a murloc hut.
17	Kill Princess
18	Go inside the mine to 60.4,49.7
19	Explore the Jasperlode Mine
20	Hearth to Goldshire
21	Fight Bartleby until you beat him
22	Go outside to Elwynn Forest
23	Go northwest to Stormwind
24	Go downstairs into the catacombs to 39.1,84.3
25	Use your Bloodstone Choker while standing on the pink Summoning Circle
26	In the catacombs below The Slaughtered Lamb.
27	Go upstairs to 39.2,85.3
28	Ride the train to Ironforge
29	Go outside to Dun Morogh
30	Go inside the cave to 70.7,56.5
31	Go outside to 68.7,56.0
32	Go east to Loch Modan
33	Hearth to Thelsamar
34	He wanders around town
35	Fly to Stormwind
36	Ride the boat to Auberdine
37	Click the Beached Sea Creature
38	It looks like a big green rotting dinosaur laying on the beach.
39	Click Buzzbox 827
40	It looks like a mechanical box with levers on it sitting in the grass next to a big wooden platform.
41	Click the Skeletal Sea Turtle
42	It looks like a big turtle skull underwater here.
43	Find a corrupt furbolg camp at this spot
44	Click the Buzzbox 411
45	It's a metal box with levers on it, sitting on the beach.
46	Hearth to Auberdine
47	Ride the boat to Stormwind Harbor
48	Click the Tome of Divinity in your bags
49	Make sure you have 10 Linen Cloth
50	If you do not already have it, buy 10 Linen Cloth from the Auction House.
51	Click the Symbol of Life in your bags to resurrect Henze Faulk
52	Go west to Stormwind
53	Go southwest to Westfall
54	Go up the huge spiral ramp to 58.7,40.5
55	Go up the huge spiral ramp to 58.6,40.3
56	Click Moonpetal Lilies
57	The Moonpetal Lillies look like tall flower with orange petals around the pond here.
58	Go into the cave at 56.8,31.7
59	Follow the path in the middle, then go left
60	Go up to the ledge above
61	Click a Webwood Egg
62	Follow the ramp to the top of the tree
63	Use your Crystal Phial in the moonwell water
64	Go to the top of the big tree
65	Use your Jade Phial in the moonwell water
66	Click Tallonkai's Dresser
67	To the right in the small house.
68	Click Fel Cones
69	They are big, brown, green smoking pine cones at the base of trees.
70	Click Timberling Sprouts
71	They are brown and green bulbs on the ground.
72	Click the Gnarlpine Necklace
73	Go to the top of the tower to 55.6,56.9
74	Go southwest into the cave at 44.4,57.8
75	Click the Chest of the Black Feather
76	On the top floor of the cave, across the bridge to the right, in the small room, on the right on the ground.
77	Click the Chest of Nesting
78	On the top floor of the cave, across the middle bridge, on the ground to the right in the small room.
79	Go downstairs to 44.9,61.6
80	Go to the next room over to 45.6,58.7
81	Click the Chest of the Raven Claw
82	At the bottom of the cave, up across the bridge, on a ledge.
83	Use the Voodoo Charm on his corpse
84	Release Oben Rageclaw's spirit
85	Go through the tunnel back to where Oben Rageclaw is to 44.7,62.5
86	Click the Chest of the Sky
87	Down the path at the bottom of the cave, next to Greenpaw.
88	Go back up the path to 44.9,61.6
89	Hearth to Dolanaar
90	Go north to Fel Rock
91	Go inside the cave to 52.8,50.2
92	Go outside and go to the top of the tower to 55.6,56.9
93	Use your Tourmaline Phial in the moonwell water
94	Click the Strange Fruited Plant
95	It looks like a big pink glowing plant.
96	Click the Amethyst Phial in your bags
97	Click the Strange Fronded Plant
98	It's a big glowing pink plant up on a hill.
99	Go west to Darnassus
100	Go east out of Darnassus to Teldrassil
101	The path up to 'Vorlus Vilehoof' starts here
102	Follow the path up to 47.4,63.6
103	Go northwest to Darnassus
104	Use your Taming Rod on a Webwood Lurker around this area
105	Use your Taming Rod on a Nightsaber Stalker around this area
106	Use your Taming Rod on a Strigid Screecher around this area
107	He gives you a spell called Teleport: Moonglade
108	Fly to Rut'theran Village
109	Go northwest into the big pink portal to Darnassus
110	Go into the pink portal to Rut'theran Village
111	Fly to Auberdine
112	Go into the cave at 43,46
113	Use your Cenarion Moondust on the Moonkin Stone to summon Lunaclaw
114	Go west to Auberdine and fly to Rut'theran Village
115	Go east outside of Darnassus to Teldrassil
116	Go outside to 68.7,56
117	Go inside Anvilmar to 28.5,67.7
118	Click Felix's Bucket of Bolts
119	Outside troll cave entrance on the ground next to the campfire.
120	Enter the troll cave at 26.8,79.8
121	Follow the path on the left to 30.5,80.2
122	Go outside to 22.8,79.9
123	Click Felix's Chest
124	In the troll camp on the ground, to the left directly next to the campfire.
125	Click Felix's Box
126	In the troll camp on the ground to the right of the campfire.
127	Go through the tunnel to the other side
128	Click the crate
129	In the small camp next to a tent.
130	The path up to Shimmerweed starts here
131	Click the Shimmerweed Baskets
132	The Shimmerweed Baskets look like woven wooden baskets on the ground around this area.
133	Give him the Thunder Ale
134	Click the barrel next to him
135	Explore Frostmane Hold
136	By the time you reach this point, you should have seen the "Explore Frostmane Hold" completed message.
137	Hearth to Kharanos
138	The path up to Protecting the Herd starts here
139	Go northeast to Ironforge
140	Go southeast to Loch Modan
141	Fly to Ironforge
142	Ride the tram to Stormwind City
143	Fly to Thelsamar
144	Ride the train to Stormwind
145	Go into the cave at 26.8,79.8
146	Go outside to 22.8,80.0
147	In the troll camp on the ground, to the right of the campfire.
148	Go northeast to Anvilmar
149	Use your Taming Rod on a Large Crag Boar around this area
150	Use your Taming Rod on a Snow Leopard around this area
151	Use your Taming Rod on an Ice Claw Bear around this area
152	Go to Ironforge
153	Use your racial ability, Gift of the Naaru, on a Draenei Survivor
154	They are Draeneis that are laying on the ground in this area.  I found a Dranei Survivor here, but you may have to search around the area.
155	Save a Draenei Survivor
156	Click the Corrupted Flowers
157	The Corrupted Flowers are tall red flowers around this area.
158	Click the Irradiated Power Crystal
159	It's a huge purple crystal sitting in the lake.
160	Disperse the Neutralizing Agent
161	Use your Inoculating Crystal on Nestlewood Owlkins
162	Inoculate 6 Nestlewood Owlkins
163	Go through the tunnel into the small clearing
164	Click the Emitter Spare Parts
165	They look like purple crystal guns sitting on the ground.
166	Hearth to Ammen Vale
167	The path over to the Spirit of the Vale starts here
168	Get the Blood Elf Plans
169	Click the Blood Elf Plans
170	Go west through the mountains
171	Use your Draenei Fishing Net next to the Schools of Red Snapper
172	They look like little round schools of fish in the water.
173	Click the Nautical Map sitting on a box under a green canopy
174	Click the Nautical Compass under the blue canopy with a green stripe on it
175	Click a Hollowed Out Tree
176	They look like tall, skinny tree stumps around this area.
177	Click the small piles of purple leaves
178	Click the white glowing orbs
179	Get a Rune Covered Tablet
180	Click the Rune Covered Tablet
181	Use your Tree Disguise Kit next to the Naga Flag on the beach
182	Watch the conversation
183	Uncover the Traitor
184	Hearth to Azure Watch
185	Get a Faintly Glowing Crystal
186	Click the Faintly Glowing Crystal
187	Click the Azure Snapdragons
188	They are tall flowers with big bulbs that puff smoke at the base of trees.
189	Click the Stillpine Furbolg Language Primer in your bags
190	Click the Totem of Akida next to Cryptographer Aurren
191	In the middle of town, next to the giant bone altar thing with the huge pink crystal in it.
192	Follow the ghost furbolg as he runs up the hill northeast to 55.2,41.6
193	Click the Totem of Coo
194	Follow the ghost furbolg to the edge of the cliff
195	He will give you wings
196	Jump off the cliff and glide to the ground to 64.5,39.8
197	Click the Totem of Tikti
198	Follow the ghost furbolg to the river
199	He will give you a swim speed buff
200	Swim south to 63,67.9
201	Click the Totem of Yor underwater
202	Follow the ghost furbolg out of the water
203	He will turn you into a ghost panther
204	Follow him as he runs northwest to 28.1,62.4
205	Click the Totem of Vark
206	Click the yellow cages
207	Free 8 Stillpine Captives
208	The path down to 'Warlord Sriss'tiz' starts here
209	Follow the path to the bottom of the cave to 25.2,74.2
210	Click the Ravager Cage
211	Go northwest to the Exodar
212	Go outside to Azuremyst Isle
213	Go west into Stillpine Hold to 46.1,16.6
214	Leave the cave and go east to 59.5,18.1
215	Unpack the Ritual Torch and Orb of Returning from your Fireproof Satchel in your bags
216	Click the Wickerman Effigy to summon Hauteur
217	Click the Orb of Returning in your bags to return to Temper
218	Use your Taming Totem on a Barbed Crawler around this area
219	Use your Taming Totem on a Greater Timberstrider around this area
220	Use your Taming Totem on a Nightstalker around this area
221	Go northeast to the Exodar
222	Go outside of the Exodar to Azuremyst Isle
223	Click the Stillpine Grain bags near the murloc huts
224	Get Gurf's Dignity
225	Click Gurf's Dignity
226	Go inside the big cave to 50.5,11.5
227	Click the Blood Crystal
228	It's a huge red crystal on a little dirt island in the water.
229	Go upstairs in the cave to 47.4,16.0
230	Go outside the cave to 46.7,20.6
231	Go inside the big cave to 49.9,13.0
232	Go outside the cave to 47.0,22.3
233	Ride the boat to Azuremyst Isle
234	Go west to the Exodar
235	Click the Tome of Divinity in your bags to read it
236	Go northeast to Bloodmyst Isle
237	Use your Symbol of Life in your bags on the Young Furbolg Shaman
238	He's a white furbolg laying on the ground.
239	Resurrect the Young Furbolg Shaman
240	Go south to Azuremyst Isle
241	Go southwest to the Exodar
242	Click a weapon rack
243	They look like small square racks with weapons sitting on them.
244	Click the Battle-worn Sword in your bags next to a runeforge
245	The Runforges look like big demon skull furnace things.
246	Use your Runeforging ability while standing near the Runeforge
247	They look like big skull furnaces.
248	Engrave your sword with the rune of your choice
249	Click the Acherus Soul Prison on the wall to free the Unworthy Initiate
250	It looks like a blue glowing skull.
251	Dominate an Unworthy Initiate
252	Click the Eye of Acherus Control Mechanism
253	It looks like a big blue glowing ball floating above a small pillar statue thing.
254	You will take control over the Eye of Acherus
255	Once the Eye stops moving, go immediately left to the blacksmith building
256	If you stay floating high enough, the soldiers will not attack you
257	Use your Siphon of Acherus ability near the floating red arrow
258	Analyze the New Avalon Forge
259	Go south to the big fort
260	Analyze Scarlet Hold
261	Go southwest to the town hall building with the huge clock tower
262	Analyze the New Avalon Town Hall
263	Go south to the small church
264	Analyze the Chapel of the Crimson Flame
265	Use your Recall Eye of Acherus ability to return to Ebon Hold
266	Stand on the pink glowing circle at the bottom of the stairs to teleport to the bottom level of Ebon Hold
267	Click the Scourge Gryphon to ride it down to Death's Breach
268	Flying in place on the balcony with green souls rising from it.
269	Walk around Death's Breach
270	Challenge Death Knight Initiates to duel
271	Defeat 5 Death Knights in a duel
272	Click the Abandoned Mail on top of the mailbox
273	It's a rolled up scroll sitting on top of a mailbox.
274	Click Saronite Arrows
275	They are green glowing arrows stuck in the ground around this area.
276	Click a horse to jump on it and steal it
277	Run back to Death's Breach quickly
278	Use your Deliver Stolen Horse ability on your bar when standing next to Salanar the Horseman
279	Kill a Dark Rider of Acherus and steal his horse
280	They walk around on horses.
281	Run back to Death's Breach
282	Use your Horseman's Call ability to call Salanar the Horseman
283	Complete the Horseman's Challenge
284	Use your Gift of the Harvester on Scarlet Miners inside this mine
285	Create 5 Scarlet Ghouls to follow you
286	Stand next to Gothik the Harvester
287	Standing in front of a small roundish stone altar thing.  He has a goat skull on his head.
288	Return 5 Scarlet Ghouls
289	Click the Inconspicuous Mine Car
290	It's a little mine car sitting next to an outhouse.
291	The miner takes you to a ship
292	Click a Scarlet Cannon on the side of the ship
293	Shoot the soldiers on the beach with the cannon
294	Use your Skeletal Gryphon Escape ability on your hotbar to escape to Death's Breach
295	Click the Scourge Gryphon to fly up to Ebon Hold
296	Flying in place, next to a blue flag.
297	Go southwest into the crypt to 54.3,57.3
298	Click the Empty Cauldron
299	In the basement of the building that looks like an inn, it's a big black pot.
300	Click the Iron Chain
301	It's a big chain in the corner inside the blacksmith house, above some barrels.
302	Run around the town and do the following:
303	Click the New Avalon Registry
304	It's a green book sitting on the table.
305	Go northeast into the crypt to 54.3,57.3
306	Click the big Plague Cauldron
307	It's a huge black pot bouncing around on the platform in the field.
308	Open the Ornate Jeweled Box in your bags
309	Equip the Keleseth's Persuader swords
310	Attack Scarlet soldiers and stop hitting them when they start talking, so you don't kill them too fast
311	Repeat until a soldier gives you information
312	Reveal the "Crimson Dawn"
313	Go northwest into the crypt to 54.3,57.3
314	Go northeast into Scarlet Hold and into the basement to 63.0,67.8
315	Koltira Deathweaver forms a bubble and you have to fight the mobs as the come in waves
316	Stay inside the bubble, it reduces spell damage done to you, so you'll live
317	Go upstairs in the fort to 63.0,68.3
318	Click the New Avalon Patrol Schedule
319	It's a blue book sitting on the table.
320	Use your Makeshift Cover while standing on the edge of the hill
321	Click the Portal to Acherus to go to Ebon Hold
322	Click the Horn of the Frostbrood in your bags
323	This will summon a dragon for you to ride around on
324	Fly and and use your dragon abilities to do the following:
325	Destroy 10 Scarlet Ballistas
326	Fly back to Death's Breach and jump off the dragon
327	The path over to Browman Mill starts here
328	Follow the path northwest to 33.9,30.4
329	Tell him you are ready for the siege (you may be unable to do this if someone else already has, don't worry)
330	Wait for the battle to start in 5 minutes
331	Help fight the epic battle
332	Uncover The Light of Dawn
333	Talk to Highlord Darion Mograine after the battle
334	Use your new Death Gate spell and click the purple portal to go to Ebon Hold
335	Stand on the purple circle to teleport upstairs
336	Stand on the purple circle to teleport downstairs
337	Click the Portal to Stormwind on the balcony
338	Go inside Stormwind City
339	Fly to Morgan's Vigil
340	Go northwest to 39.3,55.4
341	Go north to to the top of Dreadmaul Rock 81.0,46.8
342	Plant Gor'tesh's Head in the Soft Dirt Mound
343	On the ground by the fire in front of the cave.
344	Fly to Menethil Harbor
345	Ride the boat to Theramore
346	Fly to Cenarion Hold in Silithus
347	Go northeast to 54.4,30.6
348	Go west to 24.8,10.4
349	Click Twilight Tablet Fragments
350	They are blue glowing shards scattered on the ground around this area.
351	Hearth to Cenarion Hold
352	Go southwest to 55.1,59.7
353	Go into the cave to 67.2,69.8
354	Go southwest to 65.2,74.7
355	You can find more Stonelash Flayers and Rock Stalkers at 46.2,70.2
356	Fly to Theramore
357	Ride the boat to Menethil Harbor
358	Fly to Chillwind Camp
359	Enter the Ruins of Andorhal from this bridge
360	Use your Beacon Torch near the tower entrance
361	Mark Tower Four
362	Mark Tower One
363	Mark Tower Two
364	Mark Tower Three
365	Click Janice's Parcel
366	It's a brown package on the floor inside the barn, next to the wall as you enter.
367	Click Mrs. Dalson's Diary
368	Inside the barn, on the floor in the middle of the room, it's an opened book.
369	Unlock the Outhouse with the Dalson Outhouse Key
370	The Outhouse is behind the barn, next to a big tree stump.
371	Unlock the Locked Cabinet with the Dalson Cabinet Key
372	In the house, on the second floor in the small room.
373	The path down to Kirsta Deepshadow starts here
374	The path up to Huntsman Radley starts here
375	Kill Cavalier Durgen when he comes out in front of the tower
376	Stay in front of the tower. Cavalier Durgen will eventually walk out of the tower down the front.
377	Click the small brown chest
378	Jump off the cliff down to Kirsta Deepshadow
379	Click the Good Luck Other-Half-Charm in your bags
380	Combine the two halves of the charm
381	Escort Anchorite Truuen
382	The wolves in this area share a respawn with the spiders so killing them as well will spawn wolves faster.
383	You can also find more wolves at 45.6,47.4
384	Click the Portal to Blasted Lands
385	Buy the following from the Auction House:
386	5 Earthroot
387	Remember, you have the spell Teleport: Moonglade
388	The path up to 'The Principal Source' starts here
389	Stand in the calmer looking water
390	Use the Empty Cliffspring Falls Sampler in your bags
391	Click the Lunar Fungal Blooms inside the 3 caves around this area
392	They are all around Darkshore in no specific spot:
393	Use your Curative Animal Salve on Sickly Deers
394	Cure 10 Sickly Deers
395	Hearth to Sentinel Hill
396	Click the Sack of Oats (if it's not there, wait a few minutes, it will reappear)
397	This is where I get my first Sack of Oats for "Poor Old Blanchy".  Get the rest of them as you see them around Westfall.
398	You can find more gnolls at 52.4,16.2
399	Click Furlbrow's Wardrobe
400	Inside the small house on the right, click the wooden wardrobe.
401	You can find more Harvest Watchers at 53.5,29.4
402	Make sure you have 8 Handfuls of Oats
403	Fly to Stormwind City
404	Use Tharnariun's Hope on a Rabid Thistle Bear
405	Capture a Rabid Thistle Bear
406	Walk up next to the big red crystal at the top of this hill
407	Locate the large, red crystal on Darkshore's eastern mountain range
408	Use your Empty Water Tube in your bags in the moonwell water
409	Click the Mysterious Red Crystal
410	It's a big red crystal sitting at the top of this hill.
411	Click Buzzbox 323
412	It's a metal box with some levers on it, on the side of the road.
413	Jump down into the water below the bridge to 50.9,25.7
414	Use your Empty Sampling Tube at the bottom of this waterfall
415	Click the Beached Sea Turtle's hand
416	It looks like a huge sea turtle skeleton on the beach.
417	Go underwater to 39.6,27.5
418	Click the Mist Veil's Lockbox
419	It's a small grey chest at the very bottom of the ship.
420	Go underwater to 38.2,28.8
421	Click the Silver Dawning's Lockbox
422	It's a small grey chest at the very bottom of this ship.
423	Click the Lay of Ameth'Aran
424	It's a stone tablet laying flat on the ground.
425	Read the Lay of Ameth'Aran
426	Click the Ancient Flame
427	It's a stone podium with a green coming out of the top of it, inside a dark colored broken gazebo.
428	Destroy the seal at the ancient flame
429	Click the Fall of Ameth'Aran
430	It's a stone tablet standing upright on the ground.
431	Read the Fall of Ameth'Aran
432	The path up to Tharnariun's Hope starts here
433	The path up to Cave Mushrooms starts here
434	Click the mushrooms up the hill, inside the cave
435	Go south in the lake to 57.6,57.8
436	Click the Bauble Container underwater
437	It looks like a wooden vase thing underwater on top of a big hill.  They spawn randomly, so you may have to search around the lake for another Bauble container.
438	Use the Shrine Bauble in your bags next to the tree that looks like a woman
439	Complete the Trial of the Lake
440	Click the Strange Lockbox underwater
441	Fly to Sentinel Hill
442	Stand next to the tree that looks like a woman
443	Click the Half Pendant of Aquatic Agility in your bags
444	Go to Rut'theran Village
445	Click Miners' League Crates inside the cave
446	Go outside to 24.8,18.4
447	Go northeast to 65.9,65.6
448	The next quest is timed. Make sure you are ready.
449	Click Bingles's Toolbucket
450	It's a little silver bucket on the ground.
451	Click Bingles' Blastencapper
452	It's the little bitty barrel to the right of the hut entrance with a fuse on it.
453	Click Bingles' Toolbucket
454	Click the Suspicious Barrel
455	Its a little barrel sitting on the ground right next to the wall.
456	Go east to Redridge Mountains
457	Click the Glinting Mud
458	The Glinting Mud spawns in random places around this area, so some searching may be necessary.
459	Click the Sunken Chest
460	Hearth to Lakeshire
461	Get 8 Murloc Fins for a later quest
462	Go southeast to Ashenvale
463	Go southeast to the Barrens
464	Go north to Ashenvale
465	Click the Heartswood tree
466	It's a tall tree.
467	Go north to Darkshore
468	Go downstairs into the crypt to 22.1,84.4
469	Use your Heartswood Core while standing on the pink Summoning Circle
470	Go upstairs to 39.6,84.6
471	Fly to Lakeshire
472	Escort The Defias Traitor to discover where VanCleef is hiding
473	Click the Wanted Poster
474	On the side of the road, next to the wall of the inn.
475	It's a big sea creature skeleton on the beach.
476	Click Buzzbox 525
477	It's a metal box with levers on it, on the side of the road.
478	Clear the mobs around the table
479	Jump on the table with the remains on it
480	Click your Phial of Scrying in your bags
481	Create the Scrying Bowl
482	Click the Scrying Bowl
483	Click the Twilight Tome
484	Escort Therylune away from the Master's Glaive
485	Click Kerlonian's Chest next to him
486	Escort Kerlonian Evershade south to Ashenvale, then south to Maestra's Post
487	Do NOT follow the road. Walk in the forest as much as you can. This will allow you to avoid the ambushes along the way.
488	Use your Horn of Awakening on Kerlonian Evershade when he falls asleep to wake him up
489	Click the Mathystra Relics
490	They look like stone balls and figurines on the ground around this area.
491	Go south to Ashenvale
492	Click the Plant Bundles
493	They look like little white straw teepees on the ground around this area.
494	Click Teronis' Corpse
495	Teronis' Corpse is on the little island in the middle of the lake.
496	Click the Ancient Statuette
497	Looks like a stone figurine on the ground.
498	Hearth to Astranaar
499	The path to Shael'dryn starts here.
500	The path to 'Elune's Tear' starts here
501	Click an Elune's Tear
502	They look like big white pearls at the base of the tree on the island in the middle of the lake.
503	The path to the Ruins of Stardust starts here
504	Click the Stardust Covered Bushes
505	They look like sparkling bushes around this area.
506	Use your Divining Scroll on the Intact Elemental Bracers
507	Go southwest to Talondeep path at 42.3,71.1
508	Go through the tunnel to Stonetalon Mountains
509	Fly to Astranaar
510	Go into the tunnel to 49.7,79.5
511	Follow the path through the tunnels to 53.9,70.3
512	Traverse Dun Algaz
513	Get the 4 Relics that spawn randomly in different places around this area.  They can spawn up the hill next to Sarltooth also:
514	Ados Fragment
515	The Ados Fragment looks like a big stone box.
516	Modr Fragment
517	The Modr Fragment looks like a thin, tall red vase with a yellow face on it.
518	Golm Fragment
519	The Golm Fragment looks like a wide yellow vase with black silhouettes on it.
520	Neru Fragment
521	The Neru Fragment looks like a mound of dirt.
522	Mosshide Gnolls and Mosshide Mongrels will not drop the Crude Flint.
523	Hearth to Menethil Harbor
524	Go southest to Azuremyst Isle
525	Go southwest to ride the boat to Auberdine
526	Stand next to the Ruins of Stardust Fountain
527	The fountain is in the middle of a black gazebo.
528	Click the Empty Bota Bag in your bags
529	Go north to Astranaar and fly to Auberdine
530	Click the Barrel of Filth sitting next to the red river
531	Go southeast to Azuremyst Isle
532	Click the Damaged Crate on the ground by the murloc huts
533	Click the Sealed Barrel on the ground next to the murloc huts
534	Click the Half-buried Barrel next to the murloc hut
535	Buy a Bronze Tube from the Auction House
536	To the right of the entrance to the inn.
537	Go southwest to Duskwood
538	Click the Old Footlocker
539	It's a small rectangular wooden box on the floor inside this house.
540	Go to Sentinel Hill and fly to Darkshire
541	Go upstairs in the inn to 44.3,65.8
542	Click the Storage Chest
543	It's a brown chest sitting on the floor in this room, upstairs inside the inn.
544	Click the Sealed Crate
545	It's a wooden crate on the side of the road.
546	Click Marshal Haggard's Chest
547	It's a brown chest on the floor next to a bed, upstairs in this house.
548	Hearth to Darkshire
549	The path over to Worgen in the Woods starts here
550	Run up the hill behind the town hall building
551	He spawns at random points inside of the cave.
552	Go outside to 18.2,56.6
553	Click the Weathered Grave
554	It's a grave on the hillside all by itself.
555	Click the Mound of Loose Dirt
556	It's easiest to work your way around to behind the farm around this spot.
557	Go west to Westfall
558	Go east to Duskwood
559	Click Abercrombie's Crate
560	It looks like a wooden crate sitting next to a bunch of wooden barrels.
561	Click Eliza's Grave Dirt
562	It looks like a single dirt grave.
563	Go southeast to The Barrens
564	Go northwest to Ashenvale
565	Go northwest to Astranaar and fly to Auberdine
566	Fly to Darkshire
567	The path up to Call of Air (2) starts here
568	Go up the path to 24.6,35.6
569	Click -I am ready-
570	He brings you back down the mountain to the Exodar at 78,55
571	Go inside the Exodar to 31.4,27.7
572	Open the small chest here
573	Click the Tainted Wood bundles
574	They look like little bundles of wood on the ground around this area.
575	Click the Chalice of Elune
576	It's a blue glowing pedestal sitting ont he right side of the red tower thing.
577	Click the Lumber Piles
578	The Lumber Piles look like stacked planks of wood around this area.
579	Click the Fertile Dirt Mounds
580	Plant 8 Tree Seedlings
581	Click the Diabolical Plans
582	Click the Bottle of Disease on the table
583	Click the Rusty Chest that spawns
584	The path up to 'The Howling Vale' starts here
585	Click the Tome of Mel'Thandris
586	Through the cave, down the path, sitting on a little round table.
587	View the Tome of Mel'Thandris
588	Go east to Azshara
589	The path up to 'Raene's Cleansing (6)' starts here
590	Click the Hidden Shrine
591	Follow the path up the mountain. It's a little stone shrine in a hollowed out tree. The path dead ends into the Hidden Shrine.
592	Ride the boat to Rut'theran Village
593	Go through the big pink portal to Darnassus
594	Click Velinde's Locker
595	Over the bridge on the second floor of the building. It is a chest on the ground.
596	Click the Waterlogged Chest
597	It's a brown chest sitting on this tiny island between 2 broken ship halves.
598	Go downstairs in the ship to 14.1,30.1
599	Go underwater to the bottom of the ship to 14.4,24
600	Click Intrepid's Locked Strongbox
601	At the very bottom of this sunken ship, underwater.  It looks like a small metal chest.
602	Click the Dragonmaw Catapult
603	Click Ebenezer Rustlocke's Corpse
604	Down the passage to the right in the middle of the bridge, all the way downstairs.
605	Go north to the Arathi Highlands
606	Click the Cache of Explosives
607	To the right across the hanging bridge after walking across the big bridge from the Wetlands.
608	Destroy the Cache of Explosives
609	Go south to the Wetlands
610	Go northwest to the Hillsbrad Foothills
611	Click the Unopened Crate
612	Inside the crumbled tower, under the broken staircase, on the floor to the right as you enter.
613	Go north to the Alterac Mountains
614	You can find more of these around 47.9,79.5
615	Click the Syndicate Documents on the little round table in the middle of the small camp
616	Hearth to Southshore
617	Fly to Refuge Point
618	Buy 4 Lesser Bloodstone Ore from the Auction House
619	Go southwest to Stranglethorn Vale
620	Click the Kurzen Supplies
621	They look like a pile of brown boxes in the small camp.
622	Go south to Booty Bay to 26.9,77.2
623	Ride the boat to Ratchet
624	Go southwest to Thousand Needles
625	Click Henrig Lonebrow's Journal
626	In the hand of a corpse laying on the side of the road at the bottom of the Great Lift.
627	Click Henrig Lonebrow's Journal in your bags
628	Get Rocket Car Parts as you walk around in the Shimmering Flats
629	They look like metal scraps on the ground.
630	Finish getting the 30 Rocket Car Parts you need
631	Go southwest to Tanaris
632	Fly to Stonetalon Peak
633	Go south to Desolace
634	The path up to Nijel's Point starts here
635	Click the Malem Chest
636	It's the only light brown colored box next to the crashed wagon.
637	Use your Kodo Kombobulator on Ancient, Aged, or Dying Kodos
638	Lead them back to Smeed Scrabblescrew one at a time
639	Lead 5 Tamed Kodos back to Smeed Scrabblescrew
640	Click the Kodo Bones
641	They look like white rhino skulls on the ground around this area.  If a Kodo Apparition spawns, just run away from it.
642	Click Karnitol's Chest
643	Karnitol's Chest is a chest sitting on the beach.
644	Click Rackmore's Log
645	Rackmore's Log is a little black book sitting on a barrel in a small boatwreck on the shore.
646	Click Rackmore's Chest
647	Looks like a brown chest sitting between 2 trees.  It's kind of hidden.
648	Click the Serpent Statue
649	Hearth to Nijel's Point
650	Go southwest to Feralas
651	Ride the boat to Feathermoon Stronghold
652	Fly to Ratchet
653	Ride the boat to Booty Bay
654	Click Cozzle's Footlocker
655	It's a brown chest in the small house.
656	See a message saying you Investigated the Camp
657	Go outside to 38.0,3.1
658	Hearth to Booty Bay
659	Fly to Gadgetzan
660	Go north to Thousand Needles
661	Fly to Southshore
662	Click the Shards of Myzrael
663	It's a huge floating black crystal.
664	The path up to 'The Princess Trapped' starts here behind the tree
665	Click the Iridescent Shards
666	Inside the cave, follow the path curving up to the left. It's a big black floating crystal.
667	Go outside to 66.7,29.7
668	Click the Stone of East Binding
669	In the middle of a circle of stones.
670	Go outside to 60.2,53.9
671	The Forsaken Courier walks the road from the Go'Shek Farm to Tauren Mill in the Hillsbrad Foothills. If you see him while walking around, kill only the Forsaken Courier then run away. If you still have not found him after you're done questing, walk the road until you find him.
672	Get the Sealed Folder from the Forsaken Courier
673	Click the Stone of Outer Binding
674	Click the Wanted Board
675	Next to a tent.
676	Click the Stone of West Binding
677	She can also be at 29.6,63.0
678	At 29,63, she is standing behind a big house, next to a table with a bunch of raw meat on it.
679	Go outside to 24.4,61.2
680	The path to Trelane's Defenses starts here
681	Go outside Stromgarde to 36.2,57.3
682	Click the Stone of Inner Binding
683	The path over to Faldir's Cove starts here
684	Escort Professor Phizzlethorpe
685	Click the Maiden's Folly Log
686	On the middle deck, in a pile of junk, sitting in a cauldron looking pot.
687	Click the Maiden's Folly Charts
688	On a wooden ledge on the middle deck. It looks like a tan, flat scroll.
689	Click the Spirit of Silverpine Charts
690	It's a flat scroll laying on a box next to a cannon on the middle deck of the ship.
691	Click the Spirit of Silverpine Log
692	It's a scroll laying flat on the ground at the very bottom of the ship.
693	Put on your Goggles of Gem Hunting
694	Click the Calcified Elven Gems
695	Use your Goggles of Gem Hunting. The Calcified Elven Gems will show up as yellow dots on your mini map.
696	If you haven't killed the Forsaken Courier for 'Hints of a New Plague?' (2), do it now
697	Go to Arathi Highlands if you are in Hillsbrad Foothills
698	Escort Kinelory
699	Expose 5 Deserter Agitators
700	Click the Deserter Propoganda boxes on the ship
701	A pile of boxes on the bottom deck of the ship in the Captain's quarters.
702	Give them each a flier
703	Distribute 6 Leaflets
704	Fight Gavis Greyshield until he surrenders
705	He's downstairs in this ship, in the captain's quarters.
706	Capture Gavis Greyshield
707	Underwater around this area.
708	Click the Loose Dirt
709	It looks like a dirt grave next to the small shack.
710	Kill Giant Marsh Frogs around "Swamp Eye" Jarl's house
711	Gather 10 Information
712	Click Witchbane plants
713	They are bright green fern looking plants with a tall pink flower in the middle of them.
714	Use your Witchbane Torch in your bags
715	A flying demon will appear
716	Cleanse Witch Hill
717	Fight Bloodfen Screechers and Bloodfen Raptors
718	Use your Sturdy Rope on the raptors when they are almost dead
719	You will see a message in your chat window letting you know when you can capture the raptor.  Do not kill the raptors or you won't be able to capture them.
720	Capture 6 Raptors
721	Help Stinky find Bogbean Leaves
722	Click the Blackhoof Cages
723	The Blackhoof Cages are yellow cages around this area.
724	Free 5 Theramore Prisoners
725	Use your Raptor Bait next to the windmill
726	Release the Raptors
727	Click the Suspicious Hoofprints'
728	They look like a set of 3 toed tan muddy footprints on the ground next to the path.
729	Click the Theramore Guard Badge
730	A very tiny grey badge laying on a board ont he floor in the burnt down house.
731	Click the Black Shield
732	Hanging on the brick chimney wall.
733	To the right of the stairway entrance to the big hut.
734	Click the Zeppelin Cargo
735	They look like wooden boxes on the ground around this area.
736	Use your Ooze Buster on oozes
737	You have to be near a Power Core Fragment (the things that connect lightning to you).
738	Dissolve 10 Oozes
739	Click the Gizmorium Shipping Crate
740	It's a wooden crate next to the crashed zeppelin, on the left side.
741	The path down to Nat Pagle starts here
742	Use Pagle's Fish Paste, Extra Strength
743	Kill the Lurking Shark that spawns underwater
744	Test the Fish Paste
745	Hearth to Theramore
746	A huge monster will spawn in the water
747	Run around on the dock clicking the big metal cannons until the big monster dies
748	Go outside to 55.4,26.3
749	Go southeast to Theramore and fly to Mudsprocket
750	Fight Balos Jacken until he surrenders
751	He's a big green raptor standing at the entrance to the cave.
752	Use Brogg's Totem on their corpses
753	Go inside the cave to 38.1,69.4
754	Click the Stonemaul Banner
755	It looks like a hanging tiger skin with an eye painted on it inside the cave.
756	Go outside to 41.9,74
757	Click the Wyrmtails
758	They look like green balls on the ground.
759	Click the Ogre Remains
760	They look like big white bones on the ground.
761	Lay 10 Stonemaul Spirits to rest
762	Use your Stonemaul Banner at the foot of the stone ramp at the entrance to Onyxia's Lair
763	A dragon will appear
764	Avenge the Stonemaul Clan
765	Use your Captured Totem
766	Perform 10 Totem Tests
767	Kill 12 Direhorn Grimtotems
768	Click the Sealed Letter
769	Go outside to 46.6,24.6
770	Click the Grimtotem Notes in your bags to combine them
771	Click the Blackhoof Armaments
772	The Blackhoof Armaments look like wooden weapon with huge spears on them around this area.
773	Use Tabetha's Torch inside this tent
774	Burn the East Tent
775	Burn the Northeast Tent
776	Burn the North Tent
777	Go southwest to Mudsprocket and fly to Theramore
778	Go outside to 63.7,42.8
779	Use your Wreath in your bags
780	Lay the Wreath at the Hyal Family Monument
781	It's a big gray tombstone in this graveyard.
782	You can find more of these trolls at 45.4,32
783	Bhag'thera can also be found:
784	At 47.2,28.6
785	At 48.8,20.1
786	Click the Bloodsail Correspondence
787	It's a piece of paper sitting on top of a barrel.
788	Go inside Booty Bay to 26.9,73.6
789	Fly to the Rebel Camp
790	Fly to Booty Bay
791	Buy the following items from the Auction House:
792	If you cannot buy some of these, ask people to make them for you in General and Trade chat.  Offer to pay well and you will usually get someone to do it for you.
793	Go southwest to the Badlands
794	Click the Crumpled Map
795	Laying on the ground under a white canopy.
796	Click the Excavation Supply Crate
797	It's a wooden crate, sitting next to a very small tent, canopy thing in the small ogre camp, or sitting on the ground next to a cauldron.
798	The crate can also be located at 66.9,23.4
799	Click the Battered Dwarven Skeleton on the ground
800	Murdaloc walks around the trogg camp.
801	The path up to Study of the Elements: Rock (2) starts here
802	The path up to 'Study of the Elements: Rock (3)' starts here
803	Kill the Fam'retor Guardian that spawns
804	Go northwest to Loch Modan
805	Go east to Deadwind Pass
806	Go east to the Swamp of Sorrows
807	Go southeast to the Blasted Lands
808	Kill Bloodsail pirates along the beach around this area
809	Click the Bloodsail Orders
810	They are scrolls laying on a box and in the tent here.
811	Click the Bloodsail Charts
812	They can also spawn in the camp to the southwest at 27.0,82.8
813	Go north to Booty Bay to 26.9,77.3
814	More can be found at 26.1,61.9
815	Right in front of the huge cage door.
816	He will create a diversion to distract Rizzle Brassbolts
817	After you talk to him, skip to the next step of the guide
818	Click Rizzle's Unguarded Plans
819	Rizzle Brassbolts will run out of the house.  The plans look like a scroll laying on the ground inside a small house.
820	Go south to Tanaris
821	You can find more Wastewander Bandits and Thieves at 62.8,29.4
822	Click the Stolen Cargo
823	Hearth to Gadgetzan
824	Fly to Feathermoon Stronghold
825	Click the Solarsal Gazebo
826	It's a big dark colored gazebo.
827	The path down to 'Against Lord Shalzaru' starts here
828	Follow the path into the cave
829	Go outside the cave to 30.3,46.2
830	Ride the boat to the main continent of Feralas
831	Use Yeh'kinya's Bramble on their corpses
832	Talk to their spirits that appear to collect their spirits
833	Collect 3 Screecher Spirits
834	Click the Wrecked Row Boat
835	It's underwater and hard to see.
836	The path up to the Moonweavers starts here hidden behind the tree
837	Click the Cage Door on the huge cage
838	Free the Sprite Darters
839	The Grimtotems will attack the Sprite Darters, you have try to protect them.
840	Save at least 6 Sprite Darters from capture
841	Click the Large Leather Backpacks
842	They are 2 black bags hanging together at the bas of the huge tree.
843	Click the Undelivered Parcel
844	Enter the tunnel heading southwest
845	Turn right at the fork into the small circular room
846	Click the Zukk'ash Pod
847	Stay around until Raschal talks and disappears
848	Free Raschal
849	Hearth to Feathermoon Stronghold
850	Fly to Thalanaar
851	On the border of Thousand Needles and Feralas, if you didn't remember.
852	Click the green book on the floor, next to a bookshelf, named Feralas: A History
853	Go to Darnassus
854	Buy 2 Elixirs of Fortitude from the Auction House
855	The path to the Hinterlands starts here
856	Go northeast to the Hinterlands
857	Click Featherbeard's Journal
858	Inside the little house, downstairs, laying right in front of the fireplace.
859	Click Wildkin Feathers
860	They look like big brown and white feathers on the ground here and around Quel'Danil Lodge.
861	Click the First Witherbark Cage to check it
862	Click the Second Witherbark Cage to check it
863	Click the Third Witherbark Cage to check it
864	The path down to Gammerita starts here
865	Use your Super Snapper FX on Gammerita to get a snapshot of her
866	You do not need to fight her, just run away.  I found her here, but she wanders around on this beach, so you may need to search this beach for a little bit.
867	Click the little blue bottles of Pupellyverbos Port
868	Hearth to Aerie Peak
869	Click Featherbeard's Remains at the top of the temple, up the stairs
870	Click the Gryphon Eggs
871	They look like medium sized white eggs with blue spots on them.
872	Search the Altar of Zul
873	Run up the stairs of the temple towards this spot to Search the Altar of Zul.  There are a bunch of mobs at the top, so run around at the top of the temple and once you complete the quest, run away as fast as you can.
874	Use Zorbin's Ultra-Shrinker on giants
875	The path up to the yeti cave starts here
876	Click the Flame of Byltan
877	It's a purple flame in the dark gazeebo.
878	The path up to the Flame of Samha starts here
879	Jump on the broken pillars to get up to the Flame of Samha
880	Click the Flame of Samha
881	On top of the white building.
882	Click the Flame of Imbel
883	In the middle of 3 rocks.
884	Click the Flame of Lahassa
885	It's a purple flame in a dark gazeebo.
886	Use Troyas' Stave next to the Equinex Monolith
887	On a white platform, looks like a Japanese building.
888	Click the Equinex Monolith
889	Click the small chest next to Shay Leafrunner
890	Take Shay Leafrunner to Rockbiter's camp at 42.4,22
891	When she runs off, use Shay's Bell to call her back
892	Use your Untapped Dowsing Widget near the water
893	Run away from the insects that spawn.
894	Standing inside the cave.
895	Click Gahz'ridian Ornaments
896	They look like white bumps on the ground.
897	The path down to 'The Scrimshank Redemption' starts here
898	Enter this tunnel heading north
899	Take a right at the fork in the path into a big round room
900	Enter the tunnel on the other side of the room
901	Take a right at the fork into a squarish big room
902	Click Scrimshank's Surveying Gear
903	It's a small box with some levers on it in the corner of the room.
904	Go outside to 50.2,27.5
905	Make sure you have your 2 Elixirs of Fortitude in your bags
906	Fly to Aerie Peak
907	Click a Violet Tragan
908	They are brown and white mushrooms underwater.
909	Click the Half-Buried Bottles
910	They are little blue bottles that can spawn anywhere along this beach close to the water.
911	Click the Carefully Folded Note
912	Give him 1 Gorilla Fang
913	3 gorillas will attack you one at a time
914	Mokk the Savage is the final gorilla
915	While doing the next 3 steps, look for Cortello's Riddle on the ships:
916	Click Cortello's Riddle
917	It's a scroll.
918	Skip to the next step of the guide
919	Standing on the middle deck of the ship.
920	Make sure you have accepted the Cortello's Riddle quest:
921	Buy a Mithril Casing from the Auction House
922	Click the Soggy Scroll
923	It's a rolled up scroll laying in the water under the bridge. It's very easy to to miss, so search hard.
924	At Grind Point 1: 49,18
925	At Grind Point 2: 45,26
926	At Grind Point 3: 46,34
927	At Grind Point 4: 56,37
928	At Grind Point 5: 56.3,30.5
929	At Grind Point 6: 63,28
930	Follow the Grinding Circle killing boars, hyenas, vultures, basilisks, and scorpions until you:
931	Skip this step if you have done the quests from the previous step already.
932	Click the little brown box outside the house on the ground
933	It's a small wooden chest to the right of the doorway to a small house.
934	Go north to Gadgetzan and fly to Theramore
935	Buy 15 Silk Cloth from the Auction House
936	Go southeast to the Badlands
937	The path over to Searing Gorge starts here
938	Follow the path over to Searing Gorge
939	The path up to Thorium Point starts here
940	Click the Wanted/Missing/Lost & Found Poster
941	Next to some boxes.
942	Click the Grimesilt Outhouse Key
943	The path up to Margol the Rager starts here
944	Click Margol's Horn
945	Click the Wooden Outhouse
946	Click the book he slides under the door
947	You can find more Glassweb Spiders at 61.9,54.6
948	Escort him until he gets murdered(it's part of the quest)
949	He drops a note when he dies
950	Click the Singed Letter
951	Hearth to Ironforge
952	Go northeast to Thelsamar and fly to Ironforge
953	Go northeast to Thelsamar and fly to Thorium Point
954	The entrance to the Slag Pit is here
955	It's up on the Metal Riser Walkway things.
956	Follow the path, go left though the Jail Door
957	While in the Slag Pit:
958	Go up the big metal ramp into the big room
959	Click the Secret Plans: Fiery Flux
960	It's a scroll laying on a bench behind Overseer Maltorius.
961	Jump off the bridge at this spot to the path below
962	Go outside to 37.6,26.5
963	Slowly work your way to this spot
964	Jump onto the red crystal in the lava
965	Click it and get the Mysterious Artifact
966	Kill Twilight mobs around the lava
967	Click the green glowing floating Torch of Retribution
968	Go into the Slag Pit
969	Click the Altar of Suntara
970	Inside the Slag Pit laying on the ground.
971	Leave the Slag Pit, go up top of the Cauldron
972	Equip the Torch of Retribution
973	Click the Sentry Brazier
974	At the top of the tower, click the little metal blazer on the ground.
975	Set the Northern Tower Ablaze
976	Set the Western Tower Ablaze
977	Set the Southern Tower Ablaze
978	Set the Eastern Tower Ablaze
979	Click the small grey chest on the ground
980	Click the chest again
981	Open the Hoard of the Black Dragonflight in your bags
982	Make sure to save the Black Dragonflight Molt
983	Go north to Thorium Point and fly to Nethergarde Keep
984	Go northwest to the Swamp of Sorrows
985	Fly to Mudsprocket
986	Click the Damaged Crate
987	It's a half buried crate with a little fire on it.
988	Click the Musty Scroll
989	A little white scroll on a small rock in the cave.
990	Go southeast to Mudsprocket and fly to Gadgetzan
991	Go southwest to the Un'Goro Crater
992	While questing in Un'Goro Crater, look for the following items on the ground:
993	Green Power Crystals - get 7 of these
994	Red Power Crystals - get 7 of these
995	Blue Power Crystals - get 7 of these
996	Yellow Power Crystals - get 7 of these
997	Un'Goro Dirt Piles - get 25 of these
998	Click the Mangled Journal
999	Click the Wrecked Raft
1000	It's a busted up wooden boat on the shore of this small pond.
1001	Click the Small Pack
1002	It's a big tan sac underwater in this pond.
1003	Click the Fresh Threshadon Carcass
1004	Looks like a big dead dinosaur with a bunch of wounds.
1005	Kill raptors near the egg nest here
1006	Kill the Lar'korwi Mate that spawns
1007	You can find another egg nest at 63.2,77.4
1008	Stand on the big grey flat rock
1009	Click Torwa's Pouch in your bags
1010	Click the Preserved Threshadon Meat in your bags
1011	Click the Preserved Pheromone Mixture in your bags
1012	Kill Un'Goro Gorillas inside the cave
1013	Kill Un'Goro Stompers inside the cave
1014	Kill Un'Goro Thunderers inside the cave
1015	Click the sign
1016	Next to a big tree, looks like a sign.
1017	Go up the hill
1018	Click the Northern Pylon
1019	It looks like a big machine with a huge crystal spinning on top of it.
1020	Examine the Northern Pylon
1021	Go east into the gorilla cave
1022	Go into the gorilla cave to 67.7,16.8
1023	Click the Crate of Foodstuffs
1024	In a small camp under a white canopy.
1025	Click the Eastern Pylon
1026	Up the big hill, looks like a structure with a big blue crysal spinning above it.
1027	Examine the Eastern Pylon
1028	The path down into the Slithering Scar starts here
1029	Go down the path
1030	Go left at the fork into the circular room
1031	In the middle of the room, use your Unused Scraping Vial
1032	Go out of the hive to 50.5,78.4
1033	Click the Research Equipment
1034	It's a pile of boxes.
1035	Click the Western Pylon
1036	Examine the Western Pylon
1037	You can find more Frenzied Pterrordax at 23.3,42.3
1038	Follow the path up the moutain to 49.7,45.7
1039	Use Krakle's Thermometer on the Fire Plume Ridge Hot Spot
1040	It's a big black rock with a bunch of red cracks in it.
1041	Find the hottest area of Fire Plume Ridge
1042	When Ringo faints, use Spraggle's Canteen on him to revive him
1043	When escorting Ringo, bring him to 43.6,8.5
1044	The path over to Silithus starts here
1045	Go to Silithus
1046	Go into the pink portal to Darnassus
1047	Fly to Talrendis Point in Azshara
1048	Click the Rune of Sael'hai
1049	A tall, purple glowing monument looking thing.
1050	Click the Rune of Markri
1051	A tall, purple glowing looking monument thing.
1052	Click the Rune of Jin'yael
1053	Click the Rune of Beth'Amara
1054	Follow the road west out of the canyon
1055	The path up to Kim'jael starts here
1056	Click Kim'jael's Equipment box
1057	It's a small crate sitting on the ground.
1058	There are usually more boxes around at 58.7,29
1059	The path down to Some Rune starts here
1060	The path out of the naga beach starts here
1061	Stand on the landing pad on the small island
1062	Use your Standard Issue Flare Gun
1063	Go northeast to Felwood
1064	Click the Package of Empty Ooze Containers in your bags
1065	Use your Empty Cursed Ooze Jars on their corpses
1066	Use your Empty Tainted Ooze Jars on their corpses
1067	You can find more Tainted Oozes at 40.5,55.7
1068	To the left of the green bubbling slime pool.
1069	Use your Empty Canteen near the green moonwell
1070	Explore the craters in the Shatter Scar Vale
1071	The path up to 'Further Corruption' starts here
1072	Click the Flute of Xavaric
1073	Go through the tunnel to Winterspring
1074	At the fork, the tunnel heading east is the tunnel to Winterspring
1075	Right outside the tunnel at 27.7,34.5
1076	Go northwest into the tunnel
1077	Go north at the fork into Moonglade
1078	Buy 1 Bait from Gregan Brewspewer
1079	Click the Bait in your bags to place it here
1080	Miblan Snarltooth will run over to the bait and start eating it
1081	The door behind him will slide open
1082	Run into the stone building
1083	Click the Evoroot on the pedestal
1084	Accept The Videre Elixir from him to give him the Evoroot
1085	Fly to Emerald Sanctuary
1086	Fly to Talonbranch Glade
1087	Go north to Winterspring through the tunnel
1088	Outside the tunnel to the right at 27.7,34.5
1089	Go northwest to Ratchet and fly to Theramore
1090	He wanders around Ironforge
1091	Make sure you have a Mithril Casing in your bags
1092	Drink a Videre Elixir in the graveyard
1093	You will die.  Release your spirit, but DON'T resurrect yet
1094	Go south as a ghost to the graveyard
1095	Resurrect now in the graveyard, and skip to the next step in the guide
1096	Click the Conspicuous Gravestone
1097	It's the only grave that looks like a stone tombstone.
1098	Go southwest to Un'Goro Crater
1099	Click the Bag of Empty Ooze Containers in your bags
1100	Kill Oozes as you see them in Un'Goro Crater while doing other quests
1101	Use your Empty Pure Sample Jars on their corpses
1102	Escort A-Me 01 to Karna Remtravel
1103	Make sure you have 10 Filled Pure Sample Jars
1104	If you don't have them, kill Oozes all over Un'Goro Crater
1105	Use Eridan's Vial at the moonwell in the Temple of the Moon
1106	The cave entrance and path down to Dousing the Flames of Protection starts here
1107	Click the Brazier of Pain
1108	Underground in the cave, looks like a purple flame in a bowl.
1109	Extinguish the Brazier of Pain
1110	Click the Brazier of Hatred
1111	Extinguish the Brazier of Hatred
1112	Click the Brazier of Suffering
1113	Extinguish the Brazier of Suffering
1114	Click the Brazier of Malice
1115	Extinguish the Brazier of Malice
1116	Leave the cave and go to 48.5,20.2
1117	Go east to Talonbranch Glade and fly to Emerald Sanctuary
1118	Fly to Everlook
1119	As you run around Winterspring, look for big blue feathers on the ground:
1120	Click them and get 10 Moontouched Feathers
1121	Click the Empty Firewater Flask
1122	Discover Darkwhisper Gorge
1123	Hearth to Everlook
1124	Use Umi's Mechanical Yeti on Legacki
1125	Under a blue canopy, next to a table.
1126	Scare Legacki
1127	You have these from before.
1128	Make sure you have 10 Moontouched Feathers in your bags
1129	Go through the tunnel to Felwood
1130	Click the Deadwood Cauldron
1131	Up the hill, in a camp of furbolgs. You may need help with this.
1132	Go northwest through the tunnel to Felwood
1133	Go northeast through the tunnel to Winterspring
1134	Fly to Moonglade
1135	Listen to her story
1136	Make sure you have your Black Dragonflight Molt in your bags
1137	Go northeast to the Burning Steppes
1138	The path up to Morgan's Vigil starts here
1139	Click the Thaurissan Relics
1140	They look like little white stone statues on the ground around this area.
1141	Gather Information from 12 Thaurissan Relics
1142	Click the Tablet of Seven to Transcribe it
1143	It looks like a small stone block in front of a dwarf statue.
1144	Use your Draco-Incarcinatrix 900 on Black Broodlings and kill them
1145	Click the red crystals that float over their corpses
1146	Present proof of your deeds
1147	Go to the top of Dreadmaul Rock to 81,46.8
1148	Use Umi's Mechanical Yeti on Sprinkle
1149	Standing next to a small cart.
1150	Scare Sprinkle
1151	Unpack Eridan's Supplies into your bags
1152	Use the Book of Aquor to summon Aquementas inside the circle of stones
1153	Fly to Marshal's Refuge
1154	Use Umi's Mechanical Yeti on Quixxil
1155	Standing next to some trees.
1156	Scare Quixxil
1157	Go southwest to Cenarion Hold and fly to Theramore
1158	Go northeast to the Western Plaguelands
1159	Behind the barn, next to a big tree stump.
1160	If a Jabbering Ghoul is not in this spot, you can find one somewhere in this field.
1161	You can find more at 57.4,53.1
1162	Go northeast to the Eastern Plaguelands
1163	Go north up the coast to 4.7,38.4
1164	Click the Mangled Human Remains
1165	See a message saying you Uncovered the Blightcaller
1166	The doll parts spawn in the house here, except the house Pamela is in
1167	Click Pamela's Doll's Head to put the doll parts together to make Pamela's Doll
1168	Click Joseph Redpath's Monument
1169	It's a squarish stone gravestone with a gold plaque on it. It's a lighter color than all the other graves.
1170	In the building that isn's crumbled in the middle of the town - you can enter from the south side by hugging the wall of the building until you get inside safely.
1171	Use your Temporal Displacer on the disco ball towers
1172	In this area, you will see towers that have light shining out of them like a disco ball.
1173	Click the Small Lockboxes on the ground in the crumbled houses
1174	Fly to Thondroril River, Western Plaguelands
1175	Fly to Darnassus
1176	Go inside Nethergarde Keep at 63.5,17
1177	Go into the big green portal to the Outlands
1178	Fly to Honor Hold
1179	Buy a Flying mount.
1180	Train your Riding Skill.
1181	Click the Salvaged Metal and Wood
1182	Be on the lookout for the giant Fel Reaver
1183	Stand inside the portal and click it to destroy it
1184	If you're unable to click to destroy, relog.
1185	Take the flight
1186	Click the bomb in your bags, bomb Gateway Shaadraz
1187	Click the bomb in your bags, bomb Gateway Murketh
1188	Fly to Shatter Point
1189	Take a flight to the Abyssal Shelf
1190	Use the Area 52 Special bomb in your bags to bomb the mobs
1191	If you don't complete this in the first run, you can keep flying until it's done.
1192	Destroy 5 Fel Cannons
1193	Right next to an Armored Gryphon Destroyer.
1194	Fly to Honor Point
1195	Hearth to Honor Hold
1196	Go inside the cave to 54.9,62.9
1197	Go outside the cave to 52,62.6
1198	Go inside the cave to 56.3,61.4
1199	He is all the way at the bottom of the cave way in the back of the big room.
1200	Click the Trampled Skeletons
1201	They look like little brown ribcages and spines.  You will find them on the grey road.  They are very easy to miss, but once you find one you will find them really fast.
1202	Cleanse 8 Trampled Skeletons
1203	Use your Flaming Torch on the Eastern Thrower to burn it
1204	It's a big catapult.
1205	Use your Flaming Torch on the Central Eastern Thrower to burn it
1206	Use your Flaming Torch on the Central Western Thrower to burn it
1207	Use your Flaming Torch on the Western Thrower to burn it
1208	Click the small book
1209	It's a small white book laying on the steps of the house.
1210	Click Ravenger Eggs
1211	They look like big white eggs on the ground around this area.
1212	Use your Purification Mixture on the Tainted Helboar Meat
1213	The meat won't become purified every time, it can become toxic as well.
1214	They look like scraps of metal all over the ground.
1215	Click Sedai's Corpse
1216	Right down the hill from the Temple of Telhamat Flight Path.
1217	Get close to the ribcage of the skeleton and next to the poisoned water
1218	Empty your Cleansing Vial in this spot
1219	Kill Aggonis
1220	If you kill the taskmaster first, his friends leave you alone.
1221	The Sha'naar Relics look like little blue vases on the ground.
1222	Click the metal coffer on the floor in the big red hut
1223	Free Akoru the Firecaller
1224	Free Aylaan the Waterwaker
1225	Free Morod the Windstirrer
1226	Wait until Arzeth the Merciless is up top of the stairs by himself
1227	Use the Staff of the Dreghood Elders on Arzeth the Merciless
1228	Click the Kaliri nests and kill Kaliri birds
1229	The nests look like little brown nests with pink eggs in them.
1230	The path up to Avruu starts here
1231	Click Avruu's Orb
1232	Click the Haal'eshi Altar
1233	It looks like an orb sitting in a claw thing, right in front of a big purple hut.
1234	Fight Aeranas until he's almost dead
1235	You can find 2 more Stonescythe Alphas at 33.7,62.1
1236	Use your Sanctified Crystal on an Uncontrolled Voidwalker when it's almost dead
1237	Click the red floating crystal over its corpse
1238	Near a bunch of practice fighting dummies.
1239	Walking around on a black platform thing. He's a blue ghost dwarf.
1240	Hearth to the Temple of Telhamat
1241	Use the Seer's Relic on Sedai's Corpse
1242	See the vision
1243	Use your Smoke Beacon under the tower
1244	Mark the Forge Tower
1245	Mark the Foothill Tower
1246	Mark the Southern Tower
1247	Mark the Northern Tower
1248	Go outside and behind the inn to 54.2,63.3
1249	Click Fei Fei's Cache
1250	It's a small mound of dirt behind the inn.
1251	Use the Anchorite Relic in your bags
1252	Pull orcs to the relic
1253	Kill the orcs and a Fel Spirit will spawn
1254	Kill 10 Fel Spirits
1255	Click 'I am ready...'
1256	Target the purple skulls and oozes
1257	Use the Ritual Prayer Beads when enemies are in the room
1258	After the exorcism is done, talk Colonel Jules on the bed to save him
1259	Go northwest to Zangarmarsh
1260	I found Boglash here. He is a tall alien looking thing with really long legs. He walks around in the water, so some searching may be necessary.
1261	It's easier if you just run around in the water all around the east part of Zangarmarsh.
1262	Escort Kayra Longmane
1263	Head right as you enter the cave.
1264	Defeat the creatures in the cave as you go.
1265	Click Ikeyen's Belongings
1266	A little tan metal chest sitting on a beg flat rock.
1267	There should be exactly enough if you do a full loop around to the boss and leave back out to the left.
1268	Return to Nagas and grind Cenarion Expedition rep, until friendly.
1269	You should have 10 Unidentified Plant Parts by now..
1270	If not, continue killing random Zangarmarsh creatures until you have at least 10.
1271	Use the Stormcrow Amulet in your bags
1272	Watch yourself fly as a crow
1273	The pump controls look like a little box with some levers on it.
1274	Go northeast to Telredor
1275	Ride the elevator up into Telredor and go to 68.3,50.1
1276	Click the little green glowing mushrooms around this area
1277	He looks like a Sporebat.
1278	Click the Dead Mire Soil mound
1279	Get 6 Bog Lord Tendrils for a later quest
1280	Click the Withered Basidium
1281	Kill Steam Pump Overseers, Bloodscale Overseers, and Bloodscale Wavecallers
1282	The path up to 'The Boha'mu Ruins' starts here
1283	Explore the Boha'mu Ruins
1284	Click "Count" Ungula's Mandible
1285	You must be Friendly with Sporeggar to accept the next quests.
1286	Gain reputation by killing Starving Fungal Giants and Starving Bog Lords in the nearby area.
1287	Pick up Mature Spore Sacs while grinding reputation.
1288	They look like pink balls tied to a little string bobbing on the ground.  You need 30 extra to turn in for Sporeggar reputation, so you can accept quests.
1289	Go here to Investigate the Spawning Glen
1290	Turn in all your Mature Spore Sacs
1291	Turn in all your Bog Lord Tendrils
1292	Click the Discarded Nutriments
1293	They look like green glowing mushroom stalks on the ground.
1294	Use your Ironvine Seeds on the Marshlight Lake Pump Controls
1295	Disable the Marshlight Lake Pump Controls
1296	On a pink crystal post.
1297	Click the Daggerfen Poison Vial
1298	Little clear bottle with white liquid in it, sitting on the ground next to a hut.
1299	Click the Daggerfen Poison Manual
1300	At the top of the big tower, to the right as you reach the top, on the floor.
1301	Swim straight down at this spot.
1302	You'll be able to find more around 19.6,33.3
1303	He is a big brown hydra underwater.
1304	Don't follow her when she walks away
1305	Fly to Telredor
1306	Click the Feralfen Idols
1307	They are small grey and green eagle statues on the ground.
1308	Drink Ahuurn's Elixir
1309	Walk up the big steps
1310	Get Elder Kuruti's Response
1311	Go east to Hellfire Peninsula
1312	Go west to Zangarmarsh
1313	Go south to Terokkar Forest
1314	Go south to Shattrath City
1315	Go outside, South to Terokkar Forest
1316	Go North to Shattrath City
1317	Follow the pink voidwalker
1318	As you follow the pink voidwalker, go to 64.0,15.5
1319	As you follow the pink voidwalker, go to 52.6,21.0
1320	Follow the pink voidwalker until the tour is over
1321	Ride the elevator up to the Aldor Rise
1322	Go outside to Terokkar Forest
1323	Click the Eastern Altar
1324	Purify the Eastern Altar
1325	The path up to the Eye of Veil Reskk starts here
1326	Click the Eye of Veil Reskk
1327	Looks like a big white orb at the top of the tower across the hanging bridge.
1328	Click the Northern Altar
1329	Purify the Northern Altar
1330	Click the Western Altar
1331	Purify the Western Altar
1332	Click the Eye of Veil Shienor
1333	Climb the path inside the other tree, run across the bridge, looks like a big white orb on the ground.
1334	Hearth to Shattrath City
1335	You can find more Infested Root-walkers at 39.1,47.0
1336	Click the Cabal Orders
1337	Click the Cabal Chest
1338	Inside the Shadow Tomb, inside a Cabal Chest in the back left of the room on the ground.
1339	Inside the Shadow Tomb, inside a Cabal Chest in the back right of the room on the ground.
1340	Go outside to 37.8,49.9
1341	You'll need up to 8 keys.
1342	Click the yellow cages around this area
1343	Rescue 12 Children
1344	Use the Rod of Purification on the Darkstone of Terokk
1345	Purify the Darkstone of Terokk
1346	Open the purple glowing, brown eggs on the ground around this area
1347	Redeem 3 Hatchlings
1348	Escort the Archaeologists
1349	Use your Sha'tari Torch on corpses
1350	Burn 8 Slain Sha'tar Vindicator corpses
1351	Burn 8 Slain Auchenai Warrior corpses
1352	Click the black coffin up the steps
1353	Kill the Reanimated Exarch
1354	The path up to Veil Shalas starts here
1355	The path up to the Sapphire Signal Fire starts here
1356	Click the Sapphire Signal Fire
1357	Across the hanging bridge and down the spiraling stairs.
1358	Extinguish the Sapphire Signal Fire
1359	The path up to the Emerald Signal Fire starts here
1360	Click the Emerald Signal Fire
1361	Over the hanging bridge.
1362	Extinguish the Emerald Signal Fire
1363	The path up to the Bloodstone and Violet Signal Fires starts here
1364	It is a tunnel path inside the tree. The entrance is behind the tree to the right a little.
1365	Click the Bloodstone Signal Fire
1366	Up the path inside the tree, on your left as you reach the top.
1367	Extinguish the Bloodstone Signal Fire
1368	Click the Violet Signal Fire
1369	Across the hanging bridge from the Bloodstone Signal Fire.
1370	Extinguish the Violet Signal Fire
1371	Right in front of the town hall building, next to light post.
1372	Fly to Shattrath City
1373	You are about to fight three waves of birds and a bird boss. Make sure you're ready.
1374	Kill the little birds that come to attack
1375	Kill the big bird that attacks last
1376	Thwart the Attack
1377	Fly to Allerian Stronghold
1378	Click the Olemba Cones
1379	The cones look like little white glowing pine cones on the ground.
1380	Kill Timber Worgs
1381	You can find more Timber Worgs at 36.8,37.5
1382	The path up to Urdak starts here
1383	He puts an orc disguise on you
1384	Be careful, the hunter in the camp can see through the disguise
1385	The hunter is the guy walking around the camp with a group of mobs
1386	Click the Sealed Box
1387	A green glowing crate inside the hut directly east of you if you are standing on the bridge.
1388	The path up to Ashkaz starts here
1389	Click the Fel Orc Plans
1390	Inside the big building, it's a brown flat scroll laying on the floor next to some big logs.
1391	Hearth to Allerian Stronghold
1392	Escort Isla Starmane to safety
1393	Click the Draenei Vessels on the ground
1394	They look like little pink glowing lanterns. Not all of the little lanters give you a Dranei Vessel, some will AoE you. Note: you can reach some of them through the walls.
1395	Click the Orb of Translocation
1396	Upstairs from Isla Starmane, on the balcony.
1397	It will teleport you to the top of the tower
1398	Up the ramp from Sharth Voldoun.
1399	It will teleport you to the bottom of the tower
1400	Click the Mana Bomb
1401	Activate the Mana Bomb using the Final Code
1402	Go west to Shattrath City
1403	Fly to Orebor Harborage
1404	Fly to to Telredor
1405	Go south to Nagrand
1406	You can find more Talbuk Stags at 70.8,46.4
1407	Kill Elekks
1408	Kill Dust Howlers
1409	Click the Howling Wind
1410	You can find more Clefthoofs, Elekks, and Dust Howlers at 70.8,46.4
1411	Click the Dung on the ground
1412	The Dung looks like green piles of swirled poop.
1413	You can find more Clefthoof Bulls at 49.7,35.6
1414	Kill Muck Spawns in the water
1415	Skip Stealing from Thieves if you're Friendly or Higher
1416	Skip if you don't see the quest as well.
1417	Click the Oshu'gun Crystal Fragments on the ground
1418	They are the green and white crystals on the ground.
1419	Kill the mobs here
1420	Skip doing so if you didnt pick up the Stealing From Thieves quest.
1421	Click the Telaar Bulletin Board
1422	To the left of a big tree in a little circle island section in the road.
1423	Kill Boulderfist Hunters
1424	Kill Boulderfist ogres
1425	Click Corki's cage to free him
1426	You can find more Dust Howlers at 65.5,46.9
1427	Kill Enraged Crushers
1428	Kill Warmaul mobs
1429	Go inside the hut
1430	Use your Living Fire
1431	Burn the Western Hut
1432	Burn the Large Hut
1433	Burn the Eastern Hut
1434	Burn the Southern Hut
1435	They look like little grey boxes on the ground.
1436	Use the Torch of Liquid Fire on Sunspring Villager Corpses in the water
1437	Use Gordawg's Boulder on Shattered Rumblers
1438	Talk to Lump to interrogate him
1439	Kill ogres
1440	Inside the cave, way in the back, in a yellow cage again.
1441	The path up to Lantresor of the Blade starts here
1442	Click the Kil'sorrow Armaments on the ground
1443	The Kil'sorrow Armaments look like skinny, square, tan boxes with a red axe logo on them.
1444	Kill Kil'sorrow mobs
1445	Defend the 2 ogres that appear until they are done placing the corpses
1446	Go into the tunnel
1447	Kill 6 Cavern Crawlers before you reach the other side
1448	Next to the road, to the left.
1449	Kill Lashh'an bird men
1450	Click the Lashh'an Tome
1451	It's an open book, up the ramp, to the right.
1452	Walk inside the Lashh'an Summoning Circle
1453	It's a circle with the purple hologram on the ground.
1454	Use the Fistful of Feathers in your bag
1455	Get the Kaliri aura cast on you
1456	The path down to the Bloodmaul Ravine starts here
1457	Kill 30 Bloodmaul Ogres
1458	Click the Bloodmaul Brew Kegs
1459	The Bloodmaul Brew Kegs look like barrels.
1460	Go inside the cave to 42.4,83.4
1461	Click Draenethyst Mine Crystals
1462	They look like huge crystals growing out of the ground.
1463	Go outside to 36.3,66.2
1464	Go east across the bridge
1465	Kill Thunderlord Dire Wolves
1466	Pull the 2 non-elite guards one at a time and kill them
1467	Don't aggro the ogres, though
1468	Pull Droggam outside and kill him
1469	Pull Mugdorg outside and kill him
1470	Don't aggro the ogres.
1471	Pull Gorr'dim outside and kill him
1472	Plant the Bladespire Clan Banner on top of the tower
1473	Kill Gurn Grubnosh
1474	Kill 30 Bladespire ogres
1475	Use your Bloodmaul Brutebane Keg when semi-close to an ogre
1476	Don't aggro the ogre, though
1477	The ogre will run up to the beer and drink it
1478	Get 5 Bladespire ogres drunk
1479	Fly to Sylvanaar
1480	Click Grove Seedlings
1481	They look like little green plant bulbs on the ground.
1482	Summon 5 Living Grove Defenders
1483	Use Rina's Diminution Powder on Bloodmaul Dire Wolves
1484	Weaken 5 Bloodmaul Dire Wolves
1485	Hearth to Sylvanaar
1486	The path up to the Toshley's Station Flight Path starts here
1487	Test the Zephyrium Capacitorium
1488	Click the Power Converters on the ground
1489	They look like small lantern boxes.
1490	Use your Protovoltaic Magneto Collector on the Electromentals that spawn
1491	Kill the Electromentals
1492	Get 5 Electromentals
1493	Sign Tally's Waiver in your bags
1494	Go to the Singing Ridge
1495	Kill Scalewing Serpents
1496	Use your Repolarized Magneto Sphere when fighting Scalewing Serpents
1497	Absorb 25 Lightning Strikes
1498	Put your pet on passive, if you have one, to make this go faster
1499	Click the Nether Drake Eggs
1500	Use the Temporal Phase Modulator on the Nether Whelps that spawn
1501	You can use the Modulator repeatedly to get the type of drake you need
1502	Kill the changed drakes
1503	Kill Daggermaw Lashtails
1504	Clear out a good big area so you are safe
1505	Place the Oscillating Frequency Scanners on the ground kind of far apart
1506	Try to place them so that the lines overlap each other, like a star
1507	Stand in the middle of the design you made
1508	Gauge the Singing Crystal Resonant Frequency
1509	Hearth to Toshley's Station
1510	Go to Razaan's Landing
1511	Lay the Multi-Spectrum Light Trap at the foot of this pole repeatedly
1512	The pole has a purple lightning circle on it
1513	Trap 15 Razaani Light Orbs
1514	Kill Razaani mummies around the portal until Nexus-Prince Razaan comes out
1515	Kill Nexus-Prince Razaan
1516	Click the Collection of Souls
1517	The Collection of Souls appears hovering over his corpse.
1518	Fly to Toshley's Station
1519	Go to Ruuan Weald
1520	Use your Nether-weather Vane while in flight
1521	Kill Fel Corrupters
1522	Click the Fertile Volcanic Soil
1523	It looks like a dirt mound.
1524	Kill Ruuan'ok arakkoas
1525	Kill the Harbinger of the Raven
1526	He wanders around the Wyrmcult camps
1527	Kill Wyrmcult Poachers
1528	Kill Wyrmcult mobs
1529	Click the Meeting Note
1530	If you need another one, talk to Wildlord Antelarion at Evergrove
1531	Put on your Felsworn Gas Mask
1532	Between 2 big green floating crystals.  Must be wearing the Felsworn Gas Mask to use this.
1533	Go up the ramp on the left side of the tower
1534	Click Gorgrom's Favor
1535	You have to have the quest "A Date with Dorgok" in your questlog to be able to accept this quest from this item.
1536	Kill Greater Crust Bursters and Young Crust Bursters
1537	Use Sablemane's Sleeping Powder on Grulloc
1538	Click Grulloc's Sack to get it and run away
1539	Grulloc's Sack is a big tan bag sitting at his feet.
1540	Go west across the bridge
1541	Go northwest through the tunnel to Grishnath
1542	Kill arakkoas
1543	The buff lasts for 2 minutes
1544	Anytime the buff wears off, kill arakkoas again to get it back
1545	On the ground, next to a pond with basilisks in it.  It looks like a wooden totem.
1546	Up the left ramp, then left across the hanging bridge.  It looks like a wooden totem.
1547	Up the right ramp, then go right across the hanging bridge, then down the stairs to the left.  It looks like a wooden totem.
1548	On the ground, in front of a hut.  It looks like a wooden totem.
1549	Click the Orb of the Grishna
1550	Use the Blackwhelp Net on Wyrmcult Blackwhelps
1551	Capture 10 Wyrmcult Blackwhelps
1552	Kill Wyrmcultists
1553	Kill Boulder'mok mobs
1554	Click Gorgrom's Altar
1555	A big stone square block in the middle of the camp.
1556	He will run up to the altar and die
1557	Use the Grisly Totems on his corpse
1558	Plant 3 Grisly Totems
1559	Go through the tunnel to 62,39.5
1560	Go through the tunnel to 36.9,22.5
1561	Click the purple balls in the claw looking rods
1562	They are around the huts in this area.
1563	Kill Dire Ravens
1564	Click your Grishnath Orbs to combine the orbs and pinfeathers
1565	Create 5 Exorcism Feathers
1566	Use the Exorcism Feathers on the Raven's Wood Leafbeards
1567	Kill the Koi Koi spirits that spawn to free the trees
1568	Exorcise 5 Raven's Wood Leafbeards
1569	Go inside the cave to 33.9,35.4
1570	Fly to Evergrove
1571	Go northeast to Netherstorm
1572	Kill Phase Hunters
1573	You will see a message in your chat window saying 'Phase Hunter is very weak'
1574	Use your Battery Recharging Blaster on them when you see this message
1575	Kill Shaleskin Flayers
1576	Escort Maxx A. Million Mk. V
1577	Click the red glowing crystals on the ground while escorting Maxx A. Million Mk. V
1578	Kill Mana Wraiths
1579	Use the Elemental Power Extractor on Sundered Rumblers and Warp Aberrations
1580	Kill them
1581	Click the blue crystal floating above their corpses
1582	Click the tall metal turret with the gun pointing at the ground
1583	Retrieve the Multi-Spectrum Terrain Analyzer
1584	Click the wooden cart with a big digging wheel on it
1585	Retrieve the Hyper Rotational Dig-A-Matic
1586	Click the wagon with a bunch of explosives on it
1587	Retrieve the Big Wagon Full of Explosives
1588	Click the crane digging machine with a bunch of gears on it
1589	Retrieve the Servo-Pneumatic Dredging Claw
1590	Stand next to the broken, smoking altar on the small hill
1591	Use your Conjuring Powder to summon Ekkorash
1592	Kill Ekkorash
1593	Kill Disembodied Ghosts
1594	Dr. Boom sends out little walking bombs that blow up
1595	When you see a clear passage to Dr. Boom, click the Boom's Doom in your bags, then run close enough to Dr. Boom so you can put the green circle under him, then click to throw the bomb.  Get just close enough so that the very edge of the green circle is under his feet.  This way, you will be close enough to hit him, but far enough away that he won't throw bombs back at you.
1596	Click Boom's Doom in your bags
1597	Stand next to the Northern Pipeline
1598	Use your Warp-Attuned Orb
1599	Measure the Northern Pipeline
1600	Stand next to the Western Pipeline
1601	Measure the Western Pipeline
1602	Stand next to the Southern Pipeline
1603	Measure the Southern Pipeline
1604	Click the B'naar Control Console
1605	Inside the doorway northeast of the Southern Pipeline, to the left.
1606	Stand next to the Eastern Pipeline
1607	Measure the Eastern Pipeline
1608	Kill Zaxxis mummies
1609	Click the Ethereal Technology on the ground
1610	The Ethereal Technology looks like little clear cases with purple electricity in them.
1611	Go inside Manaforge B'naar to 23.3,68.6
1612	Kill all Warp-Engineers in the nearest area to make your life easier.
1613	Click "<Begin emergency shutdown>"
1614	Kill the technicians as they come to try to save the Manaforge
1615	Only takes 2 minutes
1616	Shut Down Manaforge B'naar
1617	Go outside to 32.1,64.2
1618	Go inside Manaforge Coruu to 49,81.5
1619	Kill Overseer Seylanna
1620	Click the Coruu Control Console
1621	Shut Down Manaforge Coruu
1622	3 Researchers inside, you'll have to wait for them to respawn.
1623	Arcanists are outside all over.
1624	Go outside to 57.7,85.2
1625	Use Archmage Vargoth's Staff
1626	Escort Bessy to Thadell
1627	At 57.7,85.2
1628	Click Belmara's Tome
1629	Click Cohlien's Cap
1630	Click Dathric's Blade
1631	Click Luminrath's Mantle
1632	Kill Kirin'Var Apprentices
1633	Make sure you have killed 20 Severed Spirits
1634	Kill 10 Mana Seekers and 10 Mageslayers as you do the following steps:
1635	Go inside the little house
1636	Click Dathric's Blade when standing next to the Weapon Rack
1637	Inside a little house.
1638	Put Dathric's Spirit to Rest
1639	Click Luminrath's Mantle when standing next to the Dresser
1640	Put Luminrath's Spirit to Rest
1641	Click the Mana Bomb Fragment
1642	It looks like a big white ball with blue dots on it.
1643	The Foot Locker is in a pile of junk in the corner in a house with no roof
1644	Click Cohlien's Cap when standing next to the Foot Locker
1645	Put Cohlien's Spirit to Rest
1646	Go inside the house with a huge log laying diagonally into it
1647	Click Belmara's Tome when standing next to the Bookshelf
1648	A little wooden bookshelf in a house with a huge log laying diagonally into the house, there is no roof.
1649	Put Belmara's Spirit to Rest
1650	Make sure you've done the following:
1651	Go inside the barn
1652	Click the Necromantic Focus
1653	Inside the barn, looks like a stone altar with a reddish pink ball of light floating above it.
1654	Kill ghosts around this area
1655	Click the Supicious Outhouse
1656	The middle outhouse behind the first building on your right as you walk over the bridge, headed away from the huge tower where the quest gives are.
1657	Click the Energy Isolation Cubes
1658	They look like little clear boxes with purple light in them on the ground.
1659	Kill Spellbinder Maryana
1660	I found her here, but she wanders around outside in this area, so some searching may be necessary.
1661	Click the glowing scroll on the ground in the small house
1662	Click the glowing scroll on a table in the small house
1663	Use your Rune Activation Device on the blue floating symbol
1664	Activate the Eastern Rune
1665	Activate the Northeastern Rune
1666	Activate the Western Rune
1667	Kill a Sunfury Flamekeeper
1668	Use the torch on the tall hut looking things and the big spear gun cars
1669	The tents are tall hut looking things, and the Sunfury Ballistas look like big spear gun cars.
1670	Destroy 4 Sunfury Ballistas
1671	Destroy 4 Sunfury Tents
1672	Kill Spellweaver Marathelle
1673	She walks around this area, so some searching may be necessary.
1674	He runs along the cliff in this area.
1675	Go inside the tower to 58.2,86.5
1676	He's right inside the tower.
1677	Go to the top of the tower to 58.3,86.4
1678	Click the Diagnostic Equipment
1679	It looks like a small cylinder machine with pink electricity inside of it.
1680	Click Ivory Bells around this area
1681	The Ivory Bells look like tall flowers with a single purple and pink bulb at the top.
1682	Click Fel Reaver Parts
1683	The Feal Reaver Parts look like brownish-green metal parts laying on the ground around this area.
1684	Click Boxes of Surveying Equipment
1685	They look like small grey boxes on the ground around this area.
1686	Go inside Manaforge Duro to 60.0,68.5
1687	Click the Duro Control Console
1688	Shut Down Manaforge Duro
1689	Use your Energy Field Modulator on Farahlon Lashers
1690	Test the Energy Field Modulator 10 times
1691	Fight Talbuk Does and Talbuk Sires
1692	You will see a message in your chat window when they are at about 20% health, saying "Talbuk Doe, or Sire, seems to have weakened."
1693	Use your Talbuk Tagger on Talbuk when you see the message in your chat
1694	Tag 12 Talbuks
1695	Ride the elevating platform up and go to 43.5,35.1
1696	Use your Diagnostic Device next to the big floating cylinder
1697	Click Dome Generator Segments
1698	They look like small glass cylinders on the ground with purple lightning in them.
1699	Wait a few seconds for him to return to where he was once standing.
1700	Fly to Area 52
1701	Go to the Auction House or get an Engineer to make you one:
1702	Buy 1 Overcharged Capacitor
1703	Ride the boat to Borean Tundra
1704	Click the First Aid Supplies
1705	It's a small brown chest, downstairs in this ship, next to a candle shrine.
1706	Use your Reinforced Net on Scourged Flamespitters flying next to the fortress wall
1707	Click your Incendiary Explosives
1708	Set the Explosive at the Southern Sinkhole
1709	It looks like a hole in the ground with webs all over it.  Stand on the edge of the sinkhole.
1710	Set the Explosives at the Northern Sinkhole
1711	Use your Oculus of the Exorcist on "Salty" John Thorpe
1712	Tell him you have reason to believe he is involved in cultist activity
1713	Defeat the Cultist in the kitchen
1714	Use your Oculus of the Exorcist on Tom Hegger
1715	Ask him about the Cult of the Damed
1716	Defeat the Cultist on the docks
1717	Use your Oculus of the Exorcist on Guard Mitchells
1718	Ask him how long he has worked for the Cult of the Damned
1719	Defeat the Cultist in the jail
1720	Go inside the mine to 56.8,55.6
1721	Click the Plagued Grain
1722	Inside the mine, it looks like a bag full of grain, next to a wheel barrow.
1723	Use Wendy's Torch next to Farshire Grain bags
1724	They look like bags with patches on the ground around this area.
1725	Burn 8 Farshire Grain
1726	Click Fields, Factories and Workshops
1727	It's a little red book lying inside the burning house.
1728	Use Jeremiahs Tools on their corpses
1729	Rewire 5 Harvest Collectors
1730	Go inside the cave to 57.9,53.4
1731	Click the Cart Release switch
1732	It's a switch on the side of a cart with blue ore inside of it.
1733	Release the Ore Cart
1734	Go outside to 58.2,62.8
1735	Click the Bell Rope
1736	It's a huge rope hanging up the stairs in the stairwell of the town hall building.
1737	Ring the Farshire Bell
1738	Go underwater to 61.9,65.7
1739	Click the Wine Crate underwater in the broken ship
1740	He walks around the small pond in the middle of the camp
1741	Make sure you don't have Animal Blood on you. If you do, go for a swim to wash it off, before approaching the druids.
1742	Go north on the Wooly Mammoth Bull to 53.7,23.9
1743	Click the Elder Sagani
1744	Click the Elder Takret
1745	Click the Elder Kesuk
1746	Kill Beryl Reclaimers all around this area:
1747	Click the Tuskarr Ritual Objects
1748	They look like small stone fish and blue smoking bowls on the ground around this area.
1749	Go up the hill to 50.1,32.6
1750	Click an Arcane Prison
1751	Free an Arcane Prisoner
1752	The path down to Monitoring the Rift: Cleftcliff Anomaly starts here
1753	Use your Arcanometer in this spot next to the purple glowing crack in the ground
1754	Take the Cleftcliff Anomaly Reading
1755	The path down to Monitoring the Rift: Sundered Chasm starts here
1756	Go down the path and underwater to 44,28.6
1757	Use your Arcanometer next to the huge purple glowing crack underwater
1758	Take the Sundered Chasm Reading
1759	The path down to Monitoring the Rift: Winterfin Cavern starts here
1760	Stand in the mouth of the cave, past the torches
1761	Use your Arcanometer
1762	Take the Winterfin Cavern Reading
1763	Fight a Beryl Sorcerer
1764	Use your Arcane Binder on him when you see the 'Beryl Sorcerer can now be captured' message in your chat
1765	Capture a Beryl Sorcerer
1766	Go inside the tall tower to 46.3,32.8
1767	Use your Neural Needler on the Imprisoned Beryl Sorcerer repeatedly to Interrogate the Prisoner
1768	Interrogate the Prisoner
1769	Go outside the tower to 45.3,33.3
1770	Use your Beryl Shield Detonator inside the big blue glowing circle
1771	If it won't let you, wait until Inquisitor Salrand appears again.
1772	Click Salrand's Lockbox
1773	Watch the cutscene, then you'll get teleported back to Amber Ledge
1774	Go outside the tower to 45.3,34.5
1775	Fly to Transitus Shield, Coldarra
1776	Click the Scintillating Fragment in your bags
1777	Click the Coldarra Geological Monitor
1778	It looks like a blue sphere on the ground at the base of the building.
1779	Take the Nexus Geological Reading
1780	It looks like a blue sphere on the ground in the entrance of the building.
1781	Take the Northern Coldarra Reading
1782	Take the Western Coldarra Reading
1783	Take the Southern Coldarra Reading
1784	Click Frostberry Bushes
1785	As you do the following steps:
1786	Skip to the next step in the guide
1787	Make sure you have 5 Frozen Axes
1788	Click Blue Dragon Eggs
1789	They look like big eggs with blue crystals on them on the ground.
1790	Destroy 5 Dragon Eggs
1791	Use your Raelorasz's Spear on a Nexus Drake Hatchling
1792	They are flying above you in the sky.
1793	Do not kill it, let it hit you until it becomes friendly
1794	Capture the Nexus Drake
1795	Use the Augmented Arcane Prison in your bags
1796	Wander all around and do the following:
1797	Click Crystallized Mana on the ground
1798	They look like pink crystals.
1799	Tell her you are ready to face Saragosa
1800	She teleports you to a platform
1801	Click the Arcane Power Focus in your bags
1802	Wait for Saragosa to appear and become human
1803	Use Raelorasz' Spark next to the Signal Fire
1804	The Signal Fire looks like an unlit bonfire.
1805	Lure Malygos
1806	Fly to Amber Ledge
1807	Listen to Fizzcrank Fullthrottle's tale
1808	Click Crafty's Stuff
1809	They look like wooden crates on the ground around this area.
1810	The path down to Bonker Togglevolt starts here
1811	Go inside the cave to 55.6,12.6
1812	Escort Bonker Togglevolt to safety
1813	Go outside the cave to 57,18.7
1814	Use the Re-Cursive Transmatter Injection on their corpses
1815	Curse & port 6 Fizzcrank Gnomes
1816	Click Fizzcrank Spare Parts
1817	Click The Ultrasonic Screwdriver
1818	Use the Ultrasonic Screwdriver on their corpses
1819	Reprogram 15 Robots
1820	Click the West Point Station Valve
1821	It looks like a red round handle on the side of the metal pipe.
1822	Click the North Point Station Valve
1823	Click the Mid Point Station Valve
1824	Click Crafty's Tools
1825	It looks like a small chest, next to some steel beams on the ground.
1826	Click the South Point Station Valve
1827	It looks like a red round handle ont he side of the metal pipe.
1828	All around this area:
1829	Use your Wolf Bait on Oil-stained Wolves around this area
1830	Click the Wolf Droppings that spawn
1831	Search their bodies for their Insignia
1832	Use your Emergency Torch next to the crashed plane
1833	It's a crashed plane in the water.
1834	Scuttle a Southern Wreck
1835	Scuttle a Eastern Wreck
1836	Scuttle a Northwestern Wreck
1837	Click Kaskala Supplies baskets
1838	They look like wooden baskets on the ground.
1839	Click Iruk's body
1840	His body is floating underwater.
1841	Search his corpse
1842	Click Dusk to ride him
1843	He is a skeletal death knight mount with hooves that glow blue.
1844	Click the Frozen Phylactery
1845	It looks like a green canister with a purple top underwater.
1846	Kill Phylactery Guardian that spawns
1847	Kill 2 bug guards and kill the 2 cocoons next to High Priest Talet-Kha
1848	Kill the 3 guards
1849	Hearth to Fizzcrank Airstrip
1850	The path down to Hah... You're Not So Big Now! starts here
1851	Go down into the cave to 54.2,11.2
1852	Use Crafty's Ultra-Advanced Proto-Typical Shortening Blaster on Mates of Magmothregar
1853	Kill them while the device's effects are still on them
1854	Test Crafty's Blaster 5 times
1855	Go outside to 57.6,18.7
1856	Click Dead Caravan mob corpses
1857	Take their clothing
1858	Click the Warsong Banner
1859	It's a tall red flag.
1860	Click Winterfin Clams underwater
1861	They look like small tanish clams on the ground underwater.
1862	Go inside the cave to 37.8,23.2
1863	Go down the path and underneath you to 38.4,22.7
1864	Follow the path up and to the back of the cave to 37.6,27.4
1865	Go back up the path to 37.8,23.2
1866	The path down to It Was The Orcs, Honest! starts here
1867	Go down into the cave to 54.9,12
1868	Open Crafty's Sack and get the Warsong Banner and Warsong Orc Disguise
1869	Use your Warsong Orc Disguise
1870	Use your Warsong Banner on Magmothregar's corpse
1871	Plant the Warson Banner in Magmothregar
1872	Go on top of the pump station to 64.5,23.4
1873	Click The Gearmaster's Manual
1874	It looks like a big closed book on the table in a small room at the very top of the pump station.
1875	Use your Map of the Geyser Fields next to the huge hole in the ground
1876	Mark the Location of the Northwest Sinkhole
1877	Mark the Location of the Northeast Sinkhole
1878	Mark the Location of the South Sinkhole
1879	Use Bixie's Inhibiting Powder next to the Den of Dying Plague Cauldron
1880	It looks like a big pot inside the cave.
1881	Neutralize the Plague Cauldron
1882	Destroy 20 Talramas Scourge
1883	Go inside the undead building to 69.9,14.7
1884	Go outside to 68.6,17.5
1885	Go around to the back of the building and up to 69.7,13.9
1886	Jump down into the huge hole to 69.7,13
1887	Go outside to 73.4,18.8
1888	Use your Portable Oil Collector next to the bubbling oil spots in the water
1889	Collect 8 Barrels of Oil
1890	Stand next to the sinkhole
1891	It's a huge hole in the ground.
1892	Use The Shake-n-Quake 5000 Control Unit in your bags
1893	Fly to Valiance Keep
1894	Ride the boat to Stormwind City
1895	Ride the boat to Howling Fjord
1896	Click the Ceremonial Dragonflayer Harpoons
1897	They look like poles sticking out of the ground, next to dead dwarf bodies around this area.
1898	Rescue 8 Valgarde Scouts
1899	Go underwater to 62.4,59.3
1900	Click the Reagent Pouch
1901	It looks like a bag of green plants, sitting on the deck of this ship.
1902	Equip your Diving Helm
1903	Click the Valgarde Supply Crates
1904	They look like crates all around this area underwater.
1905	Make sure to equip your real helmet again, so you don't accidentally sell it
1906	Click the Dragonflayer Cages
1907	Rescue 3 Captured Valgarde Prisoners
1908	The entrance to the Utgarde Catacombs starts here
1909	Go inside the cave to 56.9,53.8
1910	Click the Wyrmskull Tablets
1911	They look like broken stone tablets laying on the ground inside this cave.
1912	Click the Harpoon Operation Manual
1913	It's a book laying at the foot of this small altar.
1914	Go downstairs into the ghoul pit to 56.6,53.4
1915	The ghouls will die from your aura, so just run through them.
1916	Click the Sacred Artifact
1917	It's downstairs in the ghoul pit, a sword stuck in the ground in a pillar of light.
1918	Go upstairs to 59.3,55.4
1919	Go downstairs to 55.7,57.4
1920	Kill gladiators, the named mobs
1921	Kill Oluf the Violent when he runs out
1922	Click the Ancient Cipher that falls to the ground
1923	Go upstairs to 56.9,53.8
1924	Hearth to Valgarde
1925	Click the Dragonflayer Battle Plans
1926	It's a big scroll hanging on the wall inside this small cave.
1927	Kill Dragonflayer Harpooners on this dock
1928	Use your Incense Burner in your bags inside the doorway of this house
1929	Uncover the Secrets of the Wyrmskull
1930	Tell him to take you to the Explorers' League Outpost
1931	Click the Loose Rocks
1932	They are grey stones on the ground around this area.
1933	Feed the grub to the rock falcon
1934	Make sure you have 5 Fjord Grubs
1935	Use your Trained Rock Falcon in your bags on Fjord Turkeys
1936	Make sure you have 10 Fjord Grubs
1937	Use your Trained Rock Falcon in your bags on Fjord Hawks
1938	Use your Trained Rock Falcon in your bags next to the Vrykul Hawk Roost
1939	It looks like a stone monument thing, with a chain connected to it.
1940	Use the Scavenge ability to steal the eggs in the nests on the side of the cliff in front of you
1941	Use your Alliance Banner in your bags
1942	Fight the defenders that come
1943	Place the Alliance Banner
1944	Defend the Alliance Banner
1945	Use your Incense Burner in your bags
1946	Uncover the Secrets of Nifflevar
1947	Use your Harpoon Control Mechanism next to the big metal harpoon guns
1948	Use the abilities on your hotbar to shoot the buildings across the water, on the water's edge, and shoot Dragonflayer Defenders
1949	Destroy the Dragonflayer Longhouse
1950	Destroy the Dragonflayer Dockhouse
1951	Destroy the Dragonflayer Storage Facility
1952	Click the red arrow on your action bar to get off the harpoon gun
1953	Click the Building Tools
1954	They look like a small metal bucket of tools, sitting next to a wooden wheelbarrow.
1955	Click the Industrial Strength Rope
1956	It's a rope wound around a small wooden post.
1957	Click the Large Barrel
1958	It looks like a barrel sitting next to this building.
1959	Click the Large Harpoon Lever
1960	It looks like a metal lever on this wooden balcony.
1961	Go Harpoon Surfing
1962	Ask him for some dark iron ingots
1963	Click the Work Bench tablet next to the iron golem next to you
1964	Get on the work bench and let Walt put you in the golem suit
1965	Use the Rocket Jump ability on your hotbar
1966	Master Rocket Jump
1967	Click the red arrow on your hotbar to leave the golem suit
1968	Use your Collect Data ability on your hotbar next to the blue crystal
1969	It's a floating blue crystal next to the wagon.
1970	Collect Test Data
1971	Walk on Lebronski's Rug
1972	It's a long rug on the ground.
1973	Use your Bluff ability on your hotbar on Lebronski when he gets mad that you walked on his rug
1974	Bluff Lebronski
1975	Use the Rocket Jump ability on your hotbar on the middle rune on the wooden platform
1976	Rocket Jump to the Lower Level
1977	Start collecting Lightning Infused Relics as you head toward the cave
1978	They look like blue crystals on the ground around this area.
1979	Investigate the Thundering Cave
1980	This quest can be a little buggy. Run around inside the cave until the dialogue starts.
1981	Keep collecting Lightning Infused Relics around and inside the cave as you go
1982	Follow the path down to finish collecting Lightning Infused Relics
1983	Use your Collect Data ability next to the blue crystals
1984	Use your Bluff ability to get rid of suspicious dwarves
1985	Collect 15 Iron Rune Data
1986	Get to a safe place, then click the red arrow on your hotbar to leave the golem suit
1987	Tell Walt "I'm ready to go."
1988	Begin Flying to Westguard Keep
1989	Fly to Westguard Keep
1990	Click the Eagle Figurine
1991	Click the Amani Vase
1992	Tell him you want to collect a debt he owes
1993	Fight him until he surrenders
1994	Tell him to pay up
1995	Go inside the long building to 35.3,79.6
1996	Pay 1 gold to bribe her into giving Jack Adams a drink
1997	He passes out on the table
1998	Search his pockets
1999	Go down the hill to 33.5,75.3
2000	Go into the cave to 32.3,78.7
2001	Hug the wall to the left inside the cave to avoid fighting "Mad" Jonah Sterling
2002	Follow the path around past the big white sleeping bear, he won't attack you if he's asleep
2003	Click The Frozen Heart of Isuldof
2004	Inside the cave, it looks like a big blue jewel on the ground.
2005	Go onto the ship to 35.3,64.8
2006	Wait for Abdul the Insane to walk up to the top deck, then run downstairs
2007	Click The Staff of Storm's Fury
2008	On the very bottom floor of this ship.  It looks like a staff standing upright with lightning shooting out of it.
2009	The path up to Dead Man's Debt starts here
2010	Click the mound of dirt
2011	It looks like a huge pile of dirt.
2012	Kill Black Conrad's Ghost and his friends that spawn
2013	Click a Scalawag Frog
2014	They are blue and green frogs that hop around on the ground here.
2015	Go inside the long building to 35.4,79.4
2016	Tell her to want to fly to Bael'gun's
2017	You will land near a ship
2018	Go onto the ship and downstairs to 81.8,73.9
2019	Click The Ancient Armor of the Kvaldir
2020	Inside this ship, on the very bottom floor in the very back of the room.  It looks like a floating chestplate.
2021	Click Harry's Bomber
2022	It's a plane on the water's edge.
2023	Go back to Scalawag Point
2024	Go across the Ancient Lift to 37.4,51.9
2025	Go inside the small house to 41.5,52.3
2026	Wait for the zeppelin to come back, if it is there already, then get on it
2027	Use Petrov's Cluster Bombs in your bags to throw them off the zeppelin at the pirates as you ride
2028	Destroy 10 Blockade Cannons
2029	Go inside the fort to 28.8,44.1
2030	Click the Westguard Cannonballs
2031	They look like grey round rocks on the ground around this area.
2032	Destroy 15 Proto-Drake Eggs
2033	The Proto-Drake Eggs look like huge eggs on the ground around this area.
2034	Use Malister's Frost Wand on Proto-Drakes
2035	Go inside the fort to 28.9,44.2
2036	The path down into the canyon starts here
2037	Use Steelring's Foolproof Dynamite on the mining nodes
2038	They look like mining nodes around this area.
2039	Click the Whisper Gulch Ore Fragments that spawn
2040	Click the Whisper Gulch Ore Gems that spawn
2041	Use the emote /raise on the Abandoned Pack Mules
2042	They look like mules with a bunch of supplies tied to them around this area.
2043	Send 10 Abandoned Pack Mules Packing
2044	Go out of the canyon to 31.6,41.5
2045	Go out of the canyon to 29,41.9
2046	Use your Ever-burning Torches next to the big shaking cart
2047	It looks like a big shaking cart up on a hill, overlooking the town.
2048	Destroy the Southwest Plague Tank
2049	Destroy the Northwest Plague Tank
2050	Destroy the Northeast Plague Tank
2051	Destroy the Southeast Plague Tank
2052	The path down to Mission: Package Retrieval starts here
2053	Click the Apothecary's Package
2054	It's a small tan package on the ground.
2055	The path down to Absholutely... Thish Will Work! starts here
2056	Use Peppy's Special Mix on the Dragonflayer Vrykul Prisoner
2057	In the jail under the fort, sitting in a jail cell.
2058	Administer Peppy's Mix To The Vrykul Prisoner
2059	Go into the fort to 28.8,44.1
2060	Tell him you need a gryphon to ride
2061	Use Orehammer's Precision Bombs in your bags on the big green carts as you fly over New Agamand
2062	Hit 5 Plague Tanks
2063	Click the plane near you on the wooden platform to ride in it
2064	Fly down into the valley below
2065	They look like huge sacks with yellow stuff in them on the ground
2066	Use your Grappling Hook ability on your hotbar near a big sack on the ground
2067	Fly back to the top of the valley and fly toward the red arrows on the big scale things to Deliver a Sack of Relics
2068	Repeat this 2 more time
2069	Deliver 3 Sacks of Relics
2070	Fly back to the wooden platform and click the red arrow button on your hotbar to get out of the plane
2071	Use the abilities on your hotbar as you fly around to fight the flying gargoyles
2072	The path down to Explorer Jaren starts here
2073	Kill 15 Scourge murlocs, humanoids, or ghosts
2074	Click the Scourge Device in your bags
2075	Use your Scourging Crystal Controller on the Scourge Crystal
2076	It looks like a big floating purple crystal.
2077	Attack the Scourge Crystal when the purple bubble shield disappears
2078	Destroy 1 Scourge Crystal
2079	The path back up to the top of the cliff starts here
2080	Follow the path up to 30.8,20.9
2081	Use Feknut's Firecrackers on the ground under Darkclaw Bats
2082	They are bats that fly around in the air around this area.
2083	Click the Darkclaw Guano that spawns
2084	Use your Westguard Command Insignia in your bags
2085	Use The Sergeant's Machete on their corpses
2086	Dismember 20 Winterskorn Vrykul
2087	Click the Vrykul Scroll of Ascension in your bags
2088	Use the Sergeant's Torch inside this house
2089	Set the Northwest Longhouse Ablaze
2090	Use the Sergeant's Flare next to this tower
2091	Target the Northwest Tower
2092	Target the Southwest Tower
2093	Use your Vrykul Scroll of Ascension next to the bonfire
2094	Target the Southeast Tower
2095	Target the East Tower
2096	Use the Sergeant's Torch inside this building
2097	Set the Barracks Ablaze
2098	Set the Northeast Longhouse Ablaze
2099	Click the Water Plants
2100	They look like tall bushy plants underwater around this area.
2101	Use your Fresh Barbfish Bait next to the Sunken Boat underwater
2102	Click the Tough Ram Meat in your bags
2103	Click the Spotted Hippogryph Down feathers
2104	They look like brown feathers on the ground around this area.
2105	Click the Sprung Traps
2106	They look like small animals stuck in traps on the ground around this area.
2107	The path up to The Cleansing starts here
2108	Follow the path up to 61.1,2
2109	Click the Frostblade Shrine
2110	It's a big blue glowing altar table thing.
2111	Hearth to Westguard Keep
2112	Use your Worg Disguise to turn into a Worg
2113	Click Gjalerbron Cages
2114	Free 10 Gjalerbron Prisoners
2115	Click the Gjalerbron Attack Plans in your bags
2116	Click Talonshrike's Egg
2117	It's an egg sitting in a nest with 2 other eggs at the base of this waterfall, in the water on a rock.
2118	Go up onto the platform to 35.7,15.8
2119	You can find another Putrid Wight and more Deathless Watchers at 38.2,11.8
2120	Click Mezhen's Writings
2121	This is the entrance to The Slumbering King
2122	Go up the big ramp to this spot.
2123	Go inside and downstairs to 40.9,6.5
2124	She's standing up on the platform.
2125	Go outside to 34.5,13.2
2126	The entrance down into the Walking Halls starts here
2127	Go down the stairs to 35,11.9
2128	Underground in the Walking Halls.
2129	Use your Awakening Rods on Dormant Vrykul
2130	They are sleeping upright inside the walls, like mummies.
2131	Fly to Fort Wildervar
2132	The path into the mine for The Yeti Next Door starts here
2133	Use your Giant Yeti Meal in your bags on Shatterhorn
2134	In the back of the mine, he's a big sleeping yeti.
2135	Go outside to 60.2,15.6
2136	She flies in the sky above town
2137	Use your Feathered Charm in your bags on Steelfeather
2138	Learn Steelfeather's Secret
2139	Use Lurielle's Pendant on Chill Nymphs
2140	Free 7 Chill Nymphs
2141	Use your Enchanted Ice Core on Spore corpses
2142	Freeze 8 Spores
2143	Click a Book of Runes - Chapter in your bags
2144	Click the Iron Rune Carving Tools
2145	It looks like a small metal chest.
2146	If they are not there, they can also spawn at the following 5 locations as well:
2147	At 67.5,23.5
2148	At 69.1,22.8
2149	At 72.4,17.8
2150	At 73.4,24.9
2151	At 67.5,29.2
2152	Use your Rune of Command on a Stone Giant around this area to control it
2153	Once you are controlling the Stone Giant, come here
2154	Fly to Valgarde
2155	Go northeast to Dragonblight
2156	She is the Flight Path Master
2157	Use your Liquid Fire of Elune on their corpses
2158	Cleanse 6 Blighted Elk corpses
2159	Cleanse 6 Rabid Grizzly corpses
2160	Click the Dead Mage Hunter bodies on the ground
2161	Click the Mage Hunter Personal Effects bags in your bags
2162	Kill all types of mobs except the Moonrest Highbornes around this area.
2163	Use your Surge Needle Teleporter
2164	Walk around on the platform you get teleported onto
2165	Click Captain Malin's Letter in your bags
2166	Use your Bark of the Walkers on Lothalor Ancients
2167	They just stand around this area and they are friendly toward you.
2168	Strengthen 3 Lothalor Ancients
2169	He walks in a circle around the half-circle purple glowing thing.
2170	Click the Favor of Zangus in your bags
2171	The path down to High Cultist Zangus starts here
2172	Go down into the cave to 28.9,49.7
2173	Go out of the cave to 29.2,55.6
2174	Click Mage-Commander Evenstar's body
2175	His body is floating underwater here.
2176	Click Snowfall Glade Pups
2177	The Snowfall Glade Pups are small creatures in front of the houses.
2178	Fly to Stars' Rest
2179	Hearth to Moa'ki Harbor
2180	The path down to Seeds of the Lashers starts here
2181	They fly around over your head around the lake
2182	You can find more of these at 50.9,52.4
2183	Go into the tree trunk to 47.6,49
2184	Click the Ruby Brooch in your bags
2185	Tell him you want to go to the ground level
2186	Use your Seeds of Nature's Wrath on a Reanimated Frost Wyrm to weaken it
2187	They fly around in the sky.
2188	Go to Wyrmrest Temple and fly to Stars' Rest
2189	You will fly to Wintergarde Keep
2190	Use the Wintergarde Gryphon Whistle in your bags
2191	Click the Wintergarde Gryphon to ride it
2192	Fly to 83.6,48.8
2193	Use your Rescue Villager ability on your hotbar on Helpless Wintergarde Villagers on the ground around this area
2194	Fly them back to Gryphon Commander Urik at 77.1,50.1
2195	Use your Drop Off Villager ability on your hotbar
2196	Rescue 10 Helpless Villagers
2197	Click the red arrow button on your hotbar to get off the gryphon
2198	Kill Vengeful Geists next to Trapped Wintergarde Villagers
2199	The Trapped Wintergarde Villagers looked like scared villagers getting harrassed by Vengeful Geists around this area and inside buildings.
2200	Rescue 6 Trapped Wintergarde Villagers
2201	Go upstairs in this building to 78.9,50.9
2202	Click the Scrying Orb
2203	Upstairs in this building, in the back of the room, next to some boxes.  It looks like a glowing ball with wings on it.
2204	Go inside the crypt to 78.6,52.4
2205	Click the Flesh-bound Tome
2206	The Flesh-bound Tome is a small red book on the floor.
2207	Go outside the crypt to 79.1,53.2
2208	Downstairs in the fort, in front of a jail cell.
2209	Hear the Righteous Sermon
2210	Kill Risen Wintergarde Miners inside this mine
2211	Click the Strange Ore nodes
2212	They look like green mining nodes.
2213	Click the Wintergarde Mine Bomb
2214	It looks like a bunch of big dymanite sticks on the ground, next to this wooden stage.
2215	Follow the path in the mine to 80.4,44.8
2216	Use your Wintergarde Mine Bomb in the doorway
2217	It's an entrance to the mine.
2218	Destroy the Lower Wintergarde Mine Shaft
2219	Go outside and around to 80.2,45.3
2220	Destroy the Upper Wintergarde Mine Shaft
2221	Follow the path up into town to 77.8,50.3
2222	Click a Wintergarde Gryphon to ride it
2223	They are standing here in a row.
2224	Click an Alliance Steam Tank to ride it
2225	They look like big siege carts.
2226	Use your Drop Off Gnome ability on your hotbar to drop off gnomes next to the Plague Wagons in this field
2227	Sabotage 6 Plague Wagons
2228	Use your Drop Off Soldier ability on your hotbar to drop off your soldiers in front of this crypt entrance
2229	Drop Off the 7th Legion Elite
2230	Go inside the crypt to 85.9,50.9
2231	Go outside of the crypt to 85.1,49.5
2232	Click the Wintergarde Munitions Crates
2233	They look like long wooden boxes on the ground around this area.
2234	Use your Seeds of Nature's Wrath on a Turgid the Vile to weaken him
2235	He's an abomination standing in a small room inside this abandoned fort.
2236	Go into the crypt to 85.9,50.9
2237	Click a 7th Legion Chain Gun to use it
2238	They look like metal turrets.
2239	Use the abilities on your hotbar Call Out Injured Soldiers and clear a path for them
2240	Save 8 Injured 7th Legion Soldiers
2241	Click the red arrow button on your hotbar to get off the gun
2242	Go downstairs to 84.4,51
2243	Follow the tunnel to the other side to 83,55
2244	Follow the tunnel back to the other side to 85.9,51
2245	Go outside the crypt to 87.2,57.4
2246	Click the Murkweed plants
2247	They look like little purple plants on the ground around this area.
2248	As a spirit, go to 84.2,66.4
2249	Use the Murkweed Elixir in your bags
2250	Question a Forgotten Peasant
2251	Question a Forgotten Rifleman
2252	Question a Forgotten Knight
2253	Question a Forgotten Footman
2254	Use Orik's Crystalline Orb while standing on the Forgotten Ruins blue circle
2255	It looks like a blue glowing circle on the ground.
2256	Redeem the Forgotten
2257	Hearth to Wintergarde Keep
2258	Use your Hourglass of Eternity
2259	Fight the mobs that spawn
2260	Protect the Hourglass of Eternity
2261	Use your Seeds of Nature's Wrath on Overseer Deathgaze to weaken him
2262	Kill 15 Jintha'kalar Scourge
2263	Click the Onslaught Map
2264	It looks like a map laid out on a table inside this broken tower.
2265	The path to Frostmourne Cavern starts here
2266	Go inside the cave to 75.1,20.2
2267	Use Zelig's Scrying Orb next to the Frostmourne Altar
2268	It looks like a small stone chair on the ground.
2269	Reveal the Secrets of the Past
2270	Tell him to fetch Icestorm
2271	He will bring Icestorm
2272	Click Thel'zan's Phylactery that spawns
2273	Kill 3 Dragonblight Magnataur
2274	Kill 10 Snowplain Snobolds
2275	You can find more Snowplain Snobolds at 64.9,43.0
2276	Follow the fleeing kobolds to 72.5,29.2
2277	Click the Emblazoned Battle Horn
2278	Tell him you want to go to the top of the temple.
2279	Fly to Wintergarde Keep
2280	The path down to Legion Commander Yorik starts here
2281	Help fight the battle
2282	Defeat Thel'zan the Duskbringer
2283	Go outside the crypt to 78.61,48.2
2284	The path to Serinar starts here
2285	Go inside the cave to 35.2,30.0
2286	Go outside the cave to 37.9,32
2287	Use your Destructive Wards in this spot
2288	Defend the Destructive Ward from the mobs that spawn
2289	Fully Charge the Destructive Ward
2290	Go into the cave to 35.2,30
2291	Follow the path in the cave while disguised as a cultist to 31.8,30.5
2292	Uncover the Magmawyrm Resurrection Chamber
2293	Follow the path back down to 35.2,30
2294	Follow the path in the cave to 34.2,26.8
2295	Click Necromantic Runes
2296	They look like round purple symbols on the ground around this area in the cave.
2297	Destroy 8 Necromantic Runes
2298	Go back down in the cave to 35.2,30
2299	Follow the path in the cave to 31.6,31.2
2300	Use Neltharion's Flame to Cleanse the Summoning Area
2301	Stand on the edge of the rock, next to the lava.
2302	Go outside to 48.5,24.1
2303	Also to 55,23.4
2304	Click Splintered Bone Chunks
2305	They look like small white pointed bones on the ground next to the huge bones on the ground around this area.
2306	Fight a Hulking Jormungar
2307	Use your Potent Explosive Charges on the Hulking Jormungar when he opens his mouth
2308	Click the Jormungar Meat
2309	Use Xink's Shredder Control Device
2310	Click the shredder to ride it
2311	Use your Gather Lumber ability next to Coldwind Trees
2312	They look like trees with small pieces of paper with X's on them.
2313	Kill 15 harpies
2314	Kill Mistress of the Coldwind using Xink's Shredder
2315	She flies around this area.
2316	Click Composite Ore
2317	They look like carts with ore piled in them.
2318	You can find more of all of these at 56.5,28.1
2319	Go into the cave to 56.2,12
2320	Click the Ravaged Crystalline Ice Giant
2321	It's an ice giant corpse laying inside this cave.
2322	Fight Ice Heart Jormungar Feeders
2323	They will cast a poison on you
2324	Use Zort's Scraper when you are affected by the poison
2325	Go outside the cave to 59.4,18.2
2326	Go into the cave to 55.3,11
2327	Use your Sturdy Crates on Ice Heart Jormungar Spawns
2328	Click the Captured Jormungar Spawn crates
2329	The path up to Highlord Bolvar Fordragon in the End Battle starts here
2330	Follow the path up the mountain to 37.8,23.4
2331	Fly to Wyrmrest Temple
2332	Use your Ruby Beacon of the Dragon Queen
2333	Click the red dragon to ride it
2334	Fly to 57.2,33.1
2335	Fly to 54.5,31.3
2336	Jump off the dragon
2337	Click the Scythe of Antiok
2338	Fly to 59.8,54.7
2339	Click the red arrow on your hot bar to jump off the dragon
2340	Fly to Fordragon Hold
2341	Click Fordragon's Shield
2342	It looks like a small metal shield on the ground.
2343	Hearth to Wyrmrest Temple
2344	Teleport to Dalaran
2345	Go downstairs to 56.3,46.8
2346	Click the Teleport to Violet Stand Crystal
2347	Downstrairs in a small room.  It's a blue floating trianglular jewel.
2348	Use the Teleport to Violet Stand Crystal
2349	Click the Teleport to Dalaran Crystal
2350	Use the Teleport to Dalaran Crystal
2351	Go underground into the sewer to 45.4,40.8
2352	Go upstairs to 30.6,48.6
2353	Click the Amberseed
2354	It's a small bucket with seeds in it, to left as you enter the door, under the stairs.
2355	Click the Blackroot plants
2356	They look like grassy plants on the ground around this area.
2357	Click the Amberpine Outhouse
2358	It looks like a wooden outhouse.
2359	Use the outhouse
2360	Click the Cedar Chest
2361	It's a small brown chest inside this tower.
2362	Tell him it's time to play with the ice trolls
2363	Use Budd's pet bar skill Tag Troll to have him stun a troll
2364	Use your Bounty Hunter's Cage on the stunned troll
2365	Capture a Live Ice Troll
2366	Click the Dull Carving Knife
2367	It's a knife stuck in the side of this tree trunk.
2368	Use your Dull Carving Knife next to the yellow cage
2369	Shake his hand
2370	Make a Blood Pact With Drakuru
2371	Click the Hazewood Bushes
2372	They look like small flower bushes on the ground around this area.
2373	Click a Waterweed
2374	They look like big green bushes underwater around this area.
2375	Click a Scourged Troll Mummy on the ground next to you
2376	They look like mummies laying on the ground.
2377	Use your Scourged Troll Mummy next to the burning pile of mummies
2378	Burn a Mummified Carcass
2379	Click the Shimmering Snowcaps
2380	They look like blue glowing mushrooms on the ground at the base of the trees around this area.
2381	Use Drakuru's Elixir next to Drakuru's Brazier
2382	Click the Sweetroot plants
2383	They look like aloe vera plants around this area.
2384	Go up the huge stairs to 17.9,36.5
2385	Click the Seer of Zeb'Halak statue
2386	It's a huge blue glowing statue at the top of the stairs.
2387	Jump on the big rock and stand on it
2388	Use Mack's Dark Grog and throw it at the trolls running around to the north
2389	Burn 20 Scourge Trolls
2390	Click the Wolfsbane Roots
2391	They look like spiraling green roots on the ground around this area.
2392	Uproot 8 Wolfsbane Roots
2393	Go on top of the control station to 36.9,32.4
2394	Click the Heart of the Ancients
2395	It's a small pointed stone laying on the floor at the top of this control station, in a small room, next to a dead goblin.
2396	Hearth to Amberpine Lodge
2397	Unchain and control Flamebringer
2398	Fly to 27.1,73
2399	Use the abilities on your hotbar.
2400	Do the Test of Mettle
2401	Follow the Caged Prisoner to a horse, click the horse to ride it.
2402	As you ride, use the abilities on your hotbar to fight and slow down the zombies.
2403	Escape from Silverbrook
2404	Click Mikhail's Journal in your bags
2405	The path down to Vordrassil's Tears starts here
2406	Go underground to 30.5,43.9
2407	Use your Geomancer's Orb
2408	Go underground into this tunnel, all the way to the end.  Stand under the black mist.
2409	Use the Orb beneath Vordrassil's Tears
2410	Go outside the tunnel to 33.3,48.5
2411	The path down to Vordrassil's Limb starts here
2412	Go underground to 32.2,45.8
2413	Use the Orb beneath Vordrassil's Limb
2414	Go outside the tunnel to 40.7,52
2415	The path down to Vordrassil's Heart starts here
2416	Go underground to 41.2,54.7
2417	Use the Orb beneath Vordrassil's Heart
2418	Go outside the tunnel to 40.4,50.6
2419	Listen to Kodian's Story
2420	Listen to Orsonn's Story
2421	Escort Emily and protect Mr. Floppy
2422	Help Emily and Mr. Floppy return to the camp
2423	Use your Miner's Lantern on their corpses
2424	Put 8 Miners at Rest
2425	Fly to Amberpine Lodge
2426	Drink the Gossamer Potion in your bags next to Ruuna's Crystal Ball right next to you
2427	See the Vision from the Past
2428	The path down to Vordrassil's Sapling starts here
2429	Follow the path down to 50.8,42.6
2430	Use your Verdant Torch next to the tall tree
2431	It's a tall tree at the bottom of the spiral path.
2432	Go outside to 51.5,47.1
2433	Click Vordrassil's Seeds
2434	They look like brown pinecones sitting on the ground around this area.
2435	Go outside to 57.5,41.3
2436	Use your Tranquilizer Dart on Tatjana
2437	She's sitting on a horse.  Make sure to target her, and NOT the horse, when using the Tranquilizer Dart.
2438	Click the horse to jump on it
2439	Deliver Tatjana
2440	Click the Wild Carrots on the ground
2441	Use your Stick on Highland Mustangs to ride them
2442	Ride them back to Squire Percy at 59.1,26.6
2443	Use the Hand Over Reins ability on your hotbar to return the horses
2444	Return 5 Highland Mustangs
2445	Click the Battered Journal
2446	It's a thick book sitting on the ground.
2447	They look like torn pages that spawn all around this area on the ground
2448	Click the Missing Journal Pages
2449	Click the Incomplete Journal in your bags
2450	The path up to Kurun starts here
2451	Follow the road into the mountains around to 66,18
2452	Click the Boulders
2453	They look like huge rocks on the ground around this area.
2454	Use your Boulders on Iron Rune Shapers below
2455	Disrupt 5 Iron Dwarf Operations
2456	Use your Shard of the Earth on Grizzly Hills Giants that are physically fighting another mob
2457	Rally 5 Grizzly Hills Giants
2458	Kill 5 Iron Rune Avengers that spawn
2459	Go down the hill and into the building to 70.2,13
2460	Go out of the building and up the path to 65.8,17.8
2461	Investigate the North Building
2462	Go to this spot inside this building to Investigate the North Building.
2463	Investigate the South Building
2464	Go to this spot inside this building to Investigate the South Building.
2465	Investigate the East Building
2466	Go to this spot inside this building to Investigate the East Building.
2467	Click the Third Rune Plate
2468	It looks like a brown strip across a metal door in the wall.
2469	Decipher the Third Prophecy
2470	Click the First Rune Plate
2471	Decipher the First Prophecy
2472	Click the Second Rune Plate
2473	Decipher the Second Prophecy
2474	Use your Portable Seismograph next to this bridge in this spot
2475	Click the Portable Seismograph that appears
2476	Go inside the underground crypt to 70.8,21.8
2477	Click the Drakkari Canopic Jars
2478	They look like small gray urns sitting against the walls inside this underground crypt.
2479	Inside the crypt, go to 69.4,18.2
2480	Click the Drakkari Tablets
2481	It's a big stone tablet in the corner of a small room inside this underground crypt.
2482	Inside the crypt, go to 69.5,17.5
2483	Escort Harrison from the Drakil'jin Ruins
2484	Use your Fishing Net on Schools of Northern Salmon
2485	They look like schools of fish in the water around this area.
2486	Use your Shard of Gavrock next to the Second Ancient Stone
2487	It's a big blue glowing stone statue.
2488	Draw Power from the Second Ancient Stone
2489	Use your Shard of Gavrock next to the Third Ancient Stone
2490	Draw Power from the Third Ancient Stone
2491	Use your Shard of Gavrock next to the First Ancient Stone
2492	Draw Power from the First Ancient Stone
2493	Use your Charged Drakil'jin Mallet next to a gong
2494	They are 3 gongs sitting close together here.
2495	STAY DEAD
2496	While dead, go inside the crypt to 69.4,19.5
2497	Click Gan'jo's Chest in the sink next to you
2498	Tell him you are ready to return to the realm of the living
2499	Use your Snow of Eternal Slumber on Ancient Drakkari mobs
2500	They run to nearby mummies on the ground, follow them
2501	Click the Drakkari Spirit Particles
2502	Go outside to 73.9,34.1
2503	Go into the crypt to 71.3,19.6
2504	Click the Sacred Drakkari Offering
2505	It's a small fruit bowl on the ground inside the crypt, next to a skull statue.
2506	Use your Drakkari Spirit Dust in your bags
2507	Go outside to 71.4,24.4
2508	Use your Infused Drakkari Offering next to a gong
2509	Destroy Warlord Jin'arrak
2510	Use Gavrock's Runebreaker on Runed Giants
2511	Free 4 Runed Giants
2512	Click the Golem Blueprint Section 1 in your bags
2513	Click the Dun Argol Cage
2514	Inside this building, locked in a metal cage.
2515	Rescue Prospector Gann
2516	On the side of this building, locked in a metal cage.
2517	Rescue Prospector Torgan
2518	Rescue Prospector Varana
2519	Click the War Golem Parts
2520	They look like metal parts sitting around inside this room and buildings around this area.
2521	Use Kilian's Camera on their corpses
2522	Capture 8 Iron Dwarf Images
2523	Use your Golem Control Unit
2524	Use your Overseer's Disguise Kit
2525	Click Loken's Pedastal
2526	Go up the hill into this building at the end of the path.  It's a big sqaure stone altar thing inside this building.
2527	Receive the Message from Loken
2528	Go into this building and downstairs to 77,63
2529	Use Raegar's Explosives next to the Dun Argol Power Core
2530	It looks like a big floating crystal in the middle of the room, on the bottom floor of this building.
2531	Destroy the Dun Argol Power Crystal
2532	Use your Golem Control Unit to ride in your War Golem
2533	Use your EMP skill to stun The Anvil and remove Iron Thane Furyhammer's Shield
2534	Click the Leave Vehicle button to stop controlling the golem
2535	Hearth to Westfall Brigade Encampment
2536	Fly to Westfall Brigade Encampment
2537	Go north to Zul'Drak
2538	Click the Orders From Drakuru
2539	It looks like a floating scroll above a small pillar.
2540	Use your Drakuru "Lock Openers next to Captured Rageclaws
2541	They look like wolverine mobs chained to the ground.
2542	Free 8 Captured Rageclaws
2543	Use your Rageclaw Fire Extinguisher next to burning huts
2544	Douse 15 Hut Fires
2545	Use Stefan's Steel Toed Boot on Nass
2546	Collect 10 Hair Samples
2547	Click the Writhing Choker in your bags
2548	Tell her Stefan said she would demonstrate the item's purpose
2549	Expose the Choker's Purpose
2550	Click the Gooey Ghoul Drool on the ground
2551	They look like jelly blobs on the ground around this area.
2552	Use the Ensorcelled Choker to wear a ghoul costume
2553	Use your Bowels and Brains Bowel near Decaying Ghouls
2554	Feed 10 Decaying Ghouls
2555	Click the Scourge Scrap Metal
2556	They look like big spiked metal stars and other metal pieces on the ground around this area.
2557	Find Gerk
2558	Find Burr
2559	Laying on a metal table.
2560	Find Crusader Dargath
2561	Standing on a huge platform, with a spiral wind flowing around him.
2562	Use your Ensorcelled Choker to become a ghoul
2563	Stand on this green circle
2564	Get teleported up to Overlord Drakuru
2565	Go on the tour of Zul'Drak
2566	Complete the tour of Zul'Drak
2567	Complete Overlord Drakuru's task
2568	Teleport back down to the ground
2569	Use Stefan's Horn in your bags
2570	Use your Scepter of Suggestion on Blight Geists
2571	Use the Harvest Blight Crystal ability near Crystallized Blight
2572	The Crystallized Blight look like orange crystals on the ground around this area.
2573	Follow the Blight Geists back to the teleport pad
2574	Collect 7 Blight Crystals
2575	Use your Diluting Additive next to the big cauldron 5 times
2576	It's a big cauldron on the back of this cart vehicle thing. Several Blightguards may pop out for you to fight.  Wait about a minute and use your Diluting Additive next to the cauldron again.  Keep repeating this process.
2577	Dilute the Cauldron 5 times
2578	Complete Drakuru's task
2579	Click the Harvested Blight Crystal crates
2580	They look like big wooden crates around this area in the halls and rooms.
2581	Use your Scepter of Empowerment on a Servant of Drakaru
2582	Take control of a Servant of Drakaru
2583	Use the abilities on your Servant of Drakaru's pet bar to fight Darmuk at 30.4,51.5
2584	Kill Darmuk
2585	He's a huge undead mob walking around on this platform.
2586	Use your Scepter of Command on a Bloated Abomination
2587	Take control of the Bloated Abomination
2588	Send your Bloated Abomination into groups of Drakkari Skullcrushers
2589	Use the Burst at the Seams ability on your pet hotbar
2590	Kill 60 Drakkari Skullcrushers
2591	Lure 3 Drakkari Chieftains
2592	Use your Explosive Charges next to Scourgewagons
2593	They look like small catapult carts.
2594	Destroy 5 Scourgewagons
2595	Stand on this blue circle on the small platform above the green circle
2596	Teleport up to Drakuru's upper chamber
2597	Click the Musty Coffin
2598	It's a brown coffin.
2599	Explore Drakuru's upper chamber
2600	Stand on this green circle to go to the bottom level of Voltarus
2601	Learn Drakuru's secret
2602	Click the Scourge Enclosure, it's Gymer's huge cage
2603	Blow Up the Scourge Enclosure
2604	Kill 10 Scourge
2605	It won't work on all of them
2606	Tell 10 Argent Soldiers told to report back to the sergeant
2607	Click the Strange Mojo in your bags
2608	Go inside the building to 40,39
2609	Investigate the Main building at the Altar of Sseratus
2610	Use the Water Elemental Links to create Tethers to the Plane of Water
2611	Use the Tethers to the Plane of Water
2612	Click Zul'Drak Rats on the ground walking around this area
2613	Use the Zul'Drak Rats on Lurking Basilisks
2614	Click the Gorged Lurking Basilisks
2615	Click Muddlecap Fungus
2616	The Muddlecap Fungus looks like groups of tall mushrooms around this area.
2617	Use your Modified Mojo on the Prophet of Sseratus
2618	He's a huge green snake.
2619	Hearth to The Argent Stand
2620	Use your Crusader's Bandage on Crusader Lamoof
2621	Laying on the ground inside this building.
2622	Escort Crusader Lamoof back to Dr. Rogers at 58.1,72.4
2623	Save Crusader Lamoof
2624	Use your Crusader's Bandage on Crusader Josephine
2625	Escort Crusader Josephine back to Dr. Rogers at 58.1,72.4
2626	Save Crusader Josephine
2627	Use your Crusader's Bandage on Crusader Jonathan
2628	Escort Crusader Jonathan back to Dr. Rogers at 58.1,72.4
2629	Save Crusader Jonathan
2630	Attack the Nerubian Cocoons
2631	They look like squirming big white cocoons on the ground around this area.
2632	Free 3 Captive Footmen
2633	Click the Crashed Plague Sprayer
2634	It looks like a stone cube with 4 pillars in the corners, with skull designs on it.
2635	Use your Tangled Skein Thrower on Plague Sprayers
2636	They hover around in this area.
2637	Web and destroy 5 Plague Sprayers
2638	Click the Chunks of Saronite
2639	They look like tiny green mining nodes inside this building.
2640	Make sure you have 10 Drakkari Offerings in your bags
2641	If not, grind around this area until you do.
2642	Fly to Dalaran
2643	Fly to The Argent Stand
2644	Fly to Zim'Torga
2645	Click the Purple Cauldron
2646	It's a cauldron with purple smoke in it.
2647	Disturb the Purple Cauldron
2648	Click the Green Cauldron
2649	It's a cauldron with green smoke in it.
2650	Disturb the Green Cauldron
2651	Click the Blue Cauldron
2652	It's a cauldron with blue smoke in it.
2653	Disturb the Blue Cauldron
2654	Click the Red Cauldron
2655	It's a cauldron with red smoke in it.
2656	Disturb the Red Cauldron
2657	Chulo the Mad, Gawanil, and Kutube'sa will spawn randomly next to the big totems in this area.
2658	Click the Har'koan Relics
2659	The Har'koan Relics look like upright stone tablets on the ground around this area.
2660	Use your Whisker of Har'koa on their corpses
2661	Resurrect 7 Cursed Offsprings of Har'koa
2662	Fight the Elemental Rifts
2663	The Elemental Rifts look like swirling lightning clouds around this area.
2664	Seal 7 Elemental Rifts
2665	Use your Tormentor's Incense next to Rhunok's body
2666	Ask to call one of her children to carry you into the Altar of Quetz'lun
2667	Reveal Quetz'lun's fate
2668	When you return to 63.8,70.5
2669	Use To'kini's Blowgun on Frost Leopards and Icepaw Bears around this area
2670	Click the mobs when they get knocked out and lift their tail to check if they are male or female
2671	Recover 3 Female Frost Leopards
2672	Recover 3 Female Icepaw Bears
2673	Click the Underworld Power Fragments
2674	They look like brownish floating crystals.
2675	They look like altars all around this whole area.
2676	Kill 12 Trolls near a Soul Font
2677	Use Quetz'lun's Hexxing Stick on High Priest Mu'funu
2678	Hex High Priest Mu'funu at death
2679	Use Quetz'lun's Hexxing Stick on High Priest Tua-Tua
2680	Hex High Priest Tua-Tua at death
2681	Use Quetz'lun's Hexxing Stick on High Priest Hawinni
2682	Hex High Priest Hawinni at death
2683	Click Heb'Jin's Drum
2684	It's a big drum in the middle of the road.
2685	Use your Bat Net on Heb'Jin's Bat to pin it to the ground
2686	Use Ahunae's Knife on their corpses to scalp them
2687	Scalp 10 Heb'Drakkar trolls
2688	Hearth to Zim'Torga
2689	Use Quetz'lun's Ritual next to Quetz'lun's body
2690	Use your Medallion of Mam'toth on Enraged Mammoths to ride them
2691	Use the abilities on your mammoth hotbar
2692	Trample 12 Mam'toth Disciples to death
2693	Click Tiri's Magical Incantation in your bags
2694	Kill 12 Enchanted Tiki Warrior
2695	Click the Zol'Maz Stronghold Caches
2696	The Zol'Maz Stronghold Caches look like bamboo boxes on the ground around this area.
2697	Use your Tiki Dervish Ceremony in front of this huge metal gate
2698	Fly to Gundrak
2699	Click the 4 Akali Chain Anchors
2700	They look like stone pillars with fire coming out of the top.
2701	Unfetter Akali from his chains
2702	Fly to Fizzcrank Airstrip
2703	Go north to Sholazar Basin
2704	Click the Flying Machine Engine
2705	It's an engine sitting on the ground, next to a crashed plane.
2706	Escort Engineer Helice out of Swindlegrin's Dig
2707	Kill 15 Venture Company member
2708	Click the Venture Co. Spare Parts
2709	They look like metal assorted parts on the ground around this area.
2710	Meatpie is a blue ogre that walks up and down this platform, and around this area.
2711	Foreman Swindlegrin is on a machine shredder walking around on top of this platform.
2712	Use your RJR Rifle on the gnome close to you with an apple on his head
2713	Keep using the rifle until you hit the apple
2714	Shoot the apple on Lucky Wilhelm's Head
2715	Kill 60 Game Animals
2716	They look like brown vines that hang from trees around this area.  Sometimes a Dwarf will fall out and give you fruit you need.
2717	Click the Raised Mud underwater
2718	They look like piles of dirt underwater in this lake.
2719	You go flying in a plane
2720	Use the abilities on your hotbar to fight the bats
2721	The engine blows up and you have to fly back to Pilot Vic at 50.1,61.4
2722	Land the plane inside the blue crystal circle
2723	Use the Land Flying Machine ability on your hotbar to land the plane
2724	Complete the Reconnaissance Flight
2725	Click the Dreadsaber Tracks
2726	They look like brown paw prints on the ground around this area.
2727	Identify 3 Shango Tracks
2728	Use Soo-rahm's Incense next to the Offering Bowl
2729	It's a small bowl in front of the skull of these bones.
2730	Reveal the Location of Farunn
2731	Click Sandferns
2732	They look like ferns on the beach.
2733	Use your Jungle Punch Sample on Tamara Wobblesprocket
2734	Complete Tamara's taste test
2735	Fly to Nesingwary Base Camp
2736	Use your Sandfern Disguise next to this big log laying halfway in the water
2737	This quest is only available immediately after killing Pitch in the previous guide step.
2738	You must have the quest "The Ape Hunter's Slave" active in your quest log in order to talk to Goregek the Gorilla Hunter and accept this quest.
2739	Go outside to 55,69.1
2740	He travels up and down the river bank, so you may need to search for him
2741	Kill 12 Mistwhisper Gorloc
2742	They will spit Hydra Sputum on you
2743	Use your Sample Container in your bags when you have the Hydra Sputum debuff
2744	Collect 5 Sputum Samples
2745	Hearth to Nesingwary Base Camp
2746	The Primordial Drakes fly around in the air around this area.
2747	Attack the Primordial Drake Eggs
2748	The Primordial Drake Eggs look like white eggs next to trees around this area.
2749	Click the Primordial Hatchlings that spawn
2750	Use your Mammoth Harness on a Shattertusk Mammoth
2751	Ride the mammoth back to Zootfizzle at 42.1,28.9
2752	Use the Hand Over Mammoth ability on your hotbar
2753	Deliver the Shattertusk Mammoth
2754	Click the Roc Eggs
2755	The Roc Eggs look like white eggs in nests on the ground around this area.
2756	Fight Thalgran Blightbringer
2757	He's a tall undead standing on this small hill.
2758	Use Freya's Ward in your bags to reflect Thalgran Blightbringer's Deathbolts back at him
2759	Deathbolts are a purple shadow spell when he's casting it.
2760	Click the Cultist Corpse
2761	On the ground at the very top of the pillar, next to a huge red crystal.
2762	Use your Lifeblood Gem on their corpses
2763	Recover 8 Lifeblood Energy
2764	Click Lifeblood Shards
2765	Click the Unstable Explosives
2766	The Unstable Explosives look like big metal spiked balls on the ground around this area.
2767	Destroy 4 Unstable Explosives
2768	Fly to the very top of this tall pillar
2769	Stand under the big floating structure
2770	Use Freya's Horn
2771	Release The Lifewarden's Wrath
2772	Ask her how you can help
2773	The path to Activation Switch Gamma starts here
2774	It's a big balcony you'll have to fly to.
2775	Click the Activations Switch Gamma
2776	It looks like a rectangle upright control panel in the middle between 3 huge windows.
2777	Click the Timeworn Coffer
2778	It's a big stone box sitting on the big balcony.
2779	Click the Activation Switch Theta
2780	At the very end of the hallway, it's a rectangle upright control panel.
2781	Stand inside the light to go through the Waygate
2782	Go up the steps and into the tunnel to 48.2,2.5
2783	The path down to Rin Duoctane starts here
2784	Go into the sewer to 30.9,50.2
2785	Go back up to the top level of the city
2786	Downstrairs in a small room, it's a blue floating trianglular jewel.
2787	Go northeast to The Storm Peaks
2788	Click the Charred Wreckage
2789	They look like various metal parts on the ground around this area.
2790	Click Dried Gnoll Rations
2791	The Dried Gnoll Rations crates look like wooden boxes sitting on the ground around this area.
2792	Click Sparksocket's Tools
2793	They look like a box of tools in the middle of the mine field.  Navigate carefully through the wide paths in the mine field to get here.  You may get blown around in order to get to this spot, but just keep trying.
2794	Click the U.D.E.D. Dispenser next to Tore Rumblewrench
2795	Standing next to some debris.
2796	HURRY HURRY to 43.9,79.0
2797	Click the Mammoth Meat on the ground
2798	Go into the cave to 40.4,77.8
2799	Escort the Injured Goblin Miner to K3
2800	Fly up to 39.8,73.3
2801	Click the Rusty Cages
2802	Click the K3 Equipment
2803	The K3 Equipment looks like wooden crates on the ground around town.
2804	Click the Transporter Power Cell
2805	It looks like a small red barrel.
2806	Go inside the cave to 50.5,77.8
2807	Go outside and go to 50.0,81.8
2808	Follow the path in the mine east out to the other side to 47.5,69.1
2809	Click Icefang to ride him
2810	Standing down the hill, Icefang is a white bear.
2811	Click the Captive Proto-Drakes to ride them
2812	The Captive Proto-Drakes are chained up flying in the sky.
2813	Kill 8 Ravenous Jormungar inside this cave
2814	Follow the path in the cave to 54.8,60.4
2815	Click the Injured Icemaw Matriarch
2816	She's a big white bear laying on the ground inside this cave.
2817	Yulda the Stormspeaker is standing inside this house.
2818	Click the Harpoon Crate
2819	The Harpoon Crate looks like a huge square chest.
2820	Click the Valkyrion Harpoon Guns
2821	They look like bronze dragon guns.
2822	Use the Flaming Harpoon abilitiy on your hotbar to shoot the tan bundles of straw near buildings and in wagons around this area
2823	Hearth to K3
2824	Click the Granite Boulders and get them 1 at a time
2825	The Granite Boulders look like big grey rocks on the ground around this area.
2826	Click a Granite Boulder and get one
2827	Click Fjorn's Anvil
2828	Fjorn's Anvil is a huge anvil.
2829	Click Snorri to accompany on him
2830	Standing on the side of the road.
2831	It's a huge anvil on an ice platform.
2832	Click the Frozen Iron Scraps
2833	The Smoldering Scraps look like small smoking pieces of metal on the ground around this area.
2834	Click the Horn Fragments
2835	The Horn Fragments look like grey scraps on the ground around this area.
2836	Click Hodir's Horn
2837	It's a huge bone war horn.
2838	Click Hodir's Helm
2839	It's a huge helm on the tip of this ice spike.
2840	Go outside and go to 33.4,58
2841	Click the Small Proto-Drake Eggs
2842	They are big spiked brown eggs on top of this mountain in a nest.
2843	You can find more Small Proto-Drake Eggs at 45.2,66.9
2844	Click the Stolen Proto-Dragon Eggs in your bags
2845	Fly up into the building to 55.3,43.3
2846	He's inside this Hall of the Shaper building in the very back of the room.
2847	Standing in the middle of this huge staircase.
2848	Standing at the bottom of this huge staircase.
2849	Inside this mine.
2850	Click the Disturbed Snow
2851	It's a pile of snow on the ground.
2852	Click Eagle Eggs on the ground
2853	They look like white eggs sitting on the ground around this area, usually next to trees.
2854	He's sitting on the ground inside this small cave.
2855	Click the Inventor's Library Console
2856	Inside the building, all the way at the end of the hall.
2857	Hearth to Frosthold
2858	Click the Battered Storm Hammer
2859	It's a big hammer on the ground next to a dead body.
2860	While he is stuned, run away so the Hammer can recharge
2861	Go outside to 27.1,67.3
2862	Fly to the top of this temple to 52.6,56.9
2863	Fly to the top of this temple to 53.5,42.3
2864	Fly to the top of this temple to 45.6,49.2
2865	Go inside the cave to 44.5,64.5
2866	Click The Guardian's Charge
2867	It's at the very lowest level of the cave.
2868	Go outside the cave to 38.2,61.7
2869	Click Brann's Flying Machine next to you
2870	Click the Enchanted Earth
2871	They look like big black spikes of rock coming out of the ground at the bottom of this cliff, near the water and all along the cliffside.
2872	Click Ore Carts
2873	They look like carts with ore in them.
2874	Go outside and inside the building to 31.4,38.1
2875	Right-click Loken's Fury
2876	It looks like a glowing ball on a pedestal inside this building.
2877	Right-click Loken's Power
2878	Right-click Loken's Favor
2879	Congratulations, you are now level 80!
2880	Go to Stormwind
2881	Leave the cave
2882	Go to the top of the tower
2883	Teleport to Moonglade
2884	Go inside the cave
2885	Question Rutgar
2886	Question Frankal
2887	Click the Scourge Cauldron
2888	They are inside the cave.
2889	Inside the cave.
2890	Listen to his story
2891	They are under the jumping piles of rocks, they come up to fight when you get close to the jumping rocks.
2892	Click the Eroded Leather Case
2893	Use the Cenarion Antidote on a Hulking Helboar
2894	Administer the Antidote
2895	In the big building, all the way at the top.
2896	The path to 'Ikeyen's Belongings' starts here
2897	Go southwest inside the cave to 70.5,97.9
2898	Go northeast inside the cave to 72.5,94.0
2899	On the bottom level of the cave, in the small round room all the way in the back.
2900	Stand here to Investigate Umbrafen Lake
2901	Get the Mark of War
2902	Get the Mark of Lore
2903	Use your Ironvine Seeds on the Umbrafen Lake Pump Controls
2904	Disable the Umbrafen Lake Pump Controls
2905	Use your Ironvine Seeds on the Lagoon Pump Controls
2906	Disable the Lagoon Pump Controls
2907	Use your Ironvine Seeds on the Serpent Lake Controls
2908	Disable the Serpent Lake Controls
2909	Click the Drain Schematics in your bags
2910	Locate the drain in Serpent Lake
2911	On a little island.
2912	They are all around this area on the land, to the north and south.
2913	Click the brown crates and kill ogres around this area
2914	Follow the path up the hill. Overlord Gorefist is inside the small house on the left.
2915	Examine the Strange Object
2916	Inside the building, looks like a white ball on the floor next to a dead guy.
2917	At the top of the big tower.
2918	Fight Empoor until he's almost dead
2919	Burn 10 Sunspring Villager Corpses
2920	Fight Lump until he's almost dead
2921	Sleeping on the hill.
2922	Free Corki inside the cave
2923	Go outside to 54.5,72.2
2924	Use your Warmaul Ogre Banners on their corpses
2925	Plant 10 Warmaul Ogre Banners
2926	Use your Kil'sorrow Banners on their corpses
2927	Plant 10 Kil'sorrow Banners
2928	Use the Damp Woolen Blanket on the Blazing Warmaul Pyre
2929	Click the Damaged Mask
2930	Plant the Ironroot Seeds
2931	Use the 6 Ruuan'ok Claws inside the glowing circle
2932	Negotiate with Overseer Nuaar
2933	Make sure you have your Felsworn Gas Mask in your bags
2934	It has a 60 minute timer on it
2935	Click the Legion Communicator
2936	Get the Understanding Ravenspeech buff
2937	Must be within melee range to receive the buff
2938	Stand next to the wooden totem with the Understanding Ravenspeech buff on you
2939	Receive the Third Prophecy
2940	Receive the First Prophecy
2941	Receive the Second Prophecy
2942	Receive the Fourth Prophecy
2943	Combine your 5 Costume Scraps to make an Overseer Disguise
2944	Put on the Overseer Disguise
2945	Attend the meeting with Kolphis Darkscale
2946	Click the Cultist Shrine
2947	It looks like a small candle shrine on the ground downstairs in this ship, next to the wall.
2948	Kill the Riplash Myrmidon and cheering Skadir mobs
2949	Go inside the cave to 46.4,78.2
2950	Go into the big building to 54.7,89.1
2951	Swim underwater to the bubbling rock at the very bottom, so you don't run out of air
2952	Use your Trident of Naz'jan on Leviroth
2953	Use your D.E.H.T.A. Trap Smasher while standing next to Trapped Mammoth Calves
2954	They look like baby elephants laying on the ground in a trap.
2955	Free 8 Mammoth Calves
2956	Find and kill "Lunchbox"
2957	He walks around this area.  Kill 'Lunchbox' and then Nedar, Lord of Rhinos will jump off.
2958	Stand inside the Caribou Traps on the ground
2959	They look like metal spiked traps on the ground.
2960	Use your Pile of Fake Furs
2961	Trap 8 Nesingwary Trappers
2962	Deliver the Orphaned Mammoth Calf to Khu'nok
2963	Ride around and find a Wooly Mammoth Bull
2964	Click it to ride it
2965	Use the skills on your mammoth action bar to do the following:
2966	Click Kaw's War Halberd on the ground
2967	Click the Shipment of Animal Parts containers on the ground
2968	They look like brown bags and crates sitting on the ground around this area.
2969	It looks like 2 small totem pole things at the base of the big stone on the huge bone cart.
2970	Identify the Elder Sagani
2971	Identify the Elder Takret
2972	Identify the Elder Kesuk
2973	Use the Cores of Malice on Kaskala Craftsmen and Kaskala Shaman
2974	Free 3 Kaskala Craftsman spirits
2975	Free 3 Kaskala Shaman spirits
2976	Use your Gnomish Grenade while standing under the floating platform
2977	If you can fly, you can stand on the floating platform and use your Gnomish Grenade.
2978	Destroy the North Platform
2979	Destroy the West Platform
2980	Destroy the East Platform
2981	Use your Tuskarr Ritual Object while standing next to the Elder Sagani
2982	Complete Elder Sagani's ceremony
2983	Use your Tuskarr Ritual Object while standing next to the Elder Takret
2984	Complete Elder Takret's ceremony
2985	Use your Tuskarr Ritual Object while standing next to the Elder Kesuk
2986	Complete Elder Kesuk's ceremony
2987	Watch the cutscene
2988	Go underwater to 42.5,15.9
2989	Use The King's Empty Conch on Scalder's corpse
2990	Rescue 20 Winterfin Tadpoles
2991	Go southwest to Winterfin Village
2992	Use King Mrgl-Mrgl's Spare Suit
2993	Escort Lurgglbr to safety
2994	Click the Mound of Debris
2995	It looks like a pile of dirt in the bottom of this small pit, next to a skeleton.
2996	Click the Unlocked Chest
2997	It looks like a small chest in the bottom of this small pit, next to a skeleton.
2998	Click the Long Tail Feather
2999	It's a small blue feather sitting on a circular shield in this pit, on top of a skeleton.
3000	Click the Cannonball
3001	It looks like a big round grey ball sitting in the dirt in this pit, between a skeleton's legs.
3002	Go across The Ancient Lift to 25.0,57.0
3003	It's a blue eagle statue inside this ship on the middle floor.
3004	It looks like a grey vase at the bottom of this wrecked ship.
3005	Go downstairs in the ship
3006	Go upstairs to the ship deck
3007	Run to the other end of the ship deck to the big cannon
3008	Keep clicking The Big Gun until Sorlof is dead
3009	Sorlof will drop a big pile of gold on the shore
3010	Jump off the ship and click Sorlof's Booty
3011	Leave the cave and go to 33.2,63.9
3012	Use Anuniaq's Net on the Schools of Tasty Reef Fish
3013	They look like swarms of fish in the water.
3014	Use your Tasty Reef Fish on a Reef Bull as far away as you can
3015	He will come to the spot where you're standing
3016	Keep doing this
3017	Lead the Reef Bull to a Reef Cow on the other side of the water
3018	Ride the big lift to the top of the cliff and go to 40.3,60.3
3019	Use your Bundle of Vrykul Artifacts while standing near the skeleton
3020	Return the Shield of Aesirites
3021	Return the Staff of Storm's Fury
3022	Use your Bundle of Vrykul Artifacts while standing near the skeleton.
3023	Return the Frozen Heart of Isuldof
3024	Return the Ancient Armor of the Kvaldir
3025	Go across the Ancient Lift to 25.0,57.0
3026	Go inside the building to 19.4,58.1
3027	Click Goramosh's Strange Device
3028	Observe the Object on the Surge Needle
3029	Use your Surge Needle Teleporter to go back down to the ground
3030	Use the Ley Line Focus Control Ring next to the half-circle
3031	It's a big half-circle purple glowing thing.
3032	Retrieve ley line focus information
3033	Use your Ley Line Focus Control Amulet on the Ley Line Focus
3034	Use your Ley Line Focus Control Talisman on the Ley Line Focus
3035	It's a big half-circle purple glowing thing underwater.
3036	Go to this spot on the cliff to Observe Azure Dragonshrine
3037	Click the Blood of Loguhn in your bags
3038	Smear the Blood of Loguhn on yourself
3039	Use Toalu'u's Spiritual Incense next to Toalu'u's Brazier
3040	Sitting next to the entrance to the small house.
3041	Watch yourself fly as a wisp
3042	Attain Spiritual Insight concerning Indu'le Village
3043	Click Tua'kea's Crab Traps
3044	They look like small cages on the ground underwater around this area.
3045	Click the Wrecked Crab Trap
3046	It looks like a broken version of Tue'kea's Crab Traps, on the ground underwater.
3047	Use Tu'u'gwar's Bait next to Tua'kea's Fishing Hook
3048	It looks like a rope leading into the water, with a big hook on the end.
3049	Kill Tu'u'gwar when he comes
3050	Put 15 Indu'le spirits to rest
3051	The path up to Conversing With the Depths starts here
3052	Follow the path up to 34,83.4
3053	Click The Pearl of the Depths
3054	It's a big white pearl sitting on a altar thing.
3055	Oacha'noa appears and tells you to jump in the water
3056	Jump in the water when he tells you to
3057	Obey Oacha'noa's compulsion
3058	Tell him you need to go to the top of the temple
3059	Tell him you want to go to the ground level of the temple
3060	Help kill the following:
3061	12 Frigid Ghoul Attackers
3062	8 Frigid Geist Attackers
3063	1 Frigid Abomination Attacker
3064	Click the Ruby Acorns
3065	The Ruby Acorns look like red stones on the ground around this area.
3066	Use the Ruby Acorns on the Ruby Keeper corpses
3067	The Ruby Keepers look like huge red dragons on fire.
3068	Return 6 Ruby Keepers to the Earth
3069	Go into the valley to 48.2,47.8
3070	Cleanse the Ruby Corruption
3071	Tell him you want to go to Lord Afrasastrasz
3072	Tell him you are ready to get into the fight
3073	Fly around Wyrmrest Temple fighting the blue dragons in the sky using your abilities on your hotbar
3074	Fly southwest to 55.1,66.4
3075	Fly into the huge purple swirling column
3076	Use your Destabilize Azure Dragonshrine ability
3077	Destabilize the Azure Dragonshrine
3078	Click the red arrow to get off the dragon on the middle level of the temple
3079	Watch the dialogue
3080	Tell him you want to go to the top of the temple
3081	Use the abilities on your hotbar
3082	Use your Crusader Parachute on Argent Shieldmen and Argent Crusaders
3083	Equip 10 Argent forces with a parachute
3084	Go into the 2 rooms next to you:
3085	They are items on shelves that you can click
3086	Click a Muddy Mire Maggot and get it
3087	Muddy Mide Maggots look like an open bag of grain on the ground.
3088	Click a Withered Batwing and get it
3089	Withered Batwings looks like bone wings.
3090	Click a Chilled Serpent Mucus and get it
3091	Chilled Serpent Mucus looks like a skinny green vial.
3092	Click an Amberseed and get it
3093	Amberseeds look like spiked potatoes.
3094	Complete Alchemist Finklestein's task
3095	Click Dead Thornwoods
3096	They look like curved thorny roots coming out of the water around this area.
3097	Complete Captain Grondel's Task
3098	Click the Mature Water-Poppy plants
3099	They look like tall white-leaved plants with purple bulbs at the top.
3100	Complete Captain Brandon's Task
3101	Use your High Impact Grenade next to Nerubian Tunnels
3102	They look like squarish pyramid dirt mounds around this area.
3103	Seal 5 Nerubian Tunnels
3104	Complete Captain Rupert's Task
3105	Click the Sturdy Vines
3106	Click the fruit that falls to the ground or talk to the dwarf that falls
3107	Tell him you are ready to start the distillation process
3108	Click the items on the ground or on the machine that he yells at you during the process, it's random
3109	Click the barrel on the ground when the process is done
3110	Use your Jungle Punch Sample on Hadrius Harlowe
3111	Standing next to a tiki torch.
3112	Complete Hadrius' taste test
3113	Use your Jungle Punch Sample on Hemet Nesingwary
3114	Standing in front of a tent.
3115	Complete Hemet's taste test
3116	Talk to Goregek the Gorilla Hunter who is following you
3117	Use your Softknuckle Poker on Softknuckles
3118	Softknuckles are baby gorillas.
3119	A Hardknuckle Matriarch will spawn eventually
3120	The path down to The Sapphire Queen starts here
3121	Follow the path down to 57.1,79.3
3122	They are all around the village
3123	Click the Chicken Escapees
3124	Click the Skyreach Crystal Formations
3125	They look like white crystal cluster on the ground along the river bank.
3126	Tell him let's do this
3127	Travel to Mistwhisper Refuge
3128	When you jump off the crocodile:
3129	Use your Skyreach Crystal Clusters next to the stone monument
3130	It's a tall rectangle stone monument.
3131	Click the Arranged Crystal Formation that appears
3132	Sabotage the Mistwhisper Weather Shrine
3133	Use Zepik's Hunting Horn if Zepik is not standing next to you:
3134	Pull it to its feet
3135	Locate the Injured Rainspeaker Oracle
3136	Tell him you are ready to travel to his village now.
3137	Escort the Injured Rainspeaker Oracle to Rainspeaker Canopy
3138	Use Lafoo's Bug Bag if Lafoo is not standing next to you:
3139	Stand on top of the twinkles of light on the ground around this area
3140	Lafoo will dig up the treasure
3141	Click the random items that appear on the ground
3142	Tell him you brought an offering
3143	Extend the Peace Offering to Shaman Vekjik
3144	Click the Mistwhisper Treasure
3145	It's a yellow glowing floating orb, hovering over a tree stump altar.
3146	Travel to Mosswalker Village
3147	Use Moodle's Stress Ball if Moodle is not standing next to you:
3148	Rescue 6 Mosswalker Victims
3149	They look like small red crystals on the ground around this area.
3150	Use your Improved Land Mines to place mines on the ground close to each other
3151	Garm Invaders and Snowblind Followers will run over the mines and die.
3152	Retrieve a bomb from the dispenser
3153	Use your U.D.E.D. on an Ironwool Mammoth
3154	They walk around this area spread out.
3155	Tell the miner you're ready
3156	Free 5 Goblin Prisoners
3157	Use your Transporter Power Cell next to the Teleportation Pad
3158	It looks like a tall machine with a fan in the bottom of it.
3159	Activate the Garm Teleporter
3160	Use your Hardpacked Explosive Bundle next to Frostgut's Altar
3161	It's a stone altar with a bunch of melted red candles on it.  Follow the path in the cave that spirals up all the way to the top of the cave to find it.
3162	Use your Disciplining Rod on Exhausted Vrykul
3163	They are sitting on the ground inside these side tunnels inside this mine.
3164	Discipline 6 Exhausted Vrykul
3165	Tell her to skip the warmup
3166	Ask her about her proposal
3167	Listen to Lok'lira's proposal
3168	While riding Icefang, use the Flaming Arrow ability on your hotbar to shoot arrows at the Frostworgs and Frost Giants
3169	Burn 7 Frostworgs
3170	Burn 15 Frost Giants
3171	Fly to 63.9,62.5
3172	Use your Ice Shard ability on the Brunnhildar Prisoners
3173	The Brunnhildar Prisoners look like blue blocks of ice around this area on the ground.
3174	When your Proto-Drake is holding 3 Brunnhildar Prisoners, start flying toward Brunnhildar Village, the drake will eventually go on autopilot.  Repeat this process 2 more times.
3175	Rescue 9 Brunnhildar Prisoners
3176	Free 3 Proto-Drakes
3177	The bear runs back to Brunnhildar Village
3178	Rescue the Icemaw Matriarch
3179	Use your Reins of the Warbear Matriarch outside the building to ride a bear
3180	Use the abilities on your hotbar to fight Kirgaraak
3181	He's a big white yeti.
3182	Defeat Kirgaraak
3183	Click the red arrow to get off the bear
3184	Use your Reins of the Warbear Matriarch inside The Pit of the Fang to ride a bear
3185	Use the abilities on your hotbar to fight Hyldsmeet Warbears
3186	You fly off on a drake and start flying in circles around a tower:
3187	Use your Hyldnir Harpoon in your bags on Hyldsmeet Proto-Drakes to harpoon over to a new drake
3188	Repeat this process 9 more times
3189	Defeat 10 Hyldsmeet Drakeriders
3190	They look like light fixtures on the side of the stone columns.
3191	Use your Hyldnir Harpoon in your bags on a Column Ornament to get off the drake
3192	Ask him what became of Sif
3193	Hear Thorim's History
3194	Use your Vials of Frost Oil on the Plagued Proto-Drake Eggs
3195	They look like brown spiked eggs sitting in the yellow water around this area.
3196	Try to get 6 at a time
3197	Destroy 30 Plagued Proto-Drake Eggs
3198	Start 6 Fires
3199	Click the red arrow to get off the gun
3200	Use Thorim's Charm of Earth on the Stormforged Iron Giants
3201	Help the dwarves kill them
3202	Use Thorim's Charm of Earth on Fjorn
3203	He's a huge fire giant, holding a huge smithing hammer.
3204	Help the dwarves kill him
3205	Use the Gather Snow ability on your hotbar to gather snow from Snowdrifts
3206	The Snowdrifts look like piles of snow on the ground.
3207	Use the Throw Snowball ability on your hotbar to throw the snow at Seething Revenants
3208	Click the red arrow on your hotbar to leave Snorri
3209	Use your Essences of Ice next to Smoldering Scraps
3210	Use Hodir's Horn on their corpses
3211	Free 5 Niffelem Forefathers
3212	Free 5 Restless Frostborn
3213	Use your Diamond Tipped Pick on Dead Iron Giants
3214	Fly to the tip of this ice spike
3215	Use the Tablets of Pronouncement in your bags
3216	Mount Hodir's Helm
3217	Use your Everfrost Razor on Dead Icemaw Bears
3218	Follow the path inside the cave to this spot
3219	Use your Icemaw Bear Flank while standing on the small frozen pond with a bunch of rocks on it
3220	Stand in this big nest
3221	Lure Veranus
3222	Ask him what has become of Krolmir
3223	Discover Krolmir's Fate
3224	Use your Horn of the Peaks to summon earthen helpers
3225	Fight mobs around this area
3226	Tell him you are with him
3227	Witness the Reckoning
3228	Tell her you are ready to head further into Storm Peaks
3229	You will fly to Frosthold
3230	Ask him if he is okay
3231	Locate the Missing Scout
3232	Get 10 Relics of Ulduar
3233	Go outside to 44.5,60.4
3234	Use your Fresh Ice Rhino Meat on Stormcrest Eagles at the top of this mountain
3235	Feed 8 Stormcrest Eagles
3236	Use the Frosthound's Collar in your bags next to this broken down tent
3237	Use the abilities on your hotbar to keep the dwarves away from you
3238	Track down the thief
3239	Use Brann's Communicator in your bags
3240	Click the Inventor's Disk Fragments in your bags to combine them
3241	Use The Inventor's Disk on Databanks
3242	They look like floating round star things.
3243	Gather 7 Hidden Data
3244	Click the Charged Disk in your bags
3245	Go inside the building to 31.4,38.1
3246	Tell him you are ready for your test
3247	Use your Battered Storm Hammer on The Iron Watcher repeatedly
3248	When his health is low enough, he will run to the end of the bridge. Throw your hammer one last time and he will fall off
3249	The path to An Experienced Guide and Unwelcome Guests starts here
3250	Use Creteus's Mobile Databank at the top of this temple
3251	Investigate the Temple of Winter
3252	Use Creteus's Mobile Databank in this broken temple
3253	Investigate the Temple of Life
3254	Use Creteus's Mobile Databank Databank at the top of this temple
3255	Investigate the Temple of Order
3256	Investigate the Temple of Invention
3257	The path to The Hidden Relic starts here
3258	Accompany Brann Bronzebeard to Frosthold
3259	Use the abilities on your hotbar to fight Stormpeak Wyrms flying in the air around this area
3260	Click the red arrow on your hotbar to get off the eagle
3261	Use your Telluric Poultice on Fallen Earthen Defenders
3262	Heal 8 Fallen Earthen Defenders
3263	Go inside the mine to 27.5,49.7
3264	Attempt to free 8 Captive Mechagnomes
3265	Destroy Loken's Fury
3266	Destroy Loken's Power
3267	Destroy Loken's Favor
