1	You won't use it in the Northshire Valley starter area.
2	You will get another one before you need to use it.
3	Outside, next to the building.
4	Run through the enemies and aggro the enemies in this small camp near this tent.
5	Run inside the tent after they attack you, they can't attack you inside the tent, so you will be safe.
6	If they still hit you inside the tent, run a little further into the tent.
7	While standing inside the tent, zoom your camera out and click the small pile of books in the junk to the right of the tent opening.
8	Don't worry about the enemies, you will die on purpose after you get the quest item.
9	Stand in the fire to die faster.
10	Since you are less than level 11, you will not receive resurrection sickness when you revive.
11	This basically makes dying have no real penalty at this level.
12	This will allow you to travel a long distance quickly.
13	Use the "Summon Imp" ability.
14	Inside the building.
15	Repair your items.
16	Sell any items you don't need, to clear some bag space.
17	Inside the building, on the ground floor.
18	Upstairs inside the building, on the middle floor.
19	Getting this far into level 3 will allow you to reach level 4 when you turn in a quest soon.
20	Outside, in front of the building.
21	Inside the mine.
22	Inside and outside the mine.
23	Outside, behind the building.
24	They look like wooden buckets on the ground.
25	You can find them all around the Northshire Vineyards area.
26	Getting this far into level 5 will allow you to reach level 6 when you turn in quests soon.
27	You need to be level 6 to be able to learn your class abilities before leaving this starter area.
28	Upstairs inside the building, all the way at the top.
29	If you can afford it, and you need more bag space, buy bags.
30	If you can afford it.
31	Upstairs inside the building.
32	While you wait for boats, it's a good time to make bandages and increase your First Aid skill.
33	You'll need higher skill to make better bandages later, so make sure to level it up as you go.
34	Keep bandages on hand for another way to heal yourself.
35	Target Guard Roberts.
36	First, cast your "Lesser Heal (Rank 2)" spell on him.
37	Second, cast your "Power Word: Fortitude" spell on him.
38	Be careful not to accidentally sell these to a vendor.
39	He walks around this area inside the mine.
40	You can find more outside the mine.
41	Getting this far into level 7 will allow you to reach level 8 after turning in quests soon.
42	There are multiple exits, so just leave through the one you come across first.
43	This will create a Hearthstone for you, so you have one again.
44	The next step in the guide can be pretty tough, so being a level higher will help.
45	They look like small stacks of brown logs at the base of trees around this area.
46	They look like brown bears.
47	They look like grey wolves.
48	In front of the building.
49	They look like humans.
50	Focus on killing the ones along the perimeter of the farm, near the fences and buildings.
51	Getting this far into level 9 will allow you to reach level 10 after turning in quests soon.
52	Be careful as you travel here, follow the road.
53	The enemies in this zone are much higher level than you currently.
54	Downstairs inside the building.
55	Getting this far into level 10 will allow you to reach level 11 after turning in quests soon, before moving on to Darkshore.
56	Open the flight map.
57	We are opening the flight map to let the guide learn that you have the Stormwind City flight path already.
58	This will allow you to use one-handed swords.
59	Use it while standing on the pink symbol on the ground.
60	Downstairs inside the building, inside the crypt.
61	Upstairs inside the building, in the basement above the crypt.
62	As you follow the guide, use your "Drain Soul" spell as you kill an enemy to get a Soul Shard.
63	Once you have a Soul Shard, use your "Summon Voidwalker" ability to summon your voidwalker.
64	It will tank enemies for you, making it easier to kill enemies.
65	He walks around this area inside the building.
66	He will attack you immediately after you accept this quest.
67	He will eventually surrender.
68	Buy a couple of stacks of ammo.
69	Buy some ammo, if you need to.
70	You are about to return to town, so it will be a good time to train your level 4 abilities.
71	Hurry, you have a timed quest.
72	There's not very many of them, and they can be spread out inside the cave.
73	Inside and outside the cave.
74	This is important, so you can visit your class trainer before leaving the starter area.
75	If you afford it.
76	Target Mountaineer Dolf.
77	They respawn quickly, so you'll be better staying close to the cave entrance.
78	You should already be level 7, or pretty close.
79	We are getting to level 8 now, so you can learn your level 8 abilities in town before going to quest more.
80	While you wait for boats or trams, it's a good time to make bandages and increase your First Aid skill.
81	On top of the mountain.
82	As you travel to him, be careful to avoid the elite yeti that walks around this area.
83	Wait for the elite yeti to leave the cave and walk away before you enter the cave.
84	He runs back quickly after he walks down the path a bit.
85	Try to get into the cave as quick as you can when he leaves it, to give yourself time to run back out safely.
86	If he attacks you as you leave the cave, just run away.
87	They look like tan wooden baskets on the ground around this area.
88	Getting this far into level 8 will allow you to reach level 9 after turning in quests soon.
89	While you are in the Wetlands, keep running north and jump off the cliff.
90	This is a much easier and faster way to reach Menethil Harbor.
91	It may not be for sale, since it's a limited supply item.
92	This item is needed for a quest later on in Duskwood.
93	It may take a moment for it to become Unguarded.
94	You will return to town soon, so it will be a good time to learn your level 10 abilities.
95	Now that you're level 10, you can purchase stronger bullets or arrows.
96	When you restock ammo at vendors, make sure to buy level 10 ammo.
97	Use it on a Large Crag Boar around this area.
98	Use it on a Snow Leopard around this area.
99	Use it on an Ice Claw Bear around this area.
100	He walks around this area.
101	Buy 20-40, whatever you have money and bag space for.
102	This will be used to feed your permanent pet soon and keep it Happy, so it deals more damage and gains Loyalty faster.
103	By keeping your pet Happy and ranking up its Loyalty, it won't run away and abandon you, and will need food less often to stay Happy.
104	Use your "Tame Beast" ability on an Ice Claw Bear.
105	They look like brown bears around this area.
106	Walk into the swirling portal.
107	On the middle platform, near the wall.
108	In the Ironforge section of the Deeprun Tram.
109	Use it on Deeprun Rats around this area.
110	They look like small grey rats on the ground around this area.
111	Ride the Deeprun Tram from Ironforge to Stormwind City.
112	In the Stormwind City section of the Deeprun Tram.
113	He looks like a white yeti.
114	He walks around this area, in and out of the cave.
115	They look like troggs holding white bones.
116	They look like troggs holding wooden mallets.
117	Getting this far into level 10 will allow you to reach level 11 after turning in quests soon.
118	There aren't enough quests to reach level 11 naturally in Dun Morogh.
119	You need to be level 11 before moving on to Darkshore soon.
120	Also, a lot of grey and green weapons drop from these enemies, so grinding them will get you a lot of money to use for weapon upgrades, learning abilities, and buying bags.
121	You will need these soon for a Paladin class quest.
122	We are opening the flight map to let the guide learn that you have the Ironforge flight path already.
123	He sometimes walks out near the entrance of the building.
124	This will allow you to equip two-handed maces.
125	This will allow you to equip two-handed axes and two-handed maces.
126	This will allow you to equip thrown weapons.
127	He walks around this area in a large path.
128	You should already have 10 Linen Cloth from earlier in the guide.
129	Use it on Narm Faulk's corpse.
130	This will resurrect him and allow you to talk to him.
131	This will allow you to equip staves.
132	This will allow you to equip two-handed swords.
133	This will allow you to equip one-handed swords.
134	You can't use it until level 15, but it will be a nice upgrade immediately once you reach level 15 soon.
135	This will allow you to use bows.
136	Also buy a Small Quiver or Medium Quiver, whichever you can afford.
137	Buy enough arrows to replace all of your ammo.  You will be using bows.
138	This will allow you to use staves.
139	You won't use it in the Shadowglen starter area.
140	Buy some ammo.
141	Up in the tall tree, inside the building.
142	They look like clusters of pink mushrooms on the ground around this area.
143	They are usually at the base of trees.
144	They look like tall flowers with orange petals on the ground around this area.
145	You should already be close to reaching level 5.
146	Upstairs inside the cave.
147	At the very top of the tall tree, inside the building.
148	At the top of the tower.
149	Target Sentinel Shaya.
150	First, cast your "Lesser Heal (Rank 2)" spell on her.
151	Second, cast your "Power Word: Fortitude" spell on her.
152	You need Herbalism, so you can gather 5 Earthroot as you quest in Teldrassil.
153	You will need the Earthroot for a later class quest.
154	Once you have the 5 Earthroot, you can abandon Herbalism, if you want to.
155	They look like green and brown vine balls on the ground around this area.
156	You are collecting these to be able to complete a future quest soon.
157	You are about to return to town, so it will be a good time to learn your level 8 abilities.
158	Upstairs inside the building, on the middle level.
159	You need to have the Cooking profession learned in order to accept a quest soon.
160	They look like small brown balls with green smoke rising out of them at the base of trees around this area.
161	He can spawn in multiple locations inside this cave.
162	If he's not here, search around in the cave until you find him.
163	Anywhere inside the cave.
164	Try to die around this area, or to the east of here, so that you end up in Dolanaar.
165	This will create a Hearthstone for you.
166	She walks in a large pattern along the road from Dolanaar to Darnassus.
167	You will be returning to town soon, so it will be a good time to learn your level 10 abilities.
168	This is an escort quest.
169	If she's not here, someone may be escorting her.
170	Wait until she respawns.
171	Mist will follow you as you walk.
172	Try to hurry, this quest is timed.
173	He walks around inside the building, at the top.
174	Use it on a Webwood Lurker around this area.
175	They look like green spiders.
176	Dismiss it after you tame it.
177	Use it on a Nightsaber Stalker around this area.
178	They look like dark colored tigers.
179	Use it on a Strigid Screecher around this area.
180	They look like grey birds.
181	You must be close to this area.
182	Use your "Tame Beast" ability on a Strigid Hunter.
183	They look like grey birds around this area.
184	This will be your permanent pet for a while.
185	They look like swamp elementals.
186	Work your way north along the water as you kill them, the next step is far north.
187	She looks like a a grey spider that walks around this area.
188	She can spawn in multiple locations.
189	Stealth and use your "Pickpocket" ability on Sethir the Ancient.
190	He looks like a purple satyr that sometimes stands here, and walks out onto the huge tree branch nearby.
191	Be careful to not attack him or be detected, he summons a group of enemies to help him fight.
192	Use Herbalism to gather these as you quest in Teldrassil.
193	Collect any herbs you come across, because you need Herbalism level 15 to be able to collect Earthroot.
194	Earthroot nodes can be found in the areas of Teldrassil between Dolanaar and Darnassus, north and south of the road.
195	Once you collect 5 Earthroot, you can abandon Herbalism, if you want to.
196	You can't use it until level 11, but you'll be level 11 soon and it will be a nice instant upgrade.
197	You will equip it after you reach level 11 soon.
198	This will be used to feed your permanent pet and keep it Happy, so it deals more damage and gains Loyalty faster.
199	You won't use it in the Ammen Vale starter area.
200	Cast it on a Draenei Survivor.
201	They look like red glowing Draenei laying on the ground around this area.
202	They look like red and yellow flowers on the ground around this area.
203	Getting this far into level 3 will allow you to reach level 4 after turning in quests soon.
204	Outside the building.
205	They look like pink crystals with golden parts spinning around them on the ground around this area.
206	Use it on Nestlewood Owlkins.
207	They look like yellow owlkins around this area.
208	You should already be pretty close to reaching level 5.
209	Getting this far into level 5 will allow you to reach level 6 after turning in quests soon.
210	Use it next to Schools of Red Snapper
211	They look like groups of small red fish in the water around this area.
212	Sometimes an Angry Murloc will appear after you use the Draenei Fishing Net.
213	They look like black tigers with white stripes around this area.
214	Cast it on Tavara.
215	You should already be level 7, or very close.
216	They look like tree stumps with a ring of frayed bark around the top of them on the ground around this area.
217	They look like piles of purple leaves on the ground around this area.
218	They look like blue flowers near trees on the ground around this area.
219	Follow Stillpine Ancestor Coo as he walks.
220	Jump off the cliff in the direction the arrow is pointing.
221	You will float down safely to the ground.
222	Follow Stillpine Ancestor Tikti as he walks.
223	Underwater.
224	Follow Stillpine Ancestor Yor as he walks.
225	He eventually runs to this location.
226	They look like yellow wooden cages on the ground around this area.
227	They look like glowing white orbs in small stands on the ground around this area.
228	On the dock.
229	He looks like a gnome that walks on the beach around this area.
230	You are about to have to go inside a cave and fight your way to a level 10 enemy.
231	Being a level higher will help.
232	You should already be pretty close to reaching level 10.
233	Downstairs inside the cave.
234	Anywhere inside this cave.
235	Use it on a Barbed Crawler.
236	They look like crabs underwater around this area.
237	Use it on a Greater Timberstrider.
238	They look like large birds on the ground around this area.
239	Use it on a Nightstalker.
240	They look like dark grey tigers on the ground around this area.
241	Use your "Tame Beast" ability on a Nightstalker.
242	Try to find one that's level 9.
243	They are stealthed, and rare, around this area.
244	If you don't find one before you finish the Ravager Hide quest, you can skip it.
245	They look like brown bags with yellow contents in them on the ground near murloc huts around this area.
246	He looks like a larger purple murloc that walks up and down the beach around this area.
247	Eventually, a Quel'dorei Magewraith will appear and attack you.
248	You will be attacked by 2 owlkins.
249	It walks around this area.
250	At the top of the platform.
251	This will allow you to use two-handed swords.
252	Buy enough ammo to last you for a while.
253	Use your "Tame Beast" ability on a Thistle Bear.
254	Try to find one that's level 11.
255	They look like bears around this area.
256	You can abandon your pet right before taming a Thistle Bear.
257	This will be your permanent pet.
258	Use it on a Rabid Thistle Bear around this area.
259	Be careful to not accidentally use it on a regular Thistle Bear.
260	Make sure it's very close to you when you use it.
261	Make it get close to the glowing red circle that appears on the ground.
262	You need to be at least level 12 to accept some quests.
263	She walks around this area.
264	Only Vile Sprites and Wild Grells will drop the quest item.
265	They share spawn points with Moonstalkers, so kill those too, if you can't find any Rabid Thistle Bears.
266	In the water, at the bottom of the waterfall.
267	You should already be pretty close to reaching level 14.
268	You will need to kill a level 16 enemy soon, so being a level higher will help.
269	She looks like a neutral female night elf ghost, in a green and yellow robe.
270	She may spawn in multiple locations, and walks around this area.
271	All around this area.
272	Eventually, High Chief Bristelimb will yell in the chat and appear at this location.
273	He walks around this area after he spawns.
274	Use it on the Young Furbolg Shaman.
275	This quest will give you a run speed buff.
276	They are no longer needed.
277	"The Kessel Run"
278	They look like orange glowing mushrooms on the ground around this area.
279	They tend to be next to trees.
280	He looks like a felguard that walks around this area.
281	They look like smaller brown mushrooms that put off green gas on the ground around this area.
282	You should already be pretty close to reaching level 15.
283	He looks like an orange murloc that walks along the beach around this area.
284	Use it on Blacksilt Scouts.
285	They look like purple murlocs along the beach around this area.
286	You can find more in the water.
287	They look like large brown mushrooms with spikes on them underwater around this area.
288	They look like small light brown pears on the ground around this area.
289	Getting this far into level 15 will allow you reach level 16 after turning in quests soon.
290	They look like small blue and brown mushrooms on the ground around this area.
291	They look like nagas.
292	You can die anywhere around this area, it doesn't have to be this exact location.
293	This will allow you to travel quickly back to Blood Watch.
294	Don't worry about the resurrection sickness.
295	You are about to do some traveling, so the resurrection sickness will be gone before you need to kill enemies again.
296	They look like walking plants.
297	You should already be level 17, or pretty close.
298	Inside the turtle shell.
299	He looks like a diseased brown bear that walks around this area.
300	It looks like a wooden crate.
301	It can spawn in 4 of the murloc camps on the beach around this area.
302	They look like orange and white spiked bones planted in the ground around this area.
303	They look like silver metal boxes on the ground around this area.
304	They look like big red crystals on the ground around this area.
305	Use it on Matis the Cruel, but don't attack him.
306	He looks like a blood elf riding a horse with flaming feet that walks along this road.
307	An elite ally will appear after you use the Flare Gun, and begin fighting Matis the Cruel.
308	Let your ally fight him for a bit, before you start attacking too.
309	Your ally will tank the fight for you, making this quest easy.
310	He will eventually be captured.
311	They look like blue butterflies.
312	They look like wriggling white cocoons on the ground around this area.
313	They may not all contain an Expedition Researcher.
314	Run around the mountain to the other side.
315	Use it at the bottom of the red waterfall.
316	They look like green mushrooms on the ground around this area.
317	You can find them all around the base of the mountain.
318	Stock up on a couple of Runes of Teleportation to use to travel faster while leveling.
319	Upstairs inside the building, on the top floor.
320	It looks like a wicker basket vase on the ground underwater.
321	They spawn randomly, so you may have to search around this area.
322	Inside the sunken ship, at the very bottom.
323	They look like crabs.
324	They look like blue and black striped tigers.
325	They share spawn points with the Giant Foreststriders, so kill those too, if you can't find any.
326	The Threshwackonator 4100 will follow you.
327	He will attack you when he reaches this location.
328	Make sure to save the "Elixir of Water Breathing" quest reward items.
329	You will use them for later quests.
330	It is no longer needed.
331	They look like brown and white mushrooms on the ground around this area inside the cave.
332	If there's not one around here, you can find more downstairs in the side rooms of the cave.
333	They look like blue mushrooms on the ground around this area inside the cave.
334	You can find them all throughout the cave.
335	At the entrance of the cave.
336	You will be attacked when you loot it.
337	He appears nearby.
338	It appears on the ground after you kill him.
339	They look like clusters of small white-spotted mushrooms on the ground inside the small caves around this area.
340	Use it on Sickly Deer around this area.
341	They look like green diseased deer in areas with trees.
342	They are spread out all throughout Darkshore.
343	Groups of murlocs will appear near the water and run into the camp.
344	Try to stand outside the camp, so they don't all attack you at once when they run in.
345	Kill them to get Murkdeep to appear.
346	You may need help with this.
347	If he's not here, someone may be escorting him.
348	Wait until he respawns.
349	Follow Prospector Remtravel and protect him as he walks.
350	He is very weak and can die easily, so get the enemies off of him quickly.
351	Troggs will appear and ambush him 3 times along the way.
352	He eventually walks back to this location.
353	If you have trouble, try to find someone to help you, or skip it.
354	It appears on the ground next to you.
355	Wait for her to respawn.
356	Follow Therylune and protect her as she walks.
357	She eventually walks to this location.
358	He starts an escort quest.
359	Volcor will help you fight your way to the road.
360	You will be attacked by multiple groups of enemies along the way.
361	This quest rewards much more experience than the stealth quest he offers.
362	Follow Volcor and protect him as he walks.
363	He eventually walks to this location.
364	This item has a low drop rate.
365	They look like small piles of grey straw on the ground around this area.
366	They can respawn fairly quickly.
367	If you have trouble seeing them, reduce the "Ground Clutter" setting to "0" in the System > Graphics game settings menu.
368	They look like white balls on the ground around this area.
369	He looks like a grey furbolg that walks around this area.
370	They look like bushes with white sparkles floating off of them on the ground around this area.
371	You are about to have to kill a difficult level 24 enemy that has a level 24 pet.
372	It will help to be a level higher.
373	Try to carefully pull the 2 Felhounds near him, without pulling him too.
374	He has a succubus guard, and he summons multiple voidwalkers throughout the fight, so try to kill him quickly.
375	If you have trouble, try to find someone to help you.
376	Run north around the mountain.
377	She looks like a green naga with pink fins.
378	She walks clockwise near the water around this small island.
379	She has 2 guards with her.
380	If you have trouble, try to get someone to help you, or skip it.
381	Getting this far into level 23 will allow you to reach level 24 after turning in quests soon.
382	He walks around inside the building.
383	He looks like a grey murloc that walks around this area.
384	Inside and outside the crypt.
385	Getting this far into level 24 will allow you to reach level 25 after turning in quests soon.
386	You need to be at least level 25 to be able to accept a quest soon.
387	The next step will instruct you to jump off of a bridge into the water.
388	Afterwards, the guide assumes you will hearth back to Menethil Harbor.
389	If your Hearthstone is not ready to use, you will have to swim a long way and it takes a while.
390	If you have to wait 10 minutes or less for your Hearthstone to be ready, it may be worth waiting for it, otherwise skip the next 2 guide steps.
391	If you don't want to wait at all, skip the next 2 guide steps.
392	You will have to skip a handful of quests worth about 10,000 xp.
393	It looks like a rolled up white scroll in the hand of a dead dwarf.
394	You will switch to level 25 ammo at level 25.
395	Buy enough level 25 ammo to last you a while, and save it in your bags to switch to it later, once you hit level 25 soon.
396	You should now be level 25 and able to use this item to accept the quest.
397	Now that you're level 25, you can purchase stronger bullets or arrows.
398	When you restock ammo at vendors, make sure to buy level 25 ammo.
399	Destroy all of your level 10 ammo, and use the level 25 ammo you bought earlier.
400	This will allow you to equip two-handed axes.
401	When you accept the quest in the next step, you will have to protect and NPC from 3 waves of level 17-18 enemies.
402	First Wave - 3 enemies.
403	Second Wave - 4 enemies.
404	Third Wave - 5 enemies.
405	Bring food and water to eat and drink between the waves.
406	You should be able to complete the quest at this level.
407	You will be attacked by 3 waves of level 17 - 18 enemies.
408	Eat and drink between the waves.
409	Upstairs inside the tower.
410	Avoid the Crossroads in the the Barrens as you travel here.
411	Further downstairs inside the building, inside the crypt.
412	Downstairs inside the building, in the basement above the crypt.
413	Inside the building, at the top of the tower.
414	He looks like a darker brown boar that walks around this area.
415	They look like small grey metal chests on the ground around this area.
416	You can find more in the water nearby.
417	Use your "Pickpocket" ability on a Malformed Defias Drone.
418	Upstairs inside the building, on the top level.
419	You will get a debuff after opening it.
420	Use your "Sap" ability on Klaven Mortwake nearby before clicking the chest.
421	He is elite, but you should be fine.
422	Use the "/lay" emote (type it in your chat) while targeting Doc Mixilpixil.
423	You will still have the "Touch of Zanzil" debuff.
424	There is a quest to remove the debuff.
425	The quest makes you gather items in Stormwind City, but gathering the items can cost a lot of silver.
426	To remove the buff without doing the quest and wasting money, you have 2 options:
427	If you have First Aid leveled, create an "Anti-Venom" and use it on yourself.
428	You can also try to buy one from the Auction House, they're usually cheap.
429	Alternatively, try to ask a Druid player to use their "Cure Poison" ability on you.
430	Inside the building, on the middle floor.
431	Stock up on Dust of Decay and Empty Vials, at least 20 of each.
432	You will use these to create poisons soon to use on your weapon to help you deal more damage.
433	The poisons only last for 30 minutes, so you want to have enough to be able to always poison your weapon.
434	She walks around this area inside the building.
435	You will use it when you reach level 26.
436	It may not be available to buy, since it's a limited supply item.
437	You will use it when you reach level 27.
438	You need this item now for a quest in the next guide step.
439	If you haven't been able to buy one while following the guide so far, fly to Stormwind City and buy one from the auction house.
440	She walks around inside the building.
441	He may also leave the building and walk around the graveyard.
442	You can find them all along the coast of the river.
443	You should already be level 26, or very close.
444	Only enemies that look like ghouls will drop the quest item.
445	Be careful, there are stealthed enemies around this area.
446	Only Skeletal Fiends and Skeletal Horrors will drop the quest item.
447	Inside the crypt.
448	Be careful of Mor'Ladim, a level 35 elite skeleton who walks around this area outside the crypt.
449	You can find more outside the crypt.
450	They seem to be mostly outside the crypt.
451	He looks like a gnoll wearing a red robe, and carrying a long sword, that walks around this area.
452	Try to kite him away, so you can fight him alone.
453	He is a level 24 elite, but you should be able to kill him at this level.
454	If you have trouble, try to find someone to help you, or skip the quest.
455	They are mostly inside the cave, and the next guide step is inside the cave.
456	Try to kill them mostly inside the cave.
457	Follow Corporal Keeshan and protect him as he walks.
458	He walks out of the cave and all the way back to Lakeshire.
459	When you reach the exit of the cave, pull the enemies to him, one group at a time.
460	Put these items in the bank.
461	This will allow you to equip crossbows.
462	Upstairs inside the building, in the large room.
463	Underwater, inside the sunken ship.
464	He's level 29, but you should be able to kill him at this level.
465	If you have trouble, try to get someone to help you.
466	It looks like a large pile of dark brown dirt on the ground.
467	It randomly spawns in multiple locations around this area.
468	It can also spawn up on the cliff next to the higher level Sarltooth raptor.
469	If it does, try to get someone to help you, if you can't solo him.
470	It looks like a large wide yellow vase sitting upright on the ground.
471	It looks like a large tall red vase sitting upright on the ground.
472	It looks like a large stone box container on the ground.
473	Up on the cliff.
474	He looks like a level 29 blue raptor.
475	He sometimes walks around in the valley below, with the other raptors, so if he's not here, check around.
476	They look like raptors.
477	They are stealthed, usually near or in the water around this area.
478	Underwater and on the land around this area.
479	On the deck of the ship.
480	Underwater, at the bottom of the ship.
481	Be careful, a group of 6 enemies will appear and attack you.
482	Run away immediately after turning in the quest.
483	You should already be level 30, or pretty close.
484	These are only inside the buildings in Dun Modr, and in the camps to the southeast.
485	Deposit these items into the bank.
486	Collect these items from the bank.
487	He walks around this area in front of the building.
488	He walks back and forth along this road.
489	They look like worgen.
490	You will be attacked.
491	They share spawn points with the other ghouls inside the crypt, so kill those too, if you can't find any.
492	You should already be level 31, or very close.
493	He can spawn in multiple locations inside the cave, so if he's not here, search around.
494	Inside, or just outside, the building.
495	Outside the mine.
496	He periodically (around every 30 minutes) walks along the path to the south, from the Rebel Camp.
497	If he's here, wait for him to start walking, and follow him.
498	He will eventually get attacked by two Kurzen enemies.
499	Help him kill the enemies and he will offer you a quest.
500	It may take a while for him to start walking, but it is good to get it done now, to make questing convenient later in the guide.
501	You should already be level 32, or very close.
502	Dashel Stonefist will attack you after you accept this quest in the next guide step.
503	Also, two level 25-26 enemies will appear and help him fight.
504	Ignore the helpers, and just focus on killing Dashel Stonefist as fast as you can.
505	Once he reaches ~25% health, he will surrender and dismiss the helpers, ending the fight.
506	Ignore the helpers that appear to help him fight, and just focus on killing Dashel Stonefist as fast as you can.
507	He is standing inside the building, near the entrance of the inn in Menethil Harbor.
508	You can see him from where you turn in and accept quests in the next guide step.
509	Immediately after you accept the quest in the next guide step, Tapoke "Slim" Jahn will stealth and start walking toward the building entrance.
510	Follow him and attack him after he leaves the inn.
511	He will summon another enemy to help him fight.
512	Crowd control or ignore his helper, and just focus on killing Tapoke "Slim" Jahn as quickly as you can.
513	He will surrender at ~15% health and his helper will disappear.
514	As a Mage, you can try to Sheep him immediately once he becomes attackable, to prevent him from summoning his helper.
515	He stealths inside the inn and walks out of the building to this location.
516	He unstealths and tries to run away, so you will have to attack him.
517	You can find more in the water along the shore.
518	Be careful not to accidentally sell this to a vendor.
519	They look like flat grey stones standing upright near the walls inside the cave.
520	Leave the cave, if you ended up in there on the previous guide step.
521	You should already be level 33, or very close.
522	You are about to have to do a quest that can be tough, so being a level higher will help.
523	Be careful, the enemies in these camps respawn pretty quickly.
524	Focus on killing them in this camp.
525	The next step in the guide is nearby this camp.
526	They are also inside the buildings.
527	They are usually stealthed, so be careful.
528	You can find more stealted along the small hill ridges surrounding this village.
529	They look like guards all around this area.
530	Some of them may attack you.
531	Follow the road to this location.
532	Be careful to avoid Brackenwall Village and enemies along the way.
533	The enemies in this zone are a good bit higher level than you.
534	It looks like a tiny metal object on the floor.
535	It looks like a small brown book in a dead dwarf's hand.
536	Avoid Freewind Post while you travel here.
537	They look like vultures.
538	You can rarely find individual ones all around Shimmering Flats.
539	However, this is the only location where there are multiple of them.
540	Work on other quests in the northern part of Shimmering Flats, and keep revisiting this area until you have them all.
541	They look like turtles.
542	They look like scorpions.
543	They look like various machine parts scattered on the ground.
544	You can find them all throughout the Shimmering Flats.
545	You will have to kill six of them before Big Will will appear.
546	You will fight them one at a time.
547	It may take a while before he appears.
548	You will learn Berserker Stance from completing this quest.
549	You should have 5 of these.
550	Upstairs on the balcony of the building.
551	He periodically walks along the path to the south, from the Rebel Camp.
552	If he's not here, skip this step, you'll have another chance to turn in this quest later.
553	They share a spawn with Panthers around this area.
554	You should already be level 35, or pretty close.
555	You will be completing some difficult quest soon, so being a level higher will help.
556	On the shore along the river around this area.
557	They can be on both sides of the river.
558	Be careful to stay out of sight of the enemies near the doorway inside the building.
559	Try to interrupt their spell casts, or drain their mana if you can.
560	They can heal themselves and other enemies.
561	If you don't have help, stay on western outskirts, around this area, and just wait for the enemies to respawn.
562	They respawn pretty quickly.
563	Inside the building at the top of the platform.
564	He's level 38, but you should be able to kill him at this level.
565	Be careful not to accidentally aggro him while killing other enemies near the building.
566	Buy these items from the auction house.
567	If they're not available, or you can't afford them, skip this step.
568	You will be able to kill enemies soon to get them, but it will be slower.
569	Follow the river north to travel to this location.
570	Avoid Tarren Mill as you travel here.
571	We are going to travel Ashenvale, and walk to Stonetalon Mountains.
572	We will grab the flight path in Stonetalon Peak, and then run down into Desolace.
573	This is a long run, but it will be worth it to get another level from questing, before returning to Stranglethorn Vale.
574	They look like lobsters underwater around this area.
575	Avoid Ghost Walker Post as you travel here.
576	Use it on Kodo enemies around this area.
577	You can find more all around this bone graveyard area.
578	You must bring them back to Smeed Scrabblescrew to tame them.
579	Talk to the kodos after you bring them to Smeed Scrabblescrew.
580	They look like large white horned animal skulls on the ground around this area.
581	A Kodo Apparition may appear and attack you.
582	The ones in the outskirts of the village are a bit lower level and easier to grind.
583	Be careful to avoid the Magram Pack Runners that walk around this area with 2 high level hyena guards.
584	They look like yellow scorpions.
585	They share spawn points with basilisk enemies, so kill those too, if you can't find any.
586	Try to pull him toward the building entrance, so you don't accidentally aggro other enemies.
587	Kill all enemies in this room before starting the quest.
588	Follow Dalinda Malem and protect her as she walks.
589	He's a level 38, non-elite.
590	On the ground at the base of the tree.
591	Only Slitherblade Tidehunters and Slitherblade Sea Witches will drop the quest item.
592	They share spawn points with other types of naga on this island.
593	Kill all types of naga on this island, to try to get more to spawn.
594	They look like tan leather bags on the ground near the buildings around this area.
595	Not all of the tan bags you see will be clickable.
596	As you travel here, stay on the road and avoid enemies.
597	They are dangerous to you at this level.
598	They share spawn points with the other enemies around this area, so kill those too, if you can't find any.
599	You need these for an important class quest soon.
600	Kurzen Headshrinkers will not drop Silk Cloth.
601	You will need these for a quest in Searing Gorge later.
602	Inside the cave, on the top level.
603	They are stealthed upstairs inside the cave, on the top level.
604	They are stealthed around this area.
605	They share spawn points with Stranglethorn Tigresses, so kill those too, if you can't find any.
606	Be careful to avoid the level 40 elite non-stealthed black panther, Bhag'thera, if you see him.
607	Underwater and on the shores near the water around this area.
608	He looks like an orange tiger that walks around this area.
609	He's usually on top of this hill, though.
610	You should have 15 of these.
611	It's a limited supply item, so it may not be for sale.
612	You can't use it until level 42, but it's good to have waiting to use, and you can only buy it in Stormwind City and Ironforge.
613	We will check vendors for it along the way, if it's not here right now.
614	They look like tiny flying dragons.
615	There's not enough whelps here to complete the quest without waiting for respawns.
616	Kill all of the whelps you can find, then skip to the next step.
617	We'll come back later to finish up the quest.
618	He looks like a larger Lost One creature that walks around this area with 2 bodyguards.
619	They look like spiders.
620	He walks through enemies to the south, so you may want to clear a path before accepting this quest.
621	Follow Galen Goodward and protect him as he walks.
622	They look like large clusters of blue crystals on the ground around this area.
623	Buy these items from the Auction House.
624	If you can't get them, you can skip this step. They just make some quests easier to do later, but you can still get it done without them.
625	If you can't get them, you can kill enemies for them later, but it will likely take a long time.
626	You need these for your Whirlwind weapon class quest, which gives a big weapon upgrade.
627	You will have to kill a level 40 elite enemy soon, which hits hard and deals only Nature damage.
628	These will help you to have more time to kill it to be able to get a big weapon upgrade.
629	Alternatively, if you can easily get a friend to help you kill it very soon, you can skip buying the potions.
630	Be careful to avoid Refuge Point while traveling here.
631	Be careful, some enemies around this area can be stealthed.
632	Inside the buildings around this area.
633	Be careful, some of them can be stealthed.
634	They look like ogres.
635	You are about to accept a quest soon to kill a level 40 elite enemy.
636	You will need to use another Nature Protection Potion during the fight, so use one now, and wait until your potion cooldown is finished before accepting the quest in the next step.
637	The potion lasts 1 hour, so you have plenty of time to get to the quest location in a few steps.
638	Complete the "Essence of the Exile" quest.
639	Make sure your potion cooldown is finished before accepting this quest.
640	Follow Bath'rah the Windwatcher as he walks.
641	He will summon Cyclonian, a level 40 elite.
642	Use the other Nature Protection Potion when the effect of the first one ends.
643	At the top of the path.
644	She walks one-way on the road from Go'Shek Farms in Arathi Highlands to Tarren Mill in Hillsbrad Foothills.
645	She walks with a group of 4 bodyguards with her.
646	Kite her away from her bodyguards, so you can fight her alone.
647	If she makes it to Tarren Mill, she respawns at the small house in Arathi Highlands and starts the walk over again.
648	If you make it to the small house in Arathi Highlands, and still haven't found her, kill orcs nearby the house until she spawns.
649	You can find more in the cave at the top of the path referenced below.
650	Follow Kinelory and protect her as she walks.
651	She eventually walks back to this location.
652	You should already be level 40, or very close.
653	Now that you're level 40, you can purchase stronger bullets or arrows.
654	When you restock ammo at vendors, make sure to buy level 40 ammo.
655	Follow Professor Phizzlethorpe as he walks.
656	Two level 40 water elementals will attack.
657	They should be in your bags.
658	You should have these from purchasing them earlier in the guide from the auction house in Stormwind City.
659	It looks like a large brown book in a grey metal cauldron.
660	On the middle floor of the sunken ship.
661	It looks like a tan scroll laying flat on a wooden ledge.
662	It looks like a tan scroll laying flat on a wooden crate next to a cannon.
663	It looks like an open book laying on the ground.
664	At the very bottom of the ship.
665	They look like large gray stones on the ground underwater around this area.
666	If you are wearing the Goggles of Gem Hunting, they will appear on your minimap as yellow dots.
667	It looks like a pile of brown boxes.
668	Downstairs, on the middle floor, inside the ship.
669	It will appear and attack you.
670	Use it on green and blue oozes around this area, while you have the "Energized!" buff.
671	Stand next to the blue lightning structures around this area to get the "Energized!" buff.
672	They look like brown wooden boxes on the ground around this area.
673	Talk to him after he surrenders.
674	Mottled Drywallow Crocolisks will not drop the quest item.
675	He looks like a big purple and green raptor that walks around this area.
676	They look like large metal cannons mounted on the docks around this area.
677	Run around on the docks and click the Cove Cannons to fight Tethyr.
678	Archmage Tervosh will give you a defense buff.
679	They look like tortoises.
680	They seem to respawn fairly quickly.
681	It looks like a small grey metal bucket with tools in it.
682	It can spawn next to any of the tents around this area.
683	It looks like a dark brown wooden crate.
684	It can spawn in various places on this small island.
685	Use it next to Shipwreck Debris.
686	They look like clusters of wooden objects floating underwater around this area.
687	They may appear after looting Shipwreck Debris.
688	He also walks outside sometimes.
689	They look like green plants with purple flowers in the middle of them on the ground around this area.
690	They are always next to water.
691	Use it while standing at the end of the dock right outside.
692	Private Hendel and the 2 Theramore Sentries nearby will attack you, so be prepared.
693	Focus on killing Private Hendel.  His helpers will atop attacking once he surrenders.
694	Focus on killing Private Hendel.  His helpers will stop attacking once he surrenders.
695	He will appear nearby where Private Hendel surrendered.
696	She will appear nearby where Private Hendel surrendered.
697	Wait for him to respawn.
698	Follow "Stinky" Ignatz and protect him as he walks.
699	Don't kill them, just get them to low health.
700	Use it on Bloodfen enemies when they are at about 20% health.
701	You will see a message in your chat when they are ready to be captured.
702	They look like wooden racks with weapons on them on the ground around this area.
703	He looks like and orange murloc that walks up and down this path.
704	You will fly around the island, before flying back to Theramore Isle.
705	You will use it when you reach level 41.
706	They look like dwarves.
707	It may spawn in other locations in this camp.
708	Be careful to not accidentally sell these to a vendor.
709	Make sure to die around this location.
710	We are going to get the Thorium Point flight path in Searing Gorge.
711	Don't worry about the resurrection sickness, you will be traveling around a bit.
712	By the time you need to kill enemies again, it will be gone.
713	Inside the building, on the bottom floor.
714	Upstairs on the balcony of the building, on the top floor.
715	Be careful to avoid Tethis.
716	He looks like a level 43 elite blue raptor that walks around this area.
717	Only the Mystics and Witch Doctors will drop these.
718	They are level 38 elites, but you should be able to kill one at this level.
719	They share spawns with Saltwater Crocolisks, so kill those also, if you can't find any.
720	It looks like a stone table underwater.
721	He looks like a level 40 (non-elite) goblin that appears after you click the altar.
722	Upstairs, on the balcony of the building, on the top floor.
723	Click "Complete Quest" to complete "Zamek's Distraction".
724	Wait for Rizzle Brassbolts to run out of the building.
725	They look like red birds.
726	Skip this step if you run out of birds to kill at this location.
727	You will finish the quest later.
728	Use it in the water.
729	Once you get the Tapped Dowsing Widget, run away to safety immediately.
730	Multiple higher level enemies appear after using the item.
731	You can loot it to destroy it.
732	You should have 3 of these.
733	Use it on their corpses.
734	They look like large bone rib cages on the ground around this area.
735	Use it inside the tent.
736	Use it at the foot of the stone ramp at the entrance to Onyxia's Lair.
737	They look like green balls of vines on the ground around this area.
738	It looks like a brown piece of paper.
739	It can spawn on any of the objects in these 2 small camps.
740	It looks like a white unrolled scroll.
741	They look like tiny green bottle on the ground around this area.
742	You can find them next to the water along this whole beach.
743	She may take a moment to appear.
744	He looks like a huge grey and black gorilla that walks around this area.
745	Downstairs inside the ship.
746	On the middle floor.
747	It looks like a white rolled up scroll.
748	It can spawn in multiple locations on any floor downstairs inside the ship.
749	He's level 48, but you should be able to kill him at this level.
750	He walks around this area, downstairs inside the ship.
751	If you still can't find it, skip the quest.
752	Upstairs, on the balcony of the building.
753	Be careful to not attack Zanzil the Outcast in the ruins. He summons a lot of enemies.
754	He looks like a blue raptor that walks around this area.
755	He looks like an unstealthed black panther.
756	He can spawn in multiple locations.
757	Underwater, under the bridge.
758	Inside the tower, at the top.
759	On top of the wooden platform, outside behind the building.
760	This quest is timed, so we will accept it now and quickly fly back to Nethergarde Keep to turn it in.
761	Do NOT accept the quest in the next step, if you are not planning to continue for at least 1 hour more.
762	The quest has a time limit of 2 hours to complete, and it continues counting down even when you're logged out.
763	You will turn the quest in fairly soon, so you shouldn't need the full 2 hours.
764	You have to be standing inside of it to be able to click it.
765	Any enemy in Feralas can drop this item.
766	If you reach level  47 before finding this item, skip the quest.
767	Use a healing potion when you're low health from the Fatigue from swimming across.
768	You will make it out of the Fatigue zone shortly after.
769	You will be hearthing back to Feathermoon Stronghold after this step is finished.
770	Vale Screechers and Rogue Vale Screechers will count for the quest.
771	They look like thin flying dragons.
772	They appear after using Yeh'kinya's Bramble on the corpses.
773	This NPC offers an escort quest.
774	If it's not here, someone may be escorting it.
775	Wait until it respawns.
776	You will complete the escort quest later when you're higher level, to make it easier.
777	They look like yetis.
778	You will use this for a future quest.
779	They share spawn points with the other ogres, so kill those too, if you can't find any.
780	They look like bears.
781	They look like gorillas.
782	Clear the area around the large cage, to make the next step easier.
783	Follow the Captured Sprite Darters and protect them.
784	You have to make sure at least 6 of them survive.
785	HURRY!  You must complete the quest and turn it in before the timer ends.
786	HURRY!  You must turn it in before the timer ends.
787	He walks in a counter-clockwise pattern, so this path will help you find him faster.
788	He walks with 2 stealthed guards with him, so be careful.
789	Try to pull him away to fight him alone.
790	You can find more up on the wooden platforms nearby.
791	It may take a long time to get it, but it is a good grind to do to get a lot of extra xp built up.
792	If you reach level 49 before you get it, skip the quest.
793	Inside the small cave.
794	They look like small piles of sand on the ground around this area.
795	He looks like a turtle that walks around this area.
796	If you can't find him, someone may be escorting him.
797	Just keep grinding enemies around this area until you find him.
798	He will follow you.
799	Protect Tooga as you walk, and try to stay fairly close to him.
800	If you get too far away from him, you will fail the quest.
801	Torta looks like a turtle that walks around this area.
802	She looks like a turtle that walks around this area.
803	They look like trolls.
804	They look like large white and brown eggs on the ground around this area.
805	You can usually find more upstairs in the temples around this area.
806	He walks around this area upstairs inside the building.
807	They look large brown and white feathers on the ground around this area.
808	They can be found around most of the Hinterlands, except in the eastern part.
809	They look like large brown and white mushrooms underwater around this area.
810	They look like small dark blue bottles on the ground around this area.
811	Be careful to avoid Gammmerita, it's the only turtle that will attack you.
812	It looks like a blue turtle that walks around this area.
813	Avoid the guards of the Horde town nearby.
814	Use it on Gammerita.
815	Use it as far away from it as you can.
816	Underwater, at the bottom of the waterfall.
817	Deposite these items into the bank.
818	You should have 12 of these.
819	They are around the watch towers on the cliff surrounding the huge pit.
820	They have a roughly 5 minute respawn time.
821	Work on the other quests around this area while waiting for them to respawn.
822	Only Tempered War Golems, Heavy War Golems, and Magma Elementals will drop the quest item.
823	Heavy War Golems will not drop this quest item.
824	Inside the cave, all throughout.
825	You can also find some outside, near Thorium Point.
826	Stand on this exact spot, at the highest point of the metal part of this machine.
827	Logout to your character selection screen, and then login with your character again.
828	Logging out on this machine will teleport you to Thorium Point in Searing Gorge when you login again.
829	On the metal platform of the tower.
830	You have to equip the Torch of Retribution.
831	Remember to re-equip your normal weapon after.
832	Kill all of the Dark Iron dwarves in this camp.
833	You need to kill 8 Dark Iron Geologists for the quest, but there's not enough to kill, without waiting for respawns.
834	The Geologists share spawn points with the Watchmen, so kill those too.
835	We will clear the camp now, and come back to kill the rest soon, after completing another quest nearby.
836	Continue to the next guide step after you clear the camp of dwarves.
837	They share spawn points with the Dark Iron Watchmen, so kill those too, if you can't find any.
838	You should have the Silk Cloth already from a previous guide.
839	Follow Dorius Stonetender and protect him as he walks.
840	You will be attacked by groups of enemies along the way, so be ready.
841	Keep this, you'll need it for a future quest.
842	Avoid the elite t-rex that sometimes walks near this location.
843	Stand on the pile of purple eggs to get it to appear.
844	They look clusters of red, yellow, green, or blue crystals on the ground around this area.
845	They tend to be around the base of trees, or near the cliffs surrounding Un'Goro Crater.
846	Stick to searching around the eastern side of the zone, since there are lower level enemies there, and the crystals can spawn anywhere in the zone.
847	Kill enemies here and there as you search around, to continue gaining experience.
848	Any enemy in Un'Goro Crater can drop the quest item.
849	They look like piles of dark brown dirt on the ground around this area.
850	You can find them all over the entire zone.
851	Buy it from the Auction House.
852	It is needed for a quest in Un'Goro Crater.
853	If you can't get one, it's okay, but you will need to skip a quest later.
854	He looks like a dwarf that walks in a counter-clockwise path around Ironforge.
855	This step's path will take you clockwise to help you find him faster.
856	Use them on their corpses.
857	You can find more in the caves nearby in this area.
858	You are about to go through a long tunnel soon, full of level 52-54 enemies.
859	If you are not at least Unfriendly with this faction, you will be attacked.
860	Be careful to avoid the elite Infernal Sentries around this area.
861	They share spawn points with the others, so kill those also, if you can't find any.
862	They look like large blue feathers on the ground around this area.
863	Avoid higher level enemies while following the road to this location.
864	You should have 10 of these.
865	You can find more all around on this mountain, and in the caves on the mountain.
866	Use it on Broodling enemies around this area.
867	They look like small flying dragons.
868	They share spawn points with the scorpids and wolves, so kill those also, if you can't find any.
869	They look like red floating crystals that appear above their corpses after you kill them.
870	This dragon is a 54 elite and will immediately attack you.
871	The molt item is not group loot, so only one person can loot it.
872	They look like large red dragons flying low to the ground around this area.
873	It's important to get this quest completed.
874	They look like cylindrical grey stones sitting upright on the ground around this area.
875	He walks around this area, in and out of this building.
876	They look like orcs and wolves.
877	You can find more inside the buildings around this area.
878	Kill all of them around this area.
879	You will kill more of these later, so you don't need to complete the quest now.
880	The gorillas share spawn points.
881	If you can't find any more of these, kill the other types of gorillas to get them to spawn.
882	She gives an escort quest.
883	If you don't have the Mithril Casing to complete this quest, abandon it.
884	Follow A-Me 01 and protect her as she walks.
885	Use this first.
886	Use this second.
887	He's level 56, but you should be able to kill him at this level.
888	You can find more inside the insect cave in the ground nearby.
889	They look like pterodactyls.
890	At the top of the mountain.
891	Ringo will follow you, protect him as you walk.
892	He will faint multiple times as he walks, so make sure he is with you at all times.
893	You will see a message in your chat when he faints.
894	Use it on Ringo to revive him when he faints.
895	Now that you're level 55, you can purchase stronger bullets or arrows.
896	When you restock ammo at vendors, make sure to buy level 55 ammo.
897	She looks like a night elf that walks in a large path around Darnassus.
898	On the ground, outside the building.
899	Inside the tower, on the middle level.
900	They share spawn points with the other Winterfall enemies.
901	Kill the other types also, to get more to spawn.
902	Try to kite the enemies near the cauldron away one at a time to fight them alone, until you can kill the rest.
903	Downstairs inside the cave, on the top level.
904	Downstairs inside the cave, on the bottom level.
905	All around inside the cave, on both levels.
906	Once you get this item, you will accept a quest from it that you will turn in on the top level of the cave.
907	Inside a yellow wooden cage.
908	All around this green lake.
909	They look like a group of 3 white furbolgs that walk back and forth along this road.
910	Check these locations, and if you don't find them, wait at the location in this step closest to Everlook.
911	They will eventually walk past this location.
912	Two enemies will appear and attack you.
913	Follow Ranshalla and protect her as she walks.
914	Let her get attacked first, so she will help you fight.
915	They look like brown torch poles in each of the caves she walks into.
916	Click them to get her to start walking again.
917	It looks like a stone table, at this location, that she eventually walks to.
918	She looks like an old human woman that walks in a counter-clockwise path around Stormwind City.
919	This step's path will take you clockwise to help you find her faster.
920	She sometimes stands upstairs inside the house that this path leads you to.
921	Keep an eye on your minimap as you walk around, she will show up as a yellow dot.
922	Wearing it will allow Minion's Scourgestones to drop from undead enemies in Western and Eastern Plaguelands.
923	Use it in front of the tower entrance.
924	Avoid the large group of enemies in the center of town as you travel here.
925	They share spawn points with Carrion Lurker spiders.
926	Kill those as well, if you can't find any wolves.
927	It looks like a white skeleton that spawns here and walks around this area around the buildings nearby.
928	You can wait here until it walks by here, or respawns, or you can search around the buildings.
929	Accept the "Locked Away" quest.
930	It looks like a green ghoul holding a pitchfork.
931	He can possibly spawn in multiple locations, and may walk around this area.
932	Be careful, there is an elite enemy inside the tower.
933	Avoid the doorway, making sure the elite inside can't see you.
934	You can get closer to the tower safely, if the enemy inside can't see you.
935	Only enemies that look like skeletons will drop the quest item.
936	They share spawn points with the ghoul enemies, so kill those too, if you can't find any.
937	They share spawn points with Plague Lurker spiders.
938	Kill those as well, if you can't find any bears.
939	It looks like a human skeleton on the ground.
940	Be careful to stay out of range of the elite enemies nearby.
941	She walks around this area inside this crumbled house.
942	It looks like a brown ball, with two X's for eyes, with flies buzzing around it.
943	It can be in any of the 3 buildings around this area.
944	It looks like a brown half of a doll, with one arm and one leg, with flies buzzing around it.
945	Only enemies that look like ghouls will count.
946	They share spawn points with Scourge Guards, so kill them too.
947	They appear after you kill the ghouls.
948	They look like large brown and white stones cracked open with green goo leaking out of the top of them around this area.
949	Run all the way around the mountain.
950	Type "/sit" into your chat, or press X.
951	You must be sitting for the dialogue option to appear when you talk to him.
952	Downstairs inside the crypt.
953	Use it near the cylinder structures with blue light shining out of them around this area.
954	They look like blue books on the floor inside this building.
955	Only one of them is the real book, and it's random.
956	If you click fake books, enemies will spawn, so try to only click the real book.
957	To identify the real book, zoom in your view, mouse over the books to highlight them, and look at the book pages.
958	The fake books will have very blurry pages, with the top half of pages shaded darker than the bottom half of pages.
959	The real book pages look sharper, with more clear horizontal lines, and the top half and bottom half of the pages are not shaded differently.
960	If the correct book isn't there, click other books and kill enemies until the correct book appears.
961	They look like small grey metal chests on the ground inside the crumbled buildings around this area.
962	It appears on top of the crate.
963	They share spawn points with other Scarlet enemies, so kill them too, if you can't find any.
964	He walks back and forth, between this spot and the top of the tower.
965	Wait outside the tower near this spot, he will eventually walk outside.
966	Pull him away into the road nearby, so you can fight him alone.
967	She walks around this area upstairs inside the building.
968	Outside, on the balcony of the building.
969	This has a low drop rate.
970	They look like small blue-glowing broken pieces of stone tablets on the ground around this area.
971	Use the leveling guides to accomplish this.
972	This has a chance to drop from General Rajaxx, Kurinnaxx, Ayamiss the Hunter, and Buru the Gorger in the Ruins of Ahn'Qiraj raid.
973	These have a chance to drop from trash mobs and Scarab Coffers in the Ruins of Ahn'Qiraj raid.
974	These have a chance to drop from trash mobs in the Ruins of Ahn'Qiraj and Temple of Ahn'Qiraj raids.
975	This has a chance to drop from Ayamiss the Hunter, Buru the Gorger, Moam, General Rajax, Kurinnaxx, and Ossirian the Unscarred in the Ruins of Ahn'Qiraj raid.
976	She is located inside the Temple of Ahn'Qiraj raid.
977	After killing The Prophet Skeram, run up the stairs and into the left-side alcove inside the temple entrance.
978	This has a chance to drop from Princess Huhuran and Viscidus in the Ruins of Ahn'Qiraj raid.
979	He is located inside the Temple of Ahn'Qiraj raid.
980	This has a chance to drop from Emperor Vek'lor and Emperor Vek'nilash in the Ruins of Ahn'Qiraj raid.
981	This has a chance to drop from Ouro in the Ruins of Ahn'Qiraj raid.
982	This has a chance to drop from C'Thun in the Ruins of Ahn'Qiraj raid.
983	It's the third boss in the Blackwing Lair raid.
984	You will need a raid group for this.
985	They look like large bugs.
986	These enemies are elite and may require a group to kill.
987	You will repeat this quest until neutral with the Brood of Nozdormu faction.
988	This requires around 41,400 carapace fragments, so it's best to find a group.
989	Each time you turn in this quest you will receive a "Proxy of Nozdormu" item.
990	Target a friend and use the item to deputize them so they can collect carapace fragments as well.
991	You must use or destroy your previous "Proxy of Nozdormu" before you can complete this quest.
992	It's a small red crystal on the ground.
993	These are required to complete the quest "Dirge's Kickin' Chimaerok Chops."
994	You can create them with Alchemy or purchase them from the Auction House.
995	Each one requires one Firebloom, one Volatile Rum, and one Leaded Vial to craft.
996	You can also purchase these from the Auction House.
997	These are required to complete the quest "The Good News and The Bad News."
998	Each one requires one Arcane Crystal and one Thorium Bar to craft.
999	These spawn and flee from Vaelastrasz the Corrupt's room in Blackwing Lair.
1000	You must kill them quickly before they flee to safety.
1001	These can be mined from any type of Thorium Vein.
1002	They can also be contained inside Gray Sacks of Gems dropped by Onyxia, Nefarian, and the various World Bosses.
1003	He walks all over the area.
1004	You will need to search around.
1005	Make sure you talk to the spirit version.
1006	Quickly swim southeast to the pair of secret islands.
1007	The buff will expire in three minutes.
1008	On the island south of the metal rig.
1009	Placing the Bag of Loot will summon Number Two.
1010	You will need a group of at least three people to kill it.
1011	You will need a group for this, preferrably at least ten people.
1012	You will need a sizeable group to kill him.
1013	Inside Onxyia's Lair.
1014	Any elite demon in Darkwhisper Gorge can drop this.
1015	You will need a group or stealth to survive the opposing faction's city.
1016	It is the fifth boss of the Blackwing Lair raid.
1017	He is the final boss of the Molten Core raid.
1018	These goggles have a chance to drop from trash mobs inside the Molten Core raid.
1019	It's the open book on the corner of the statue.
1020	Inside the Sunken Temple dungeon.
1021	He will appear in front of Shade of Eranikus when you walk near.
1022	Any elite demon in The Tainted Scar can drop this.
1023	You will need a group for this.
1024	You will need a raid to accomplish this.
1025	You cannot let Keeper Remulos die or kill Eranikus.
1026	The second boss inside the Blackwing Lair raid.
1027	You will only have five hours to kill Nefarian, collect the Red Scepter Shard, and turn in this quest.
1028	He is the final boss inside the Blackwing Lair raid.
1029	You must kill him and turn in this quest within the five hour time limit.
1030	Only one person in the raid can loot this item per reset.
1031	You must turn in this quest within the five hour time limit.
1032	Using the buoy will summon it.
1033	You will need a raid to defeat it.
1034	Killing trash and bosses inside the "Temple of Ahn'Qiraj" and "Ruins of Ahn'Qiraj" raids grants reputation.
1035	Completing the repeatable quest "The Hand of the Righteous" in Cenarion Hold also grants reputation.
1036	You can gain reputation by completing Ahn'Qiraj raid quests and the Scepter of the Shifting Sands questline too.
1037	Accepting one of these quests will lock you into that questline until you complete it.
1038	You can switch to a different ring after you complete your first questline.
1039	This quest grants an intellect-based caster ring.
1040	This quest grants a strength-based defensive ring.
1041	This quest grants an agility-based offensive ring.
1042	You will need to provide 15 Bronze Scarabs, 15 Crystal Scarabs, and 15 Clay Scarabs in addition to your ring.
1043	You will need to provide 15 Stone Scarabs, 15 Gold Scarabs, and 15 Silver Scarabs in addition to your ring.
1044	You will need to provide 15 Bone Scarabs, 15 Ivory Scarabs, and 15 Stone Scarabs in addition to your ring.
1045	Use the "Cenarion Field Duty Combat Assignments" leveling guide to collect these.
1046	Use the "Cenarion Field Duty Logistics Assignments" leveling guide to collect these.
1047	Use the "Cenarion Field Duty Tactical Assignments" leveling guide to collect these.
1048	Killing Twilight enemies in Silithus grants 1 reputation each until Honored.
1049	Killing Twilight Flamereavers in Silithus grants 1 reputation each until Revered.
1050	Killing mobs and bosses in the "Ruins of Ahn'Qiraj" and "Temple of Ahn'Qiraj" raids grants various levels of reputation until Exalted.
1051	Completing the repeatable quests "Field Duty" and "Encrypted Twilight Texts" in Cenarion Hold also grants reputation.
1052	This item is a reward exclusive to the followup tactical assignment quest "The Four Dukes."
1053	This item is a reward exclusive to the followup logistics assignment quest "The Ultimate Deception."
1054	Choose a combat assignment.
1055	Combat Assignments require you to kill various elite silithid in Silithus hives.
1056	They are stealthed all over the hive.
1057	They only spawn inside the hive.
1058	Choose a tactical assignment.
1059	Tactical Assignments require you to fight Twilight Hammer elementals or collect reports from Silithus hives.
1060	Kill Twilight enemies around the area until you collect a Twilight Cultist robe, cowl, and mantle.
1061	Equip all three pieces and interact with the Lesser Wind Stone to summon a Templar.
1062	The Templar is random, so you may need to do this more than one time.
1063	They spawn with Twilight Marauder Morna.
1064	Dukes are level 62 elites and will require a group.
1065	Equip all three pieces along with a Medallion of Station and interact with the Wind Stone to summon a Duke.
1066	You can acquire a Medalion of Station by bringing 3 Abyssal Crests and 1 Large Brilliant Shard to Aurel Goldleaf next to the mailbox in Cenarion Hold.
1067	Abyssal Crests are dropped by templars summoned with a Twilight Cultist set at a Lesser Windstone.
1068	The duke is random, so you may need to do this more than one time.
1069	She is stealthed.
1070	She patrols in and between the points indicated with a group of bodyguards.
1071	You may need to search around for her, especially during peak hours.
1072	She is elite, so you may need a group.
1073	Choose a logistics assignment.
1074	Logistics Assignments require you to donate various materials to the Cenarion effort.
1075	Craft them with Alchemy or purchase them from the Auction House.
1076	Each one requires 1 Firebloom, 1 Goldthorn, and 1 Crystal Vial to create.
1077	Each one requires 1 Firebloom, 1 Volatile Rum, and 1 Leaded Vial to create.
1078	Craft them with Engineering or purchase them from the Auction House.
1079	Each one requires 2 Dense Stone to create.
1080	Disenchant item level 56-65 rare items or purchase it from the Auction House.
1081	Blackrock Depths and Dire Maul are good sources for these items.
1082	Disenchant item level 46-50 rare items or purchase it from the Auction House.
1083	Zul'Farrak, Dire Maul, and Stratholme are good sources for these items.
1084	Gather it with Mining or purchase it from the Auction House.
1085	It can be mined from any type of Thorium vein.
1086	Craft them with Blacksmithing or purchase them from the Auction House.
1087	Each one requires 8 Steel Bars, 2 Strong Flux, 2 Heavy Grinding Stones, 3 Moonstone, and 3 Heavy Leather to create.
1088	Craft them with Leatherworking or purchase them from the Auction House.
1089	Each one requires 5 Rugged Leather to create.
1090	Each one requires 5 Heavy Leather and 1 Fine Thread to create.
1091	Craft them with First Aid or purchase them from the Auction House.
1092	Each one requires 2 Runecloth to create.
1093	Each one requires 2 Mageweave Cloth to create.
1094	Each one requires 2 Silk Cloth to create.
1095	Each one requires 1 Huge Venom Sac to create.
1096	Craft them with Cooking or purchase them from the Auction House.
1097	Each one requires 1 Sandworm Meat and 1 Soothing Spices to create.
1098	Each one requires 14 Mithril Bars, 2 Truesilver Bars, 4 Thick Leather, 1 Solid Grinding Stone, and 1 Aquamarine to create.
1099	Each one requires 4 Dense Stone to create.
1100	Each one requires 4 Solid Stone to create.
1101	Each one requires 3 Heavy Stone to create.
1102	Craft it with Tailoring or purchase it from the Auction House.
1103	It requires 2 Felcloth and a daily Tailoring cooldown to create.
1104	Craft them with Tailoring or purchase them from the Auction House.
1105	Each one requires 5 Runecloth to create.
1106	You can also purchase it from the Auction House.
1107	Craft them with Enchanting or purchase them from the Auction House.
1108	Each one requires 1 Thorium Bar and 3 Dream Dust to create.
1109	Each one requires 1 Rugged Leather and 1 Lesser Eternal Essence to create.
1110	This has a chance to drop from Risen Bonewarders and Risen Constructs in the Scholomance dungeon.
1111	These drop from Abomination enemies as well as Ramstein the Gorger in the Undead Stratholme dungeon.
1112	You can gather these with the Herbalism Profession.
1113	Refer to the Earthroot Gathering Guide to accomplish this.
1114	You can also purchase them from the Auction House
1115	They look like vines entwined in a ball.
1116	They are all over Un'Goro Crater.
1117	Use it on roaming Devilsaur around Un'Goro Crater.
1118	Refer to the Temple of Atal'Hakkar Dungeon Guide to accomplish that.
1119	Inside the hut.
1120	They will fight them one at a time.
1121	If you have the Herbalism profession, you can gather these.
1122	Search the guide menu for the item(s) to use the farming guides.
1123	You can also purchase them from the Auction House.
1124	These come from Gasher and Zul'Lor.
1125	These come from Mijan and Hukku.
1126	These come from Zolo and Loro.
1127	they are scattered all over the area.
1128	They are underwater around this area.
1129	Kill enemies around the area for him to appear.
1130	Use the "Track Demons" ability from the Survival Branch to accomplish this.
1131	She patrols all around Un'Goro Crater.
1132	This must be done alone or it will despawn.
1133	He patrols around Burning Steppes.
1134	He walks around the area.
1135	This must be done alone or it will despawn and be on a 3 hour timer.
1136	This isn't a 100% drop rate.
1137	They look like grey metal chests.
1138	Keep clicking them until you reach Lockpicking skill level 75.
1139	Use your "Pickpocket" ability on Malformed Defias Drone.
1140	Use the "/lay" emote while targeting Doc Mixilpixil.
1141	There is a quest to remove the buff.
1142	Inside the tower.
1143	Refer to the Temple of Atal'Hakkar Dungeon guide to accomplish this.
1144	Use it while in the water.
1145	Inside the building
1146	This will cause Rift Spawns to appear.
1147	These drop from Tunnel Rat enemies inside the cave.
1148	Use the "/beckon" Emote to turn him back to a human.
1149	In the Athenaeum, to the left of the doorway.
1150	Use the Uldaman Dungeon guide to accomplish this.
1151	They will spawn continuously as you kill them.
1152	Through the Conservatory Door in the courtyard.
1153	Refer to the Dire Maul East Dungeon guide to accomplish this.
1154	Use it on Henze Faulk's corpse.
1155	He walks around this area
1156	Buy them from the Auction House.
1157	She walks around the area.
1158	They spawn in waves, the first has 3, the second has 4 and the third has 5.
1159	Inside the stable area of the dungeon.
1160	It looks like a crate next to a tree stump.
1161	They are elite enemies.
1162	Avoid Flesh Golems that patrol around the area.
1163	He patrols around the area.
1164	Collect 150 Gold
1165	Use it on the green circles on the ground around this area.
1166	The green circles can also appear inside buildings.
1167	3 will spawn at a time.
1168	These are made by Alchemists.
1169	It takes 1 Thorium Bar and 1 Arcane Crystal to make one.
1170	Try to find a Alchemist to create one for you.
1171	They look like brown boxes along the walls of the dungeon.
1172	You must be Friendy with The Argent Dawn to purchase these.
1173	Quest at Light's Hope Chapel in Eastern Plaguelands to accomplish this.
1174	Collect 50 Gold
1175	Standing inside the stable.
1176	It appears after you kill Tendris Warpwood.
1177	These are gathered with the mining profession.
1178	Refer to the Thorium farming guide to gather them.
1179	You can also purchase it from the auction house.
1180	These are a random world drop.
1181	High level instance enemies have a chance to drop them.
1182	You can also purchase them from the auction house.
1183	Use it in the room with the boss Rattlegore after you have cleared it.
1184	They will spawn in waves.
1185	Make sure your group is prepared before using the Divination Scryer.
1186	If you wipe you will need to abandon and restart the quest.
1187	There's only a few of them.
1188	Avoid the Crossroads as you travel here.
1189	It looks like a blue book on the ground next to some crates.
1190	They drop from Dragonmaw Bonewarders and Shadowwarders.
1191	Use it inside the building.
1192	They are found throughout the Shadow Hold.
1193	You may need help.
1194	These are gathered with the Skinning profession.
1195	These are with the Alchemy profession.
1196	It takes 3 Ghost Mushrooms and a Crystal Vial to make one.
1197	If you have the Enchanting profession, use your Disenchant ability on level 51-60 blue weapons and armor.
1198	You can also buy them from the Auction House.
1199	If you have the Mining profession, you can gather these.
1200	Collect 250 Gold
1201	use it before you enter Shadow Hold.
1202	It will make most enemies inside friendly for 20 minutes.
1203	You need to have this buff for the next step.
1204	Use it near the Alchemy Station at the start of the room with Ras Frostwhisper.
1205	Use it in the area where Immol'thar is.
1206	Clear the room before starting.
1207	Focus on Dread Guards as they appear.
1208	They will spawn in waves after using J'eevee's Jar.
1209	Recharge the Bell, Wheel and Candle as they run out of charges.
1210	They will tilt when they need to be recharged.
1211	Use the "Black Lodestone" to fix them, which costs a soul shard.
1212	At 50% health, Lord Hel'nurath will appear and need to be killed.
1213	They look like boars.
1214	They look like tan grain bags on the ground around this area.
1215	They are spread out around Westfall, usually concentrated near and around farm areas.
1216	Keep an eye out for these as you run around completing other quests.
1217	Make sure not to sell these to a vendor.
1218	He walks along the road between Jangolode Mine and Moonbrook.
1219	He walks into Gold Coast Quarry before traveling to either Jangolode Mine or Moonbrook.
1220	Run on the road while looking for him.
1221	He spawns around this location, so it may be easier to kill enemies around this area, waiting for him to either spawn or walk here.
1222	Follow the Defias Traitor and protect him as he walks.
1223	He walks along the beach around this area.
1224	You will automatically accept this quest.
1225	Equip the weapons you received from the Azeroth Survival Kit.
1226	Train "Hunter's Mark (Rank 4)".
1227	Press "N" to open your Talents window.
1228	Choose any of the talents you like.
1229	You can also use a Zygor recommended talent build.
1230	Train "Thunder Clap (Rank 6)".
1231	Train "Flash of Light (Rank 6)".
1232	Train "Ambush (Rank 6)".
1233	Train "Mind Control (Rank 3)".
1234	Train "Mage Armor (Rank 3)".
1235	Train "Enslave Demon (Rank 3)".
1236	Train "Entangling Roots (Rank 6)".
1237	They look like various shaped metal parts on the ground around this area.
1238	They look like planks of wood on the ground around this area.
1239	They look like red orcs.
1240	Be careful to avoid the giant Fel Reaver that sometimes walks around this area.
1241	Being a level higher will make the next few quests easier.
1242	Stand inside of it.
1243	Use it on the demon building on the ground as you fly.
1244	If you don't have this item, abandon the "Mission: The Abyssal Shelf" quest.
1245	Then, accept the quest again from this NPC to get the item again.
1246	Use it on the enemies on the ground as you fly.
1247	If you don't complete this in the first run, you can try again by talking to the same NPC.
1248	They look like enemies with a drill hand.
1249	They look like brown and green metal demon cannons on the ground around this area as you fly.
1250	Clear your bags and repair your items.
1251	Stock up on ammo.
1252	He looks like a large enemy with metal arms and a spinning saw blade for a hand, that walks around this area.
1253	It looks like a floating rune inside the demon structure.
1254	They are under the jumping piles of rocks, they come up to fight when you get close.
1255	This will summon a Fel Guard Hound next to you.
1256	The Fel Guard Hound will eat their corpses.
1257	Small piles of poop will appear on the ground.
1258	You need to be at least level 60 to be able to accept the next quests.
1259	They look like small brown pieces of skeleton on the ground around this area on the bone path.
1260	He walks around this area downstairs inside the mine.
1261	They look like clusters of bouncing rocks moving along the ground around this area.
1262	Kill them near the Anchorite Relic.
1263	They appear after you kill the Shattered Hand Berserkers next to the Anchorite Relic.
1264	The Razorfang Hatchlings will not drop the quest item.
1265	They look like large white eggs on the ground around this area.
1266	Use it when you have Tainted Helboar Meat.
1267	They won't all become Purified.
1268	You can find a few more on the outside of the walls around this area, but they are mostly concentrated in this area.
1269	They look like grey and tan variously-shaped metal objects on the ground all around this area.
1270	Use them on enemies are in the room.
1271	Enemies build up over time, and the cooldown is 15 seconds, so try to kill 2-3 enemies each time you use the item.
1272	This will clear the room of enemies.
1273	Talk to him on the bed after the exorcism is complete.
1274	You need to be at least level 61 to be able to accept the next quests.
1275	She walks up and down the stairs around this area.
1276	Use it on a Hulking Helboar around this area.
1277	Wait for Arzeth the Merciless, an elite enemy who walks around nearby, to walk down the stairs before trying to enter the building.
1278	Use it on Arzeth the Merciless.
1279	He will become weakened and easier to kill.
1280	He spawns at this location, but walks around this area.
1281	Kill the Illidari Taskmasters, and ignore their helpers.
1282	They will stop attacking you after you kill the taskmasters.
1283	They look like blue vases on the ground around this area.
1284	He walks along this ledge around this area.
1285	They look like bird nests with pink eggs in them on the ground around this area.
1286	Either a male or female hatchling will appear.
1287	Kill the hatchlings.
1288	There are a few inside this cave.
1289	You can find more outside the cave, but they are more rare and spread out.
1290	Be careful of the elite enemy inside the cave.
1291	Don't kill it, just get it to low health.
1292	Use it on an Uncontrolled Voidwalker when it's at low health.
1293	It will appear above the Uncontrolled Voidwalker's corpse after you use the Sanctified Crystal.
1294	We are grinding a little bit now, to prevent having to grind a lot all at once later.
1295	Outside on the balcony of the building.
1296	Up on the big Telredor mushroom.
1297	They look like small glowing green mushrooms on the ground around this area.
1298	They are spread out all around this area.
1299	He looks like a larger brown sporebat flies low to the ground around this area.
1300	Save these, you will need them for a later quest.
1301	Be careful to not accidenatally sell these to a vendor.
1302	Use it next to the lake around this area.
1303	You will be killing enemies underwater in the lake in the next step.
1304	Underwater in the whole lake around this area.
1305	Along the edge of the lake around this area.
1306	Outside the cave.
1307	He walks around this area in the water.
1308	He spawns near this location.
1309	He's elite, but you should be able to solo him fairly easily.
1310	If you find it too difficult, try to find someone to help you, or skip it.
1311	If she's not there, someone else may be escorting her.
1312	Follow Kayra Longmane and protect her as she walks.
1313	On the balcony of the building.
1314	This location is the entrance of the cave.
1315	Try to stay close to the entrance of the cave, if inside it, you will leave the cave soon.
1316	An enemy will appear.
1317	Swim straight down at this location.
1318	While completing the many quests coming up, keep an eye out for Glowcaps.
1319	They look like small orange glowing mushrooms on the ground.
1320	You will need 10 of them for a later quest, so just collect them as you walk around.
1321	You will be reminded to get them later, also.
1322	Be careful to avoid Chieftain Mummaki nearby.
1323	It looks like a large tree that walks around this area.
1324	Use it next to the lake.
1325	He flies low to the ground around this area.
1326	In the doorway of the building.
1327	Only Sporebats and Marsh Walkers will drop these.
1328	They look like pink balls swaying on the ground around this area.
1329	Once you've collected either of these, turn them in to Fahssn.
1330	Repeatedly complete the "More Spore Sacs" and "More Tendrils!" quests until you reach Neutral reputation with Sporeggar.
1331	They look like small green-glowing dark colored mushrooms on the ground around this area.
1332	Fenglow Stingers will also drop the quest item.
1333	They look like small orange glowing mushrooms on the ground around this area.
1334	They look like small stone birds on the ground around this area.
1335	They look like small wooden boxes on the ground around this area.
1336	An enemy will spawn and attack you.
1337	They look like tall aliens around this area.
1338	You can find them walking in the water all around this whole area.
1339	He walks along the bridge around this area.
1340	He may walk around this area.
1341	Follow Khadgar's Servant as he walks.
1342	This is a long escort quest.
1343	You will only be able to complete one of these quests.
1344	You will become aligned with the Aldor faction by completing this quest.
1345	You will become aligned with the Scryers faction by completing this quest.
1346	He walks along the road between Shattrath City and Tuurem.
1347	Up on this wooden platform.
1348	Up on the wooden platform.
1349	They are usually near or inside arakkoa buildings and structures around this area.
1350	They look like white lizards that sometimes stealth.
1351	They look like small shiny white-blue pine cones on the ground near trees around this area.
1352	They look like wolves.
1353	You cannot get the disguise if you are mounted.
1354	Shadowy Hunters can see through the disguise and will attack you.
1355	If you mount after getting the disguise, you will lose it.
1356	If you lose your disguise, you can talk to Private Weeks again to get another one.
1357	They appear after you kill Infested Root-walkers or Rotting Forest-Ragers.
1358	They look like yellow cages on the ground and up on the wooden platforms around this area.
1359	You will come back to kill more.
1360	This will cause Vengeful Draenei to spawn in waves.
1361	They spawn in groups of three.
1362	You may neeed help with this.
1363	Inside the tomb.
1364	Wait for a bit for it to appear.
1365	Inside and outside the tomb.
1366	Leave the tomb, if you ended up in there in the previous guide step.
1367	He looks like a darker brown wolf that walks around this area.
1368	They look like small lanterns on the ground and inside buildings around this area.
1369	They may not all contain the quest item.
1370	Click the Orb of Translocation on the balcony of the building to teleport to the top of the tower.
1371	Follow Akuno and protect him as he walks.
1372	They look like brown spiked eggs on the ground around this area.
1373	Not every hatchling will be redeemed, some will attack you.
1374	Not every hatchling will be malevolent, some will be redeemed.
1375	He will eventually run up to this spot.
1376	Follow Chief Archaeologist Letoll, and the group, and protect them as they walk.
1377	They eventually walk to this location.
1378	Use it next to Slain Sha'tar Vindicators.
1379	They look like armored draenei corpses on the ground around this area.
1380	Use it next to Slain Auchenai Warriors.
1381	They look like robed draenei corpses on the ground around this area.
1382	They look like small white-glowing piles of bones on the ground around this area.
1383	A lot of enemies will appear.
1384	Immediately run away to the next step in the guide.
1385	They look like white cocoons squirming on the ground around this area.
1386	They may not all contain Sha'tar Warriors.
1387	You will need to be level 65 to accept some quests soon.
1388	He walks clockwise around this whole area surrounding the center of Shattrath City.
1389	They look like tornado enemies.
1390	They are usually pretty spread out.
1391	They look like elephants.
1392	They look like piles of poop on the ground around this area.
1393	Be careful to avoid the Horde guards nearby.
1394	They look like a group of three NPCs riding on elephants.
1395	They walk back and forth along this road.
1396	They to kite one away from the others, if you can't kill them all at once.
1397	They should all drop the quest item.
1398	They look like green and white crystals on the ground around this area.
1399	They look like voidwalkers.
1400	You can find them all around the huge stone mountain.
1401	He looks like an ethereal.
1402	He spawns here and walks around this area.
1403	On top of the building.
1404	Along this cliffside.
1405	They look like grey metal boxes on the ground around this area.
1406	Use it next to Sunspring Villagers.
1407	They look like corpses floating underwater around this area.
1408	Use it on Shattered Rumblers around this area.
1409	They appear after you kill Shattered Rumblers.
1410	Use it inside the hut.
1411	Use it near their corpses.
1412	They look like wooden boxes with red axes on them on the ground and inside buildings around this area.
1413	Use it next to the Blazing Warmaul Pyre.
1414	Two Boulderfist Saboteurs will appear nearby.
1415	Follow and protect the two Boulderfist Saboteurs as they plant the bodies around this area.
1416	You can now do the optional Ring of Blood group quests.
1417	These quests require a 5-man group, but will give a lot of experience quickly, if you can find a group easily.
1418	In total, the quests can be done quickly, in one location, and give roughly 100,000 experience total.
1419	If you choose to skip these quests, you will likely have to grind a lot of experience, or run dungeons.
1420	This is a group quest.
1421	You will have to kill him twice.
1422	You need to be level 67 to accept some quests soon.
1423	Inside the tunnel.
1424	He walks around this area and into the nearby small house.
1425	In the next step, you will use an item to gain a buff.
1426	DO NOT MOUNT after receiving the buff, or you will lose the buff.
1427	You will have to run back to town without losing the buff.
1428	DO NOT MOUNT, or you will lose the buff.
1429	After turning in this quest, you can mount again.
1430	They look like huge colorful crystals on the ground around this area.
1431	They look like brown barrels on the ground and inside buildings around this area.
1432	They look like ball plants on the ground around this area.
1433	Use it on Bloodmaul Dire Wolves around this area.
1434	Pull the 2 non-elite guards one at a time and kill them first.
1435	Kill any non-elite ogres near the doorway before using the Bloodmaul Brutebane Keg.
1436	This will pull Droggam outside the building without his elite guards.
1437	This will pull Mugdorg outside the building without his elite guards.
1438	When he starts running to the brew, run outside of the building so that he doesn't start attacking you too early.
1439	He is a ranged enemy, so if he attacks too early and he's close to his guards, they will attack as well.
1440	Use it near Bladespire enemies around this area.
1441	This will pull Gorr'dim outside the building without his elite guards.
1442	Don't place the banner if another player's banner is already present, or you will need to restart the quest.
1443	They look like small metal objects with electricty inside them on the ground around this area.
1444	Electromentals will appear.
1445	Use it on the Electromentals that spawn.
1446	Use it when fighting Scalewing Serpents around this area.
1447	Allow them to use their Lightning Strike ability on you.
1448	Put your pet on passive, if you have one, to make this go faster.
1449	Right-click the "Repolarized Magneto Sphere" buff near your minimap to remove it.
1450	They look like large stealthed spiders.
1451	They are usually stealthed near the spiked rocks around this area.
1452	They look like big blue eggs with white crystals on them on the ground around this area.
1453	Use it on the Nether Whelps that spawn.
1454	You can use the Temporal Phase Modulator repeatedly on the same enemy.
1455	This allows you to keep changing the type of drake it is to suit what you need.
1456	Use it multiple times.
1457	Try to place them a little far apart, and so that the lines overlap each other a lot.
1458	Stand in the middle of the design you made.
1459	Use it repeatedly.
1460	You want to capture the small pink orbs of light that appear.
1461	When they die, yellow orbs will float into this portal.
1462	Keep an eye on this portal, Nexus-Prince Razaan will eventually emerge from it.
1463	You will see him yell in your chat when he appears.
1464	It appears above Nexus-Prince Razaan's corpse.
1465	It flies down to you.
1466	He looks like a neutral Draenei that walks around this large area.
1467	Equip it at this location.
1468	Use it on Grulloc.
1469	You will be running in quickly to loot Grulloc's Sack, on the ground next to Grulloc.
1470	He won't stay asleep for long, so run away quickly after completing the next step.
1471	She walks along this path inside the tunnel.
1472	You must be within melee range of killing an enemy to receive the buff.
1473	Anytime the buff wears off while in this area, kill Grishna enemies to get it again.
1474	You must have the Understanding Ravenspeech buff.
1475	Kill Grishna enemies around this area to get the buff again.
1476	Gorgrom will appear and die.
1477	Use them on his corpse.
1478	Use it on Wyrmcult Blackwhelps.
1479	Walk next to the brown spiked eggs to spawn more Wyrmcult Blackwhelps.
1480	Wait to use it at this location.
1481	Don't kill them, just weaken them.
1482	Use it on weakened Phase Hunters around this area.
1483	Kill them after you weaken them.
1484	If he's not there, someone else may be escorting him.
1485	The quest is a group quest, but you should be able to solo it fairly easily.
1486	Follow Maxx A. Million Mk. V and protect him as he walks.
1487	He walks on a purple bird around this area.
1488	Use it on on Sundered Rumblers and Warp Aberrations around this area.
1489	They look like small blue crystals that appear above their corpses after you kill Sundered Rumblers and Warp Aberrations.
1490	Use it repeatedly on Dr. Boom nearby.
1491	Stand on this barrel.
1492	You will be far enough away that he can't hurt you.
1493	Use it next to a floating crystal around this area.
1494	They are usually next to the wall of the manaforge.
1495	They look like small glass boxes on the ground around this area.
1496	He walks back and forth in this hallway.
1497	This takes 2 minutes.
1498	Be careful, the Arcane Annihilator can see through the disguise and will attack you.
1499	He appears next to you.
1500	If she's not here, someone else may be escorting her.
1501	Follow Bessy and protect her as she walks.
1502	If you find this escort quest too
1503	The Tormented enemies around this area turn into Kirin'Var enemies when they attack you.
1504	They look like glass boxes on the ground around this area.
1505	Use it next to Sunfury Ballistas.
1506	They look like catapult machines on the ground around this area.
1507	You must be facing them when you use the Flaming Torch.
1508	You can burn the same on repeatedly, if you wait a moment for it to respawn.
1509	Use it next to Sunfury Tents.
1510	They look like blue tents on the ground around this area.
1511	He runs around this area.
1512	He walks around this area with a water elemental.
1513	Zeppit will appear next to you.
1514	Use it again if Zeppit disappears.
1515	Kill them at melee range, otherwise Zeppit won't collect the quest item.
1516	Inside the building, on the top floor.
1517	They look like pink drooping flowers on the ground around this area.
1518	They look like brown metal objects on the ground around this area.
1519	Only Sunfury Bowmen and Sunfury Centurions will drop the quest item.
1520	Use it on Farahlon Lashers around this area.
1521	Use it on Talbuk enemies when they are weakened.
1522	Complete the "Nether Gas In a Fel Fire Engine" repeatable quest.
1523	They look like glass containers with pink electricity in them on the ground around this area.
1524	Use it on a Cyber-Rage Forgelord around this area.
1525	You can't have any other pet active while doing this.
1526	Use the "Detonate Teleporter" ability on your action bar near this structure.
1527	In the water around this area.
1528	They sometimes appear after you kill Void Wastes.
1529	Use it on Withered Corpses.
1530	They look like dead blood elves on the ground inside the mine.
1531	If you get too close they will turn into fleshbeasts and attack you.
1532	Right-click the "Electro-Shock Therapy" buff near your minimap.
1533	They appear after you kill Seeping Sludges.
1534	You can find them all around the perimeter of Manaforge Ultris.
1535	Your character will automatically be faced in the direction you need to go.
1536	Run in the direction you become faced until the item is no longer on cooldown.
1537	After the the item completes its cooldown, the quest goal should complete.
1538	This will allow you to see Ethereum Relays around this area.
1539	The effect only lasts for 1 minute, so you will need multiple.
1540	Only Ethereum Overlords and Ethereum Archons will drop the quest item.
1541	They look like blue eggs with white crystals on them on the ground around this area.
1542	Follow Wind Trader Marid as he walks.
1543	Use it while flying around the Void Conduit.
1544	It's at the top of Manaforge Ultris.
1545	Many quests in Shadowmoon Valley require you to be level 70.
1546	Additionally, you will begin collecting a lot of gold for your flying mount by completing quests at level 70.
1547	Use the Leveling guides to accomplish.
1548	This zone has some quests that require you to be level 70 to accept them.
1549	Use it next to the Legion Communication Device.
1550	Be careful of the elite enemies that walk around this area.
1551	You can find them around the green lava areas around this area.
1552	They look like small piles of dirt with green smoke rising out of them on the ground around this area.
1553	There are usually more of them close to the green lava around this area.
1554	Only Felboars and Vilewing Chimaeras will count for the quest goal.
1555	Kill them near the totems you plant.
1556	Make sure to equip the Spectrecles.
1557	You can only see them when you have the Spectrecles equipped.
1558	You can get more Spectrecles from Zorus the Judicator, who walks around this area.
1559	He walks along this road around this area.
1560	The Deathforged Infernals won't attack you.
1561	Only Deathforge Smiths or Deathforge Tinkerers will drop the quest item.
1562	He walks around this area, with a buzzsaw as a hand.
1563	Be careful to avoid the elite enemies that walk around this area.
1564	Inside the tent.
1565	You need 5 to create a Rocknail Flayer Carcass.
1566	Use them on the ground near Mature Netherwing Drakes.
1567	They look like blue dragons flying in the sky around this area.
1568	They will fly down to eat.
1569	They look like green glowing broken stone pieces on the ground around this area.
1570	There are 4 of them channeling a pink spell around this area.
1571	Kill them all before using the quest item.
1572	Use it at this location.
1573	Quests beyond this point have a minimal level of 58.
1574	This enemy is elite and may require a group.
1575	Quests beyond this point have a minimal level of 60.
1576	Quests beyond this point have a minimal level of 61.
1577	These enemies are elite and may require a group.
1578	Quests beyond this point have a minimal level of 63.
1579	Use the Sporeggar reputation guide to accomplish it.
1580	He will stop at the locations below:
1581	Defend him from attackers that spawn.
1582	This is an escort quest and you may nee help completing it.
1583	Quests beyond this point have a minimal level of 62.
1584	Kill any enemies nearby before accepting the quest.
1585	Protect her from Firewing enemies that spawn.
1586	This will initiate an escort quest.
1587	Protect him as you follow.
1588	Use it anywhere in The Bone Wastes.
1589	They won't always spawn after using the Fumper.
1590	Use it on the corpse of the Decrepit Clefthoof.
1591	Quests beyond this point have a minimal level of 66.
1592	Make sure you dismount before accepting this quest, or you will have to abandon it and pick it back up.
1593	Quests beyond this point have a minimal level of 64.
1594	She will fly down slowly after interacting with the egg.
1595	They are also inside caves around this area.
1596	Use it at the giant purple circle.
1597	Flies around this area.
1598	He walks along the path.
1599	Walks around this area.
1600	He walks around Shattrath City in a circle.
1601	You can find them all around this area.
1602	Quests beyond this point have a minimal level of 65.
1603	He patrols around Oshu'gun.
1604	Quests beyond this point have a minimal level of 67.
1605	Walking around inside the building.
1606	Kill the waves of enemies that spawn.
1607	It patrols along this path.
1608	Use it at the top of the tower.
1609	Quests beyond this point have a minimal level of 68.
1610	Kill enemies that attack him.
1611	Use it next to any of the giant tubes with energy running through them nearby.
1612	Protect him from enemies that attack.
1613	You can also purchase this from the Auction House.
1614	Inside the Magister's Terrace dungeon.
1615	You will find him in the room after Selin Fireheart.
1616	On the terrace after leaving Vexallus' room.
1617	It will take a moment for him to fly down.
1618	The final boss of the dungeon.
1619	Interrupt Fireball.
1620	Phoenix Egg spawns when a Phoenix dies. Kill these within 15 seconds.
1621	At 50% health, Gravity Lapse phase begins and everyone "swims" through the air.
1622	Arcane Spheres follow random players. Avoid them.
1623	Every 30 seconds, Kael'thas takes 50% more damage for 10 seconds.
1624	In Kael'thas' room.
1625	Step inside the circle.
1626	Open your map and locate a purple skull indicating a scourge invasion.
1627	Travel to that zone and ride around until you locate a summoning circle.
1628	Kill enemies around the Necrotic Shard until they drain its health to zero.
1629	You will need 8 Necrotic Runes from mobs you killed to talk to the mages that spawn and summon a Shadow of Doom.
1630	The Shadow of Doom is elite and hits very hard.
1631	Interrupt Fear on cooldown and be aware that it will call all nearby ghouls to aid it as well as summon more.
1632	You will need a raid group for this quest.
1633	Up the stairs behind Attumen the Huntsman.
1634	At the top of the stairs, run straight through the door in front of you.
1635	Open the Bloodstained Door ahead on the right before the kitchen.
1636	Kill Tenris with your group and click the orders on the table.
1637	On the upper floor of the floating building.
1638	He walks around this area, on the upper floor of the floating building.
1639	They look like swords leaning up against objects around this area.
1640	Next to a Runeforge.
1641	They look like large skulls with grey metal pipes connected to them, next to the wall around this area.
1642	Choose the rune you prefer and click the "Engrave" button.
1643	Select the sword you received in the previous step.
1644	They look like horned skulls on the wall, chaining the prisoners around this area.
1645	You will automatically fly away while controlling the Eye of Acherus.
1646	Stay floating high, so the soldiers on the ground will not attack you.
1647	Near the red arrow bouncing above the blacksmith building.
1648	Near the red arrow bouncing above the fort building.
1649	Near the red arrow bouncing above the town hall building.
1650	Near the red arrow bouncing above the church building.
1651	Walk onto the teleport pad.
1652	On the bottom floor of the floating building.
1653	He walks around this area, on the bottom floor of the floating building.
1654	He walks around this area on a skeletal bird mount.
1655	He walks back and forth along this path.
1656	She flies close to the ground around this area.
1657	They look like NPCs wearing brown robes.
1658	You can find them all around the Death's Breach area.
1659	They will eventually surrender.
1660	She flies around this small area.
1661	They look like various color horses.
1662	You can find them all around the Havenshire Stables area.
1663	Be careful to avoid Stable Master Kitrik.
1664	He's elite and will pull you off the horse.
1665	Use the "Deliver Stolen Horse" ability next to Salanar the Horseman.
1666	They ride around on dark colored horses with horns and white glowing feet.
1667	You can find them all around the Havenshire area.
1668	The horse next to you that the Dark Rider of Acherus was riding on.
1669	Use the "Horseman's Call" ability on your action bar.
1670	You just earned your ground mount.
1671	When you need to travel now, you can use your mount to move faster.
1672	Press Shift+P to open your Mounts window and move your horse to your action bar.
1673	It looks like a rolled up scroll on top of the mailbox.
1674	They look like human soldiers with red and white armor, or civilians chopping wood.
1675	You can find them all around the northern part of the Havenshire area.
1676	They look like humans running south.
1677	You can find them all around the southern part of the Havenshire area.
1678	They look like green glowing arrows stuck in the ground around this area.
1679	You can find them all around the northern and southern parts of the Havenshire area.
1680	He paces around this area.
1681	Use it on Scarlet Miners.
1682	They appear at the entrance of the mine, but you can find them throughout.
1683	The miners have a chance to become a friendly ghoul that will begin following you.
1684	Some of them may turn into ghosts and attack you.
1685	Bring the ghouls to this location.
1686	A Scarlet Miner will bring you down to the beach in the cart.
1687	Use the abilities on your action bar to kill the soldiers on the beach nearby.
1688	Use the "Skeletal Gryphon Escape" ability on your action bar.
1689	A skeletal gryphon will pick you up and fly you away.
1690	Equip both of Keleseth's Persuaders in your bag.
1691	Equip the Keleseth's Persuader in your bag.
1692	They look like soldiers with red and white armor.
1693	You can find them all around the New Avalon area.
1694	Try not to kill them too fast.
1695	Stop attacking when they start talking.
1696	Eventually one of the enemies will give you information.
1697	You must have Keleseth's Persuader weapon(s) equipped to get the enemies to talk to you.
1698	You can kill soldiers or civilians.
1699	They look like human civilians in regular clothes.
1700	They are mostly inside the buildings.
1701	Turn in the "More Skulls For Brew!" quest to get more potions of Noth's Special Brew.
1702	Keep doing this until you don't have enough skulls to get more potions.
1703	Downstairs in the building.
1704	Stay inside the bubble Koltira Deathweaver forms.
1705	It reduces spell damage, so you'll live.
1706	It appears on the ground where you killed High Inquisitor Valroth.
1707	It looks like a thick book sitting on a long table.
1708	Upstairs inside the building, in a large room.
1709	A Scarlet Courier walks up to you on a horse.
1710	Orbaz Bloodbane will create a portal.
1711	They look like large brown wooden crossbow machines.
1712	They are up on the walls or on the ground all around the New Avalon area.
1713	Use the abilities on your action bar.
1714	They look like humans wearing red and white armor.
1715	Fly back to Death's Breach manually with the dragon.
1716	Don't click the red arrow to stop controlling the dragon until you get back to Death's Breach.
1717	Click the red arrow on your action bar.
1718	If he's not here, then another player already started the battle.
1719	You may be able to join the battle.  Skip to the next step, try to do it, and see if it works.
1720	If you're unable to join the battle, skip back to this step and wait for Highlord Darion Mograine to respawn.
1721	If he's here, but you can't choose this dialogue, then another player already did it.
1722	Now you just need to wait for the battle to start.
1723	The battle starts 5 minutes after someone initiates this dialogue with him.
1724	Highlord Darion Mograine will start yelling when the battle is beginning.
1725	Follow your allies into battle and help them fight.
1726	Click the purple portal that appears nearby.
1727	He looks like a larger abomination that walks around this area.
1728	They look like large humans and wolves.
1729	They continually attack near this location.
1730	They look like poles sticking out of the ground around this area.
1731	Underwater, on the deck of the ship.
1732	Use it in the doorway of the building.
1733	They looke like metal cages on the ground and inside buildings around this area.
1734	You can run through the ghouls, they won't attack you, since you have the "Shining Light" buff.
1735	HURRY, this quest is timed!
1736	They look like broken stone tablets laying on the ground all around inside this cave.
1737	They are only on the top and middle levels of the cave.
1738	Inside the cave, on the middle level.
1739	It looks like a green stone block that appears on the ground after you kill Oluf the Violent.
1740	They look like flat grey stones on the ground around this area.
1741	Inside the cage.
1742	On the wooden platform.
1743	There are many of them along the top of the cliff here.
1744	Use it on Fjord Turkeys around this area.
1745	You will be attacked each time you capture a turkey.
1746	Use it next to the big metal harpoon gun.
1747	Use the Fiery Harpoon ability on your action bar.
1748	It's the building farthest to the right across the water.
1749	It's the middle building across the water.
1750	It's the building farthest to the left across the water.
1751	Use the Fiery Lance ability on your action bar on Dragonflayer Defenders.
1752	They will attack you after you destroy each building.
1753	Click the yellow arrow on your action bar.
1754	Use the Rocket Jump ability on your action bar.
1755	Use the Collect Data ability on your action bar next to the blue crystal.
1756	Walk to this location and stand on the rug on the ground.
1757	Use the Bluff ability on your action bar on Lebronski when he starts talking.
1758	Use the Rocket Jump ability on your action bar on the middle rune on the ground.
1759	This quest seems a little buggy.
1760	Run around this small area inside the cave, trying every spot, until the dialogue starts.
1761	You can jump down to the ground in the golem suit without dying.
1762	Use the Collect Data ability on your action bar next to the blue crystals on the ground around this area.
1763	Use the Bluff ability on your action bar to get rid of any suspicious dwarves you encounter.
1764	Get to a safe spot first.
1765	They look like grey stones on the ground around this area.
1766	Use it on Fjord Hawks around this area.
1767	Most of them are flying above you around this area.
1768	Use the Scavenge ability on your action bar.
1769	Use it next to the big white eggs in bird nests on the side of the cliff in front of your character.
1770	If your falcon gets killed by eagles, use the Trained Rock Falcon item again next to the Vrykul Hawk Roost, to control another one.
1771	Right-click the "Hawk Hunting" buff near your minimap.
1772	They look like buffalo.
1773	They look like large trees that walks around this area.
1774	They look like large white eggs.
1775	You can find them all around the Ember Clutch area.
1776	Use it on Proto-Drakes.
1777	They look like dragons flying in the sky around this area.
1778	He walks around this small area upstairs inside the building.
1779	Follow the path on the outskirts of Halgrind.
1780	It looks like a pile of dirt.
1781	It looks like a small brown metal and wooden chest.
1782	It looks like a blue feather.
1783	It looks like a grey boulder.
1784	The grey wolves will kill nearby Shoveltusks, so kill those too, if you need to.
1785	You can find them all around the Isle of Spears area.
1786	They look like blue and white two-headed dragons.
1787	On the small boat.
1788	On the small canoe.
1789	You will eventually travel to this location.
1790	It looks like an orca that swims in the water around this area.
1791	This will allow you to breathe underwater for 3 minutes.
1792	It looks like a small grey and blue stone bird statue.
1793	Underwater, inside the ship.
1794	It looks like a grey stone jar.
1795	Underwater, inside the broken boat.
1796	Don't kill him, just get him to low health.
1797	You will eventually be able to talk to him again.
1798	Jack Adams will pass out on the table.
1799	You can find them all around the Garvan's Reef area.
1800	He looks like a big seal that swims in the water around this area.
1801	They look like blue and green frogs that hop around on the ground around this area.
1802	He's on the top deck of a pirate ship that sails around this area.
1803	Board the ship when it stops at this location.
1804	Downstairs, on the bottom deck, inside the pirate ship that sails around this area.
1805	At the front of the ship, on the top deck of the pirate ship that sails around this area.
1806	Keep clicking it repeatedly until Sorlof is dead on the shore.
1807	He looks like a large tree that walks along the shore around this area.
1808	It looks like a yellow pile of gold that appears on the ground after Sorlof dies.
1809	Jump off the ship to loot it.
1810	He looks like a human wearing a red coat.
1811	He walks around this small area inside the cave.
1812	He eventually runs away and gets eaten by a large white bear on the bottom level of the cave.
1813	He is a level 70 elite enemy, but you should be able to kill him at this level.
1814	He looks like a large white bear.
1815	He is a level 71 elite enemy, but you should be able to kill him at this level.
1816	Downstairs inside the ship, on the bottom level.
1817	It looks like a floating metal chest armor.
1818	Use it on the Dragonflayer Vrykul Prisoner.
1819	Use them on Plague Tanks as you fly.
1820	They look like large green carts on the ground around New Agamand.
1821	Use the Grappling Hook ability on your action bar near Sacks of Relics on the ground.
1822	They look like huge white bags with yellow stuff in them on the ground around this area.
1823	Bring them up onto the hanging wooden scale above the dig site.
1824	Make sure there are gargoyles flying above the Steel Gate dig site nearby.
1825	They only appear when an event happens.
1826	If they are not there, you can't complete the "Steel Gate Patrol" quest.
1827	You can either wait for them to appear, or abandon the quest and skip it.
1828	If they're not appearing, try to fly down closer to the ground inside the quarry.
1829	They appear as red dots on your minimap.
1830	Use it on Whisper Gulch Ore.
1831	They look like large dark colored mining nodes on the ground around this area in the canyon.
1832	They appear after you use Steelring's Foolproof Dynamite on a mining node.
1833	Perform it on Abandoned Pack Mules around this area in the canyon.
1834	They look like donkeys with a bunch of supplies tied to them around this area in the canyon.
1835	Use it near the Scourge Crystal.
1836	It looks like a large floating purple crystal.
1837	Attack the crystal when the purple bubble shield disappears.
1838	If you have a pet, make you you get the killing blow, not your pet, or you won't get credit.
1839	You can find them all around the Chillmere Coast area.
1840	He looks like a white murloc that walks along the coast around this area.
1841	Stand on this exact spot, on top of the ore node.
1842	Logging out on this ore node will teleport you out of Whisper Gulch when you login again.
1843	They look like brown-ish green bushes on the ground underwater around this area.
1844	Not all of them will contain Northern Barbfish.
1845	Use it next to the Sunken Boat underwater.
1846	They look like dwarves wearing dark colored armor.
1847	You can find them all around the Giant's Run area.
1848	They look like small grey rock elementals.
1849	You can find them all around the Frozen Glade area.
1850	Don't kill them, just weaken them to about half health.
1851	Use it on weakened Chill Nymphs.
1852	They look like female centaurs.
1853	You can find them all around the Vibrant Glade area.
1854	They look like large walking flowers.
1855	They look like orange spikey balls.
1856	You can find them all around the Twisted Glade area.
1857	They look like black and purple swmap elementals.
1858	It can spawn in multiple locations.
1859	He looks like a green and brown centaur that walks around this area.
1860	They look like small animals stuck in silver metal traps on the ground around this area.
1861	They sometimes appear after you click the Sprung Traps.
1862	Use it near Shatterhorn inside the mine.
1863	You can use it from decently far away.
1864	He will wake up and attack you.
1865	Use it on Steelfeather.
1866	She looks like a hippogryph flies in the sky above Fort Wildevar around this area.
1867	You can easily find and select Steelfeather by typing "/tar Steelfeather" into your chat.
1868	Use it on a neutral Stone Giant around this area.
1869	It will not work on a Runed Stone Giant.
1870	Your Captive Stone Giant minion from the previous step will help you fight.
1871	Use them on the ground near Darkclaw Bats.
1872	They look like bats that fly in the air around this area.
1873	It appears on the ground after Feknut's Firecrackers.
1874	He looks like a larger brown wolf that walks around this area.
1875	He looks like a larger grey wolf that walks around this area.
1876	Use it inside this building.
1877	He should already be next to you.
1878	Use the item if he's not there.
1879	Halfdan the Ice-Hearted appears nearby.
1880	At the bottom of the waterfall.
1881	They look like large humans.
1882	You can find them all around the Gjalerbron area.
1883	This key is rare to find.
1884	It can be used to open the Large Gjalerbron Cage at this location.
1885	The Large Gjalerbron Cage at this location contains multiple prisoners.
1886	They look like wood and metal cages.
1887	They look like large humans with an axe and a shield.
1888	They look like large humans wearing white robes.
1889	They look like large humans wearing brown robes.
1890	Follow the path around inside the building to get to her.
1891	Use them on Dormant Vrykul.
1892	They look like vrykul sleeping upright inside the walls like mummies around this area inside the building.
1893	They can be spread out in all of the rooms in this underground building.
1894	On the top deck of the ship.
1895	Use it on Scourged Flamespitters flying above you.
1896	Use it while standing on the edge of the sinkhole.
1897	Kill the cheering npc's nearby as well.
1898	If he's not here, wait for him to respawn, or skip the quest.
1899	The quest becomes available to accept a few minutes after he spawns.
1900	They look like large green humans holding spears.
1901	You can find them all around the Riplash Strand area.
1902	They look like large green humans holding wooden mallets.
1903	Use it on "Salty" John Thorpe.
1904	Use it on Tom Hegger.
1905	Use it on Guard Mitchells.
1906	If he's not here, wait for him to respawn.
1907	It looks like a small red book inside the burning building.
1908	Use it next to Farshire Grain.
1909	It looks like a huge long rope hanging in this stairwell inside the building.
1910	Use it next to Caribou Traps.
1911	They look like metal spiked traps on the ground around this area.
1912	They look like human scuba divers.
1913	You can find them underwater all around the Lake Kum'uya area.
1914	Use it next to Trapped Mammoth Calves.
1915	They look like baby elephants stuck in metal traps on the ground around this area.
1916	Avoid killing any mammoths, since you'll get a debuff that will cause druid guards to attack you.
1917	Two enemies will appear and help her fight after you attack her.
1918	They look like humans carrying tan bags over their shoulders.
1919	They look like brown bags and crates on the ground.
1920	You can find them all around the Abandoned Reach area.
1921	He walks east and west underwater around this area.
1922	Beware of Great Reef Sharks that will attack while you are fighting him.
1923	He respawns quickly.
1924	Downstairs inside the building..
1925	They look like large boxes hovering above circular blue rune platforms around this area.
1926	If the Arcane Prison doesn't complete the quest goal, click others.
1927	It seems random as to which Arcane Prison contains the prisoners.
1928	Next to the purple crack in the ground, next to the water.
1929	They look like humans in purple robes.
1930	You can find them all around the Beryl Point area.
1931	Use it on the Beryl Sorcerer when it is low health.
1932	Upstairs inside the tower, on a middle floor.
1933	Use it on the Imprisoned Beryl Sorcerer repeatedly.
1934	It appears on the ground after you kill Inquisitor Salrand.
1935	You will automatically be teleported back to Amber Ledge.
1936	Inside the tower, on the top floor.
1937	Swim down to the pink chasm underwater.
1938	You can find them all around the Coldrock Quarry area.
1939	They look like gnomes.
1940	Use it while standing near the floating platform.
1941	Use it while standing near the the floating platform.
1942	They look like blue dogs.
1943	Use them on Kaskala Craftsmen.
1944	They look like walrus people spirits holding hammers.
1945	Use them on Kaskala Shamans.
1946	They look like walrus people spirits holding staves.
1947	Follow the path along the top of the cliff to get to him.
1948	They look like stone fish and incense smoke bowls on the ground.
1949	Next to the Elder Sagani totem.
1950	Next to the Elder Takret totem.
1951	Next to the Elder Kesuk totem.
1952	Make sure the Orphaned Mammoth Calf continues following you.
1953	The calf that follows you is slow.
1954	Don't move too fast, or you'll lose it.
1955	They look like larger brown hairy elephants.
1956	Kaw the Mammoth Destroyer will jump on Moria, the mammoth.
1957	It looks like an axe that appears on the ground after you kill Kaw the Mammoth Destroyer.
1958	You will have to stop riding the mammoth to be able to loot it.
1959	Click the red arrow on your action bar to stop riding the mammoth.
1960	They look like brown wicker baskets on the ground around this area.
1961	They can also be inside the buildings.
1962	They look like large green humans.
1963	You can find them all around the Kaskala area.
1964	He looks like a large green human without a weapon.
1965	He fights around this area.
1966	You can find them all around the Temple City of En'kilah area.
1967	You must kill the 2 cocoons next to him before you can attack him.
1968	You must kill the 3 enemies channeling on him before you can attack him.
1969	Choose to fly to "Transitus Shield, Coldarra".
1970	They look like large humans wearing purple robs.
1971	Right inside the doorway of the building.
1972	He looks like a large blue humanoid dragon in brown armor.
1973	There are usually a few Frostberry bushes around this area with the trees.
1974	They look like medium sized snow covered bushes with dark leaves on the ground around this area.
1975	Collect the few you can find here, and continue on.
1976	He looks like a large blue and white dragon.
1977	They look like medium sized snow covered bushes with dark leaves on the ground.
1978	You should be able to finish up with these here.
1979	You can find them all around the Coldarra area.
1980	They look like large white and brown walking trees.
1981	They look like large purple and white walking trees.
1982	She appears next to you.
1983	They look like larger armored blue dragonkin.
1984	You need these axes to destroy dragon eggs in a few steps.
1985	They look like clusters of pink crystals on the ground.
1986	They are usually near the 3 purple cracks in the ground around the perimeter of the large trench surrounding the Nexus building.
1987	On the ground in the trench, outside of the Nexus building.
1988	They look like large dark colored eggs with white crystals on them on the ground around this area.
1989	In the trench, all around the perimeter of the Nexus building.
1990	They look like pink flying snakes in the air.
1991	In the middle of the floating platform.
1992	She will fly to the floating platform, and turn into her non-elite human form.
1993	You won't have to fight her elite dragon form.
1994	Follow Bonker Togglevolt and protect him as he walks.
1995	Let him get attacked first, otherwise he won't stop to help you fight.
1996	He eventually walks to this location outside of the cave.
1997	They look like brown wooden crates on the ground around this area.
1998	They look like various shaped grey metal objects on the ground around this area.
1999	You can find them all around in the Scalding Pools area.
2000	Only the robot type enemies will work with the quest item.
2001	They look like large blue centaurs.
2002	Jump down to him from on top of the building.
2003	Use it on Oil-stained Wolves.
2004	They look like black wolves around this area.
2005	They look like small piles of poop that appear on the ground after the wolves eat the bait.
2006	They look like dead gnomes in black clothing laying on the ground.
2007	They are usually on the white parts of the ground next to water.
2008	You can find them all around the Scalding Pools area.
2009	Gearmaster Mechazod will appear and attack you after you click the book.
2010	Use it next to the black oil spots on the ground in the water around this area.
2011	He looks like a blue water elemental that swims along this purple trench underwater around this area.
2012	Use it on his corpse.
2013	They look like murlocs.
2014	They look like small grey clams on the ground around this area.
2015	You will need them for a quest soon.
2016	It looks like a larger orca that swims on the surface of the water around this area.
2017	Inside the cave, on the top floor.
2018	Right-click the "King Mrgl-Mrgl's Spare Suit" buff near your minimap.
2019	Be careful, enemies will attack you.
2020	Inside the cave, on the bottom floor.
2021	To reach him, hug the right wall as you follow the path.
2022	Follow Lurgglbr and protect him as he walks.
2023	He eventually walks to this location outside the cave.
2024	Lord Kryxix will appear nearby.
2025	He looks like a huge blue beetle that walks around this area.
2026	They look like deer bucks around this area.
2027	They look like diseased bears around this area.
2028	They look like dead bodies on the ground around this area.
2029	You may have to find and use multiple of these.
2030	Upstairs inside the crumbled building.
2031	You will be teleported up to a floating platform.
2032	On the floating platform.
2033	The Moonrest Highborne ghosts will not count for the quest goal.
2034	It takes a few seconds to complete the goal after you use the item.
2035	They look like smaller trees with no leaves on them that walk around this area.
2036	They have a chance to attack you instead of giving you the bark.
2037	You can find them all around the Lothalor Woodlands area.
2038	Use them on Lothalor Ancients around this area.
2039	They look like larger dazed tree creatures.
2040	He looks like a troll that walks around this area with a guard.
2041	They walk in a clockwise circle around the large stone half circle with purple symbols on it.
2042	He looks like a dead blood elf wearing a robe.
2043	They look like small wolverines.
2044	They are usually close to the buildings around this area.
2045	They look like wolverines.
2046	You can find them all around the Snowfall Glade area.
2047	It looks like a broken small broken brown cage on the ground underwater.
2048	He looks like a huge crab.
2049	He walks around this area on this small island.
2050	Use it next to Tua'kea's Fishing Hook underwater.
2051	It looks like a rope leading into the water, with a large hook on the end.
2052	He swims to you.
2053	They look like small brown cages on the ground underwater.
2054	You can find them all around the Moa'ki Harbor area.
2055	They look like walrus people spirits.
2056	Deranged Indu'le Villagers will not count for the quest goal.
2057	You can find them all around the Indu'le Village area.
2058	A huge sea monster, Oacha'noa, will appear in the water nearby.
2059	You will eventually receive a 30 second buff.
2060	Jump into the water toward Oacha'noa when you have the buff.
2061	You will begin flying to Wintergarde Keep when you accept the quest.
2062	It flies down to you and lands.
2063	Use the "Rescue Villager" ability on your action bar on Helpless Wintergarde Villagers.
2064	They look like humans running scared on the ground.
2065	You must be close to them to be able to pick them up.
2066	Use the "Drop Off Villager" ability on your action bar.
2067	Kill the Vengeful Geists next to Trapped Wintergarde Villagers.
2068	The Trapped Wintergarde Villagers look like humans.
2069	They can be outside or inside the buildings around this area.
2070	Use it in the entrance to the mine at this location.
2071	Run out of the mine after using item.
2072	Don't stand too close to the bomb, it can damage you.
2073	Run deeper into the mine after using item.
2074	There are still quests to complete inside the mine.
2075	They look like dark colored mining nodes with light blue crystals.
2076	You can find them on the ground all throughout the mine.
2077	You can find them all throughout the mine.
2078	Inside the crypt, on the bottom floor.
2079	Run up the stairs and leave the crypt.
2080	Use the "Drop Off Gnome" ability on your action bar next to Plague Wagons.
2081	They look like metal carts with pots of orange liquid on the back of them on the ground around this area.
2082	Protect the gnomes while they sabotage the carts.
2083	Allow the gnomes to completely finish working on a Plague Wagon before using the "Drop Off Gnome" ability again.
2084	In front of the crypt entrance.
2085	Use the "Drop Off Soldier" ability on your action bar.
2086	They look like long brown wooden boxes on the ground around this area.
2087	Use the "Call Out Injured Soldier" ability on your action bar, to make the Injured Soldiers walk to you.
2088	Use the "7th Legion Chain Gun" ability to kill the enemies and protect the Injured Soldiers as they walk.
2089	Inside the crypt, in all of the 3 rooms.
2090	They look like small purple plants on the ground around this area.
2091	They look like human spirits working on the buildings around this area.
2092	They look like dwarf spirits with guns all around this area.
2093	They look like armored knight spirits all around this area.
2094	He looks like an armored human spirit riding on a horse that walks around this area.
2095	Use it near the blue glowing circle on the ground.
2096	Only enemies that look like humans will drop the quest item.
2097	Only enemies that look like humans will count for the quest goal.
2098	At the top of the building.
2099	Icestorm will fly to you and become chained by the harpoon guns nearby.
2100	Let your allies fight him for a bit, to build aggro, before you attack him, so he won't attack you.
2101	It appears on the ground after you kill Icestorm.
2102	They look like kobolds.
2103	He looks like a Magnataur that walks around in this canyon.
2104	Your allies will help you fight.
2105	After you kill him, there is a little more dialogue to wait for before the quest completes.
2106	They look like abominations.
2107	They looks like frail humans crouching on the ground.
2108	They look like zombies.
2109	They look like small red stones on the ground.
2110	You can find them all around the Ruby Dragonshrine area.
2111	Use them on Ruby Keeper corpses.
2112	They look like large red dragons on fire on the ground.
2113	Inside the tree.
2114	They look like humans wearing robes.
2115	You can find them all around the outside of the tree.
2116	They look like humans wearing robes and carrying staves.
2117	They look like skeletons with red smoke rising out of the ground beneath them.
2118	You will gain the buff automatically after a few seconds.
2119	Don't kill anything, or you will lose the disguise and have to get a new one from Serinar.
2120	If you couldn't jump up the rocks to take the shortcut, continue follow the path up in the cave until you reach this location.
2121	They look like round purple symbols on the ground around this area inside the cave.
2122	They look like humans wearing robes and carrying orange glowing staves.
2123	They look like hunched skeletons with red smoke rising out of the bodies.
2124	They look like frail humans crouching on the ground.
2125	Use it on the edge of the rock, next to the lava inside the cave.
2126	It flies to you.
2127	You are about to use the dragon you're riding to fly to a quest area.
2128	When you get to the area, look for the questgiver NPC that walks around the area.
2129	You will be able to find her by looking for the yellow exclamation mark on your minimap.
2130	When you find her, fly to her and click the red arrow on your dragon's action bar to stop riding the dragon.
2131	She looks like a night elf carrying a staff.
2132	She walks along the road around this area.
2133	They look like plants with large petals.
2134	You can find them all around the Emerald Dragonshrine area.
2135	They look like owls flying in the air above the lake.
2136	You are about to use the dragon you're riding to do many quests.
2137	You will repeatedly be using the "Ruby Beacon of the Dragon Queen" quest item to call a dragon to ride.
2138	When you need to call a dragon, run to a place on the map where your minimap says "The Dragon Wastes".
2139	Being anywhere in the Dragon Wastes will allow you to use the item to summon another dragon to ride.
2140	You can also use it when you're at Wyrmrest Temple.
2141	Use the abilities on your action bar to kill enemies on the ground.
2142	Use the "Devour Ghoul" ability on your action bar on enemies to gain health and mana for your dragon.
2143	He walks around this small area on top of the hill.
2144	He appears after you kill Thiassi the Lightning Bringer.
2145	He will knock you off your dragon.
2146	It appears on the ground after you kill Grand Necrolord Antiok.
2147	They look like carts with ore in them on the ground.
2148	They look like large grubs around this area.
2149	Dragonbone Condors will also drop the quest item.
2150	They look like birds.
2151	They look like centipedes standing upright.
2152	They are elite, but you don't kill them.
2153	Just fight one until it opens its mouth.
2154	You will get a message on your screen when it opens its mouth.
2155	Use them on the Hulking Jormungar after it opens its mouth.
2156	They appear on the ground after the Hulking Jormungar dies.
2157	They look like small white pointed bones near the huge bones on the ground around this area.
2158	Fly to this location with the dragon and use the item here.
2159	It walks up to you.
2160	She flies in the air around this area.
2161	Use the "Gather Lumber" ability on your action bar next to Coldwind Trees.
2162	They look like trees with small pieces of paper with X's on them on the ground around this area.
2163	You can find more to the southeast.
2164	Inside the ice canyon.
2165	Don't kill them, wait for them to cast a poison on you.
2166	Use it when you are affected by the poison.
2167	After you collect the spit, you can kill them.
2168	If you ended up on the bottom floor inside the ice canyon in the previous step, run up the white ice ramp near him, and cross the ice bridge.
2169	This will give you a buff that protects you from the spit attacks the centipede enemies use.
2170	Use them on Ice Heart Jormungar Spawns.
2171	They look like smaller blue centipedes.
2172	You can find them all throughout inside the cave.
2173	They appear on the ground after you use the Sturdy Crates on Ice Heart Jormungar Spawns.
2174	Upstairs inside the tower, on the middle level.
2175	On the middle level of the tower.
2176	Use the "Destabilize Azure Dragonshrine" ability on your action bar.
2177	They look like larger blue dragons flying all around this area.
2178	They look like smaller blue dragons flying all around this area
2179	You should be level 75 soon, or already are.
2180	When you reach level 75, you can use stronger bullets or arrows.
2181	When you restock ammo at vendors, make sure to buy level 75 ammo.
2182	They look like tall grass plants on the ground around this area.
2183	Avoid Conquest Hold as you travel here.
2184	They look like brown deer bucks.
2185	They look like gray wolves.
2186	They look like bald eagles.
2187	They fly around and land on rocks and logs on the ground around this area.
2188	All along the river.
2189	Would you like to complete it?
2190	Click the line of your choice to continue.
2191	You can kill NPCs or players.
2192	Run back to Amberpine Lodge.
2193	These look like women.
2194	They can also be inside the buildings around this area.
2195	Would you like to complete them?
2196	Use it on Venture Co. Stragglers.
2197	They look like Horde enemies inside the buildings around this area.
2198	They are not in the ships.
2199	It looks like a red canister inside the ship, on the main deck level.
2200	HURRY after picking this up, it only lasts for 4 minutes.
2201	In the next step, get back to the questgivers as fast as you can.
2202	Use it on a troll that Budd stuns.
2203	To stun a troll, use Budd's "Tag Troll" ability on your pet bar near any Drakkari troll around this area.
2204	He will sneak up and stun a nearby troll.
2205	Stuck into the side of the tree stump.
2206	They look like small bushy plants with purple flowers on them on the ground around this area.
2207	They look like tall bushy green plants underwater around this area.
2208	Use it next to the burning pile of mummies.
2209	They look like patches of blue glowing mushrooms on the ground around this area.
2210	You can find them all around in the Ruins of Drak'Zin.
2211	Use it next to the brazier at the top of the stairs.
2212	They look like thin blue dragons.
2213	At the top of the temple.
2214	Use it next to the brazier at the top of the temple.
2215	They looke like green spikey plants on the ground around this area.
2216	You can find them all around the Zeb'Halak area.
2217	Throw it at the trolls running around on the ground nearby.
2218	Don't let the trolls get too close to you, they'll attack you.
2219	They look like thorny vine plants on the ground around this area.
2220	Follow the Freed Alliance Scout as he walks.
2221	Use the abilities on your action bar to make the horse run faster and fight enemies as you ride with Ducal.
2222	You will ride back to Amberpine Lodge.
2223	They look like furbolgs.
2224	Inside the huge tree, on the bottom floor.
2225	They look like small brown pine cones on the ground.
2226	You can find them all around the Grizzlemaw area.
2227	They can be inside or outside the huge tree.
2228	They look like humanoid metal shredding machines around this area.
2229	You will take control of the shredder machines.
2230	You need to return the machine to your allies.
2231	At the return location, use the "Shredder Delivery" ability on your action bar to return the shredders.
2232	Use it on Wounded Westfall Infantry.
2233	They look like Alliance soldiers kneeling on the ground around this area.
2234	You can find them all around the Blue Sky Logging Grounds area.
2235	They look like metal springs on the ground around this area.
2236	They look like metal cog wheels laying flat on the ground around this area.
2237	They look like metal cog wheels sticking vertically out of the ground around this area.
2238	You can find them all around the Drak'atal Passage.
2239	Use it next to the brazier at this location.
2240	Follow the road to reach her.
2241	They look like yellow and blue flying insects.
2242	You will return when the "Out of Body Experience" buff expires.
2243	You can also right-click the buff near your minimap to remove the buff and return early.
2244	You can find them all around Solstice Village.
2245	Use it on Tatjana.
2246	Make sure to target Tatjana, and not the horse.
2247	You will eventually run to this location.
2248	It looks like an open book on the ground.
2249	They look like yellow torn pieces of paper on the ground around this area.
2250	You can also find them inside the buildings.
2251	They look like dwarves wearing dark metal armor.
2252	Only enemies that look like dwarves will drop the quest item.
2253	If you go into the canyon, try to stay close to the exit, if possible.
2254	You will be leaving the Thor Modan area in the next step.
2255	They look like big grey rocks on the ground around this area.
2256	Not all of the grey rocks will be clickable.
2257	Use them on Iron Rune-Shapers in the canyon below.
2258	You can use the boulders on the same enemy repeatedly.
2259	Stay on the north side of the canyon when throwing the boulders.
2260	You will have to turn in the quest on the north side of the canyon.
2261	Use it on Grizzly Hills Giants  around this area.
2262	They must be fighting an enemy for the item to work.
2263	They appear after you rally the Grizzly Hills Giants around this area.
2264	Inside the canyon.
2265	On the metal door inside the canyon.
2266	They look like dinosaurs swimming in the water inside the canyon.
2267	It appears on the ground.
2268	Use it near Schools of Northern Salmon around this area.
2269	They look like groups of small fish in the water around this area.
2270	Kill the 4 enemies channeling on the object to release Overseer Brunon.
2271	Kill the 4 enemies channeling on the object to release Overseer Lochli.
2272	Kill the 4 enemies channeling on the object to release Overseer Korgan.
2273	Kill the 4 enemies channeling on the object to release Overseer Durval.
2274	Use it on Runed Giants.
2275	They look like large walking trees around this area.
2276	You may have to use it on the same enemy multiple times.
2277	They look like grey vases on the ground around this area inside the crypt.
2278	Any nearby Drakkari enemy will become aggressive and attack you when you loot these.
2279	Follow Harrison Jones and protect him while he walks.
2280	He eventually walks to this location outside the building.
2281	You can find them all around the Drakil'jin Ruins area.
2282	Use it next to the brazier.
2283	He walks along the stairs around this area.
2284	He has 2 guards that walk with him.
2285	You will receive the buff automatically.
2286	Use it on Ancient Drakkari.
2287	They look like spirit trolls around this area inside the crypt.
2288	Follow them when they run to nearby mummies on the ground.
2289	They appear when the Ancient Drakkari enemies reach the mummies.
2290	Any enemies will drop keys, except Iron Rune-Smiths.
2291	You can find them all around the Dun Argol area.
2292	They look like various shaped grey metal objects on the ground.
2293	Only the enemies that look like dwarves will count for this quest goal.
2294	This will summon a Depleted War Golem to follow you around.
2295	If your golem disappears, use this item again to summon another one.
2296	They look like air elementals.
2297	Kill them with the golem next to you.
2298	Make sure you're close to them when you kill them, or the golem won't collect the charge level.
2299	Make sure you are mounted and not in combat.
2300	You will use the Overseer Disguise Kit in the next guide step.
2301	If you are already mounted when you use the item, it will let you ride your mount while disguised, so you can run faster.
2302	If you don't want to watch the dialogue, you don't have to wait.
2303	You can leave the building and start running down the mountain to the questgivers.
2304	The quest goal will complete as you are running down the mountain.
2305	Right-click the "Iron Rune Overseer Disguise" buff near your minimap.
2306	Make sure you're in a safe spot before removing the disguise.
2307	Use the "EMP" ability to stun The Anvil and remove Iron Thane Furyhammer's Shield.
2308	Use the "Charged Smash" ability Iron Thane Furyhammer.
2309	As you kill enemies in Zul'Drak, you will collect Drakkari Offerings.
2310	Save any of these that you find, they will be used later to easily turn in quests.
2311	Use them next to Captured Rageclaws.
2312	They look like wolverine humanoids stuck in metal traps on the ground around this area.
2313	You can find them all around the Rageclaw Den area.
2314	Use it next to fires around this area.
2315	You may have to use it multiple times to put the fires out.
2316	They look like pieces of metal with various shapes on the ground around this area.
2317	You can find them all around the Thrym's End area.
2318	Only the humanoid enemies will count for the quest goal.
2319	Use it next to their corpses.
2320	They look like blue and white elementals holding clubs.
2321	You can find them all surrounding Ebon Watch.
2322	You can find them all around the Reliquary of Agony area.
2323	They look like small oozes on the ground around this area.
2324	While completing the next quests, make sure to always have your Scourge Disguise active, if you can.
2325	The disguise is volatile, so it will fail randomly sometimes.
2326	When you lose the disguise, use the Ensorcelled Choker item again to reactivate the disguise.
2327	You must have the Scourge Disguise active to be able to talk to him.
2328	Use it near Decaying Ghouls.
2329	Be careful, Blightguards (black ghosts) can see through your disguise.
2330	They look like white ghosts flying in the air around this area.
2331	You can find them all around the Dead Fields area.
2332	He flies around this area, in a counter-clockwise pattern, on a large skeletal dragon.
2333	Use the abilties on your action bar.
2334	Pick up the blue electricity balls on the ground around this area to heal yourself.
2335	He appears after you kill Prince Navarius.
2336	Only Undead enemies will count for the quest goal.
2337	While completing the next quests, make sure to always have your Ghoul Disguise active, if you can.
2338	Stand on the teleport pad.
2339	Inside the floating building.
2340	Stand on the lower teleport pad.
2341	He flies down to you.
2342	Use it on Blight Geists.
2343	They look like frail humanoids crouching on the ground.
2344	This will allow you to temporarily control a Blight Geist as a pet.
2345	The Crystallized Blight look like orange crystals.
2346	You can find them all around the Reliquary of Pain area.
2347	Use the "Harvest Blight Crystal" ability on your Blight Geists' pet action bar near Crystallized Blight, and then follow the Blight Geists back to the teleport pad to deliver the crystals.
2348	Use it next to Blight Cauldrons.
2349	They look like large pots with orange liquid in them on the back of cart vehicles.
2350	They look like wooden crates on the ground.
2351	You can find them all around the Voltarus area, in the outermost ring inside the floating building.
2352	Use it on a Servant of Drakuru around this area.
2353	This will give a Hand of Drakuru minion to control.
2354	Use the abilities on your minion's action bar to fight him.
2355	You can also attack him normally to help your minion kill him.
2356	Be careful to allow your minion to hold aggro though.
2357	Use them next to Scourgewagons.
2358	They look like catapult carts on the ground.
2359	Use it on Bloated Abominations around this area.
2360	You will gain control of an abomination.
2361	Send your Bloated Abomination northeast into the troll area.
2362	Try to gather up groups of Drakkari Skullcrusher trolls so that they are all near you.
2363	Use the "Burst at the Seams" ability on your pet action bar when the group of trolls are near you, to kill them.
2364	Keep repeating this process.
2365	They will appear as you kill trolls with your abominations.
2366	When they appear, kill them with the other trolls.
2367	Stand on the upper teleport pad.
2368	Upstairs inside the floating building.
2369	Follow Malmortis as he walks.
2370	You are about to fight Overlord Drakuru.
2371	You will talk to him and he will teleport you to the top of the floating building.
2372	A dialogue will begin and your Ghoul Disguise will fail intentionally as part of the quest.
2373	During the dialogue, 4 orange Blightblood Trolls will appear around the circle platform.
2374	Use the "Scepter of Domination" quest item on one of them to control it as a minion.
2375	It will help you fight Overlord Drakuru.
2376	If your minion dies during the fight, use the quest item again on another Blightblood Troll to get another minion to fight for you.
2377	Overlord Drakuru will toss orange crystals at you, which will explode and create orange areas on the ground that will damage you badly.
2378	Try to avoid the orange areas on the ground, while trying to help your Blightblood Troll minion damage Overlord Drakuru, as much as you can.
2379	The orange areas on the ground will start to disappear after some time, so try to position yourself so that they don't infect too much of the ground.
2380	Repeat this process until you win the fight.
2381	Use it on one of the Blightblood Trolls that appear.
2382	Avoid the orange areas on the ground.
2383	If your minion dies, use the quest item another one.
2384	After a dialogue, it appears on the ground nearby.
2385	On top of the floating building.
2386	Use it on Argent (friendly) NPC's around this area.
2387	It may not work on all of them.
2388	Inside the crumbled building.
2389	Use it on Crusader Josephine.
2390	In the next guide step, HURRY.  She will only stay alive for 3 minutes.
2391	She will follow you, bring her safely to this location.
2392	Protect her and try to avoid allowing enemies to attack her as you walk.
2393	Don't mount because she won't be able to keep up.
2394	HURRY - She will only stay alive for 3 minutes.
2395	If you don't make it in time, go back to the previous guide step to try again.
2396	Use it on Crusader Lamoof.
2397	In the next guide step, HURRY.  He will only stay alive for 3 minutes.
2398	He will follow you, bring him safely to this location.
2399	Protect him and try to avoid allowing enemies to attack him as you walk.
2400	Don't mount because he won't be able to keep up.
2401	HURRY - He will only stay alive for 3 minutes.
2402	Use it next to the Nerubian Tunnels.
2403	They look like dirt mounds on the ground around this area.
2404	Inside and outside the building.
2405	Use it on Crusader Jonathan.
2406	After you complete a few more quests, you will be a good spot to complete the Amphitheater of Anguish group quests.
2407	If you can find a group, you can complete 6 group quests that give a lot of experience quickly.
2408	You can also get a nice weapon from completing the questline.
2409	If you can't find a group, you can skip the quests later.
2410	They look like squirming white cocoons on the ground around this area.
2411	They may not all contain Captive Footmen.
2412	They look like smaller brown spiders around this area.
2413	They look like larger darker colored spiders around this area.
2414	Use it on Plague Sprayers.
2415	They look like machines flying in the air around this area.
2416	They look like small green rocks on the ground inside the building.
2417	They can be upstairs too.
2418	If you were able to find a group, it is now a good spot to complete the Amphitheater of Anguish group quests.
2419	Up on the balcony, overlooking the arena.
2420	An elite enemy appears in the arena.
2421	Attack him quickly to avoid him despawning.
2422	An elite enemy appears and runs into the arena.
2423	It can be 1 of 4 different enemies, and it's random.
2424	Attack it quickly to avoid it despawning.
2425	An elite enemy appears and jumps into the arena.
2426	Once you damage the mammoth enough, Vladof the Butcher will dismount.
2427	When this happens, someone in your group can click the mammoth to ride it and use it like a vehicle to fight Vladof the Butcher.
2428	It looks like small skeleton bones.
2429	On the bottom shelf on the bookcase.
2430	It looks like a brown spikey ball.
2431	On the bottom shelf (and the 3rd shelf down) on the bookcase.
2432	It looks like a bag of yellow grain.
2433	On the ground inside the building.
2434	It looks like a small skinny green vial.
2435	On the 3rd shelf down on the bookcase.
2436	They look like blue troll ghosts.
2437	You can find them all around the Pools of Zha'jin area.
2438	They look like orange and black spiders around this area.
2439	They can be underground, get close to the jumping rocks on the ground to get them to come out of the ground.
2440	They look like grey bats around this area.
2441	Walk into the doorway of the building.
2442	They look like friendly NPCs wearing Alliance armor.
2443	You can find them all around the Altar of Sseratus area.
2444	They look like blue trolls.
2445	They look like water elementals.
2446	You can find them all around the Drak'Sotra Fields area.
2447	These will create Tethers to the Plane of Water.
2448	You need 3 links to create 1 tether.
2449	Water Elemental Links will not drop from enemies if you have a Tether to the Plane of Water in your bags.
2450	They appear after you use Tethers to the Plane of Water.
2451	They look like larger and taller plants on the ground around this area.
2452	They look like small rats that run on the ground.
2453	You can find them all around the Drak'Agal area.
2454	To see the rats easier, enable the "Critters and Companions" option in the "Names" section of your Interface settings.
2455	Collect 5 rats before using any on a Lurking Basilisk.
2456	You have to use 5 of them on each Lurking Basilisk.
2457	Use them on Lurking Basilisks.
2458	They look like large green lizard enemies.
2459	They appear after you use 5 Zul'Drak Rats on a Lurking Basilisk.
2460	They look like dark colored thorny roots on the ground.
2461	They look like groups of grey mushrooms on the ground.
2462	Use it on the Prophet of Sseratus.
2463	He looks like a giant green snake.
2464	He will become weakened and non-elite.
2465	It looks like a stone statue.
2466	Kill trolls as you move around and disturb the cauldrons in the Pools of Jin'Alai area.
2467	There are 3 wooden totems around the area, and each totem belongs to a certain named troll.
2468	Hover over the totems to see the name of the troll they belong to, and be mindful where the totems are located.
2469	As you kill enemies, you will randomly see one of the named trolls yell in your chat.
2470	When they yell, this means a larger named troll has spawned next to their totem.
2471	When you see these yells in your chat, go to the totem of the troll that yelled and kill them for the quest.
2472	He looks like a larger troll that appears next to his wooden totem.
2473	They look like dark colored leopards.
2474	You can find them all around the Altar of Har'koa area.
2475	They look like grey stone tablets on the ground.
2476	They are usually leaning against an object or a wall.
2477	Be careful to avoid the elite enemies as you travel here.
2478	They look like large balls of electricity.
2479	You can find them all around the Drak'Mabwa area.
2480	They look like grey rock elementals.
2481	Use it next to Rhunok.
2482	He looks like a giant white bear laying on the ground inside the building.
2483	Use it on Frost Leopards.
2484	They look like white leopards around this area.
2485	You can only use the blowgun while not in combat.
2486	They will become tranquilized and clickable.
2487	If they are male, they will attack you.
2488	Use it on Icepaw Bears.
2489	They look like white bears around this area.
2490	They look like large floating dark colored crystals.
2491	You can find them all around the Altar of Quetz'lun area.
2492	If you have trouble spotting them, you can remove the death screen effect to make it easier to see.
2493	Type "/console ffxDeath 0" into your chat.  After that, type "/re" into your chat to reload the game.
2494	Be careful to not kill any troll enemies with "High Priest" or "High Priestess" in their names.
2495	These are quest enemies that you will need to kill in the next quest.
2496	Avoid killing them, so you don't have to wait for them to respawn.
2497	Kill them near Soul Fonts.
2498	They look like altars shaped like dragon heads.
2499	Make sure they have the "Soul Font Void" buff on them before you kill them.
2500	Use it on on High Priestess Tua-Tua.
2501	Make sure she has the "Quetz'lun's Hex" buff before you kill her.
2502	Use it on on High Priest Mu'funu.
2503	Make sure he has the "Quetz'lun's Hex" buff before you kill him.
2504	Use it on on High Priest Hawinni.
2505	He looks like a big brute that walks along this path around this area.
2506	Heb'Jin flies down to you on a bat.
2507	Use it on Heb'Jin's Bat to pin it to the ground.
2508	They look like trolls, some riding bats.
2509	You can find them all around the Heb'Drakkar area.
2510	They look like blue oozes.
2511	You can find them all around the Mam'toth Crater area.
2512	Use it next to Quetz'lun.
2513	Druids can not use this quest item if shapeshifted.
2514	Use it on an Enraged Mammoth around this area.
2515	If your mammoth dies, use the item again on another mammoth to get a new one to ride.
2516	Make sure to get to a safe location first.
2517	They look like yellow wooden boxes on the ground.
2518	You can find them all around the Zol'Maz Stronghold area.
2519	You loot these from enemies around this area.
2520	Using these will remove Zol'Maz Stronghold Hexes you get from opening these caches.
2521	They look like floating wooden masks with spears.
2522	You will have to use an item and then kill Warlord Zol'Maz.
2523	He can be difficult, so make sure you don't have any debuffs, and prepare for a difficult fight before using the item.
2524	If you kill him inside the building and the gate closes, there is a Lever next to the doorway to open the gate again, so you can leave the building.
2525	If he kills you, or if you run away and fail to kill him, you will have to create another Tiki Dervish Ceremony.
2526	You can do this by going back and killing the 3 enemies in the buildings around this area, and combing the 3 items you get again.
2527	Near the doorway of the building.
2528	They look like brown and white eggs with blue spots on them on the ground around this area.
2529	You can also kill any raptors you see while collecting eggs, but they have a very low drop rate on the quest item.
2530	Hanging from the parachute stuck in the tree.
2531	Follow Engineer Helice and protect her as she walks.
2532	He looks like a blue ogre that walks up and down this wooden platform.
2533	He also walks around the area.
2534	He walks around on top of this wooden platform.
2535	They look like various shaped metal objects on the ground around this area.
2536	Use it on Lucky Wilhelm nearby to the south.
2537	He looks like a gnome with an apple on his head.
2538	Use th RJR Rifle repeatedly until you hit the apple.
2539	They look like yellow leopards.
2540	They look like large grey hairy rhinos.
2541	They look like brown vines that hang from trees around this area.
2542	Either an Orange, Banana, or Papaya will fall to the ground.
2543	There is a rare chance that a Dwarf will fall after you pull the vines.
2544	You can ask them for any kind of fruit you still need.
2545	They look like crocodiles.
2546	They look like snakes standing upright.
2547	Any enemy in Scholazar Basin can drop the quest item.
2548	Any beast enemy in Scholazar Basin will count for the quest goal.
2549	They look like brown mud cat paw prints on the ground around this area.
2550	Stand here, so you can reach all of the objects you need to click during the Distillation.
2551	"Tipsy" McManus will yell random directions at you in your chat.
2552	Click the items on the ground, or on the machine, that he tells you to during the process.
2553	It looks like a wooden barrel that appears on the ground nearby after you complete the distillation.
2554	Use it on Hadrius Harlowe.
2555	Use it on Hemet Nesingwary.
2556	After using the incense, skip to the next step.
2557	A long dialogue happens, but you don't need to wait for it to finish.
2558	The quest goal will complete as you travel.
2559	You may have to wait a few seconds for the quest goal to complete.
2560	You are waiting for the dialogue to finish that you started in the previous guide step.
2561	When it completes, you will already be next to the NPC to turn in the quest.
2562	They look like leafy green plants on the ground around this area.
2563	You need to have Cold Weather Flying trained for this quest to appear.
2564	Use it on Tamara Wobblesprocket.
2565	They look like piles of brown dirt underwater around this area in the lake.
2566	An enemy has a chance to spawn after clicking them.
2567	You may have to click many of them until you find the quest item.
2568	Use the "Air-to-Air Rockets" ability on your action bar to kill the bats that attack.
2569	You don't need to target the bats.
2570	Use the "Land Flying Machine" ability on your action bar at this location.
2571	Get close to the ground inside the ring of blue crystals.
2572	He looks like a yellow leopard that walks around this area.
2573	He looks like a large grey rhino that walks around this area.
2574	Bushwhacker will walk up to you.
2575	He looks like a white crocodile.
2576	Don't kill them quickly, fight them until they spit Hydra Sputum on you.
2577	If you have a pet, you may want to dismiss them, or put them on passive.
2578	Otherwise, the hydras might spit on your pet, and you won't be able to collect the spit.
2579	Use it when you have the Hydra Sputum debuff.
2580	They look like white eggs on the ground next to trees around this area.
2581	They appear after you destroy the eggs.
2582	They look like larger dragons that walk on the ground and fly in the air around this area.
2583	Use it on a Shattertusk Mammoth.
2584	They look like brown hairy elephants around this area.
2585	It won't work on Shattertusk Bulls.
2586	Use the "Hand Over Mammoth" ability on your action bar.
2587	You can use the ability immediately when you see your minimap zone change to say "Dorian's Outpost".
2588	She looks like a brown dragon that walks around this area.
2589	Hemet Nesingway rides with you and places traps on the ground.
2590	Make Broodmother Slivina run over the traps to cause extra damage.
2591	They look like white eggs in nests on the ground.
2592	You can find them all around the Bonefields area.
2593	They look like brown birds that perch on bones and fly in the air.
2594	They look like muscular zombies.
2595	You can find them all around the Lost Lands area.
2596	They look like crouching skeletons.
2597	Use it on Thalgran Blightbringer when he begins casting Deathbolts to reflect them back at him.
2598	Deathbolts look like a purple shadow spell when he's casting it.
2599	On top of the mountain, next to huge red crystals.
2600	They look like large metal spiked balls on the ground.
2601	You can find them all around the Death's Hand Encampment area.
2602	At the top of the Glimmering Pillar.
2603	On the balcony of the building high up on the side of the cliff.
2604	Be careful to avoid the larger elite metal golem inside the building.
2605	They look like metal golems.
2606	Up on the balcony of the building.
2607	It looks like a huge portal.
2608	They look like white gorillas.
2609	Use it on Softknuckles.
2610	They look like small baby gorillas on the ground around this area.
2611	Eventually, the Hardknuckle Matriarch (brown gorilla) will spawn and run around this area after you poke enough Softknuckles.
2612	You will see a message in your chat when she spawns.
2613	They look like black gorillas.
2614	They look like purple and black flying insects.
2615	You can find them all around the Sapphire Hive area.
2616	They look like blue and red flying insects.
2617	Use it on Chicken Escapees.
2618	They look like tiny chickens running on the ground.
2619	You can find them all around the Frenzyheart Hill area.
2620	To see the chickens easier, enable the "Critters and Companions" option in the "Names" section of your Interface settings.
2621	They will stop running after you use the Chicken Net on them.
2622	If you're quick, you can also just click them to pick them up without using the net on them first.
2623	He looks like a pile of jumping rocks moving on the ground along the river bank around this area.
2624	He will pop out of the ground when you get close to him.
2625	They look like smaller clusters of white crystals on the ground along the river bank.
2626	You can find them all around the Wintergrasp River area.
2627	You will eventually ride to this location.
2628	This will give you a 5% increase in damage and movement speed for 30 minutes.
2629	Next to the stone shrine.
2630	It looks like a cluster of white crystals that appears on the ground.
2631	They look like blue gremlins.
2632	You can find them all around the Mistwhisper Refuge area.
2633	Follow the Injured Rainspeaker Oracle and protect him as he walks.
2634	Use this if Lafoo is not next to you.
2635	This will give you a 5% increase in movement speed and a chance to deal poison damage for 30 minutes.
2636	He looks like a purple and pink snake that moves around this area.
2637	If you lose Lafoo's Bug Bag, speak to High-Oracle Soo-say at this location.
2638	Look for twinkles of white light on the ground.
2639	You can find them all around the Wildgrowth Mangal area that surrounds Rainspeaker Canopy.
2640	Walk next to the twinkles of light and Lafoo will dig something out of the ground.
2641	Lafoo may not always find a Sparkling Treasure.
2642	The Sparkling Treasures look like shiny objects with various names.
2643	On top of the cliff, overlooking the lake.
2644	He rides to you on a dragon.
2645	You can find them all around the Spearborn Encampment.
2646	Land in a safe area to use the item.
2647	You can find them all around the Avalanche area.
2648	Get to a safe area.
2649	Use this if Moodle is not next to you.
2650	They look like dead green gremlins on the ground.
2651	You can find them all around the Mosswalker Village area.
2652	They won't all live to be rescued.
2653	They look like small red crystals on the ground.
2654	They are usually somewhat near the clusters of large red crystals.
2655	The next quest is a group quest (suggested 3 players) and can be difficult.
2656	Completing the quest will unlock the ability to complete daily quests for either the Frenzyheart Tribe or the Oracles.
2657	It is an important quest to complete, but you can do it later, if you prefer.
2658	If you want to get it done now, try to find at least 1 person to help you, unless you want to try to solo it.
2659	You will have to kill Artruis the Heartless inside a cave.
2660	During the fight, you will be forced to choose to kill one of your friends, Jaloot or Zepik the Gorlock Hunter.
2661	Kill Jaloot if you want to be friendly with the Frenzyheart Tribe.
2662	Kill Zepik the Gorloc Hunter if you want to be friendly with the Oracles.
2663	Whichever side you choose to ally with, it's not a permanent decision.
2664	You can complete the quest everyday, if you want, to change who you ally with and complete daily quests for.
2665	Follow the path around and up inside the cave to get to him.
2666	It appears on the ground after you kill Artruis the Heartless.
2667	Nearby inside the cave.
2668	Talk to Jaloot if you chose to kill Zepik the Gorloc Hunter.
2669	Talk to Zepik the Gorloc Hunter if you chose to kill Jaloot.
2670	In the middle of the mine field.
2671	You will be shot down if you try to fly, you must walk and try to avoid the mines.
2672	While walking, try to navigate carefully through the wider paths.
2673	If you position yourself carefully, you can also use the mines to knock yourself over other mines, closer to this location.
2674	You may get knocked around in order to get to this spot, but just keep trying.
2675	They look like gnolls.
2676	The ration boxes will give multiple quest items at once, so focus on those.
2677	Use them to place mines on the ground around this area.
2678	Try to place them so that the Garm Invaders and Snowblind Followers will run over the mines and die.
2679	You don't need to try to avoid enemies, they won't attack you.
2680	Hurry to the mammoth location.
2681	You will need to use or destroy the bomb within ~45 seconds, or it will blow up in your bags and damage you.
2682	Use it on an Ironwool Mammoth.
2683	They look like grey hairy elephants around this area.
2684	They look like pieces of meat and bone that appear on the ground after you blow up an Ironwool Mammoth.
2685	He offers an escort quest.
2686	They look like purple spider around this area inside the cave.
2687	Follow the Injured Goblin Miner and protect them while walking.
2688	They eventually walks to this location outside the cave.
2689	You can find them inside the westen part of the Crystalweb Cavern cave, between the dig site and the entrance of the cave.
2690	You can find them all throughout the Crystalweb Cavern cave.
2691	Next to a dead goblin.
2692	You will be teleported back to K3.
2693	Walk into the teleporter machine.
2694	Upstairs inside the cave, on the top floor.
2695	Tormar Frostgut will walk up behind you.
2696	They look like blue humans.
2697	You can find them all around the Sifreldar Village area.
2698	They look like brown wooden and metal cages.
2699	They can also be inside the buildings around the lower level of the village.
2700	They can also be inside all of the buildings around this area.
2701	High up on the mountain.
2702	It looks like a pile of snow.
2703	They look like hairy rhinos.
2704	You can find them all around the Foot Steppes area.
2705	Inside the mine, on the bottom floor.
2706	She looks like a blue human that walks around this area on the middle floor inside the mine.
2707	Upstairs inside the mine, on the top floor.
2708	Use it on Exhausted Vrykul.
2709	They look like vrykul men sitting on the ground around this area inside the mine.
2710	They are mostly in the side tunnels inside the mine, on all floors.
2711	Inside the mine, on the top floor.
2712	They look like blue armored women standing place.
2713	They are the ones that aren't already fighting each other.
2714	Use the "Flaming Arrow" ability on your action bar on Frostworgs.
2715	They look like large white wolves around this area.
2716	Use the "Flaming Arrow" ability on your action bar on Frost Giants.
2717	They look like large armored dwarves around this area.
2718	Use the "Burst of Speed" ability to travel faster.
2719	You will automatically be dropped off at this location.
2720	The look like dragons on chains flying in the air around this area.
2721	Use the ability on your action bar on Brunnhildar Prisoners.
2722	They look like blue blocks of ice on the ground around this area.
2723	Wait until you have the Captive Proto-Drakes holding 3 Brunnhildar Prisoners before you go to this location.
2724	Once you leave the objective area the Captive Proto-Drakes will automatically fly back to Brunnhildar Village.
2725	You will have to do this 3 times.
2726	The look like chained up dragons flying in the air around this area.
2727	They look like large white gorillas with horns.
2728	You can find them all around the Snowblind Terrace area.
2729	The next step is inside the cave, so try to kill them inside the cave, if possible.
2730	If you find the Injured Icemaw Matriarch inside the cave, don't click her yet.
2731	She looks like a dead white bear in the back of the cave.
2732	You will do it in the next step, and it will talk you back to Brunnhildar.
2733	You will automatically be brought back to Brunnhildar Village.
2734	You will fly here automatically.
2735	Use it on Hyldsmeet Proto-Drakes.
2736	They look like dragons with riders on them flying around this area.
2737	You will harpoon and fly over to a new drake to fight the rider.
2738	Use it on a Column Ornament.
2739	They look like light fixtures on the side of the stone columns around the Temple of Storms area.
2740	At the top of the huge column.
2741	Use the ability on your action bar to shoot the tan bundles of straw near buildings and in wagons on the ground around this area.
2742	If you have trouble shooter the further bundles, you can switch to using one of the other harpoon guns nearby.
2743	You can find them all around the Valkyrion and the Blighted Pool areas.
2744	Use it on Plagued Proto-Drake Eggs.
2745	If you run out of vials, kill Valkyrion Aspirant blue humans to get more.
2746	They look like women with wings flying in the air.
2747	Use them on Stormcrest Eagles.
2748	They look like white birds around the top of the mountain.
2749	You can do this while mounted and don't need to target the eagles.
2750	They look like white eggs on the ground around this area.
2751	They are usually next to trees.
2752	They look like black harpies.
2753	They look like blue harpies.
2754	Use the "Cast Net" on the dwarves.
2755	Use the "Ice Slick" ability near the white piles of snow on the ground.
2756	They look like large grey rocks on the ground around this area.
2757	You can only carry 1 at a time.
2758	Use it on Stormforged Iron Giants.
2759	Smaller dwarves will appear and attack them.
2760	Help the dwarves kill them.
2761	During the next steps, continue collecting the large grey Granite Boulders from the ground.
2762	Use Thorim's Charm of Earth on the dwarf giants, and kill them.
2763	They look like armored fire elementals.
2764	Use it on Fjorn.
2765	He looks like a much larger dwarf with brown armor that walks around this area.
2766	Smaller dwarves will appear and attack him.
2767	It looks like a huge blacksmith anvil.
2768	Any enemy in the Storm Peaks can drop the quest item.
2769	They look like mechanical gnomes on mechanical bird mounts.
2770	You can find them all around the Inventory's Library area.
2771	Use it near Databanks.
2772	They look like floating geometric orbs.
2773	In the next step, be careful not to sell any Frostweave Cloth you have currently.
2774	You need it for a quest goal.
2775	They look like black rocks with snow on them on the ground.
2776	You can find them all along the side of the cliff around this area.
2777	You can find them all around the Nidavelir and Narvir's Cradle areas.
2778	The metal War Golems won't drop the quest item.
2779	Use it on Fallen Earthen Defenders.
2780	They look like dwarves made of stone kneeling on the ground around this area.
2781	They look like armored dwarves and metal golems around this area.
2782	They look like metal gnomes mining.
2783	You can find them all throughout the Frozen Mine.
2784	They look like dwarves with dark armor.
2785	They look like brown mining carts with ore in them.
2786	You can find them on the ground all throughout the Frozen Mine.
2787	Inside this building.
2788	They look like metal humanoid machines.
2789	You can find them all around the Nidavelir area.
2790	They look like dwarves and metal golems.
2791	Use it near Valduran the Stormborn.
2792	Allies will appear to help you fight.
2793	They look like armored dwarves.
2794	You can find them all around the Narvir's Cradle area.
2795	He looks like a huge armored dwarf that walks around this area.
2796	Use the "Submerge" ability on your action bar to be able to move around.
2797	Use the "Emerge" ability on your action bar when underground, to come back to the surface.
2798	Use the "Submerge" ability on your action bar when he jumps up to do a ground slam, then move behind him to avoid taking damage.
2799	This is a long flight.
2800	Use it repeatedly on The Iron Watcher.
2801	While he is stunned, you can fight him normally, or you can run away to let the hammer recharge, if you want to play it safe.
2802	When his health is low enough, he will run to the end of the bridge.
2803	When he's on the edge of the bridge, use the hammer on him and he will fall off.
2804	Use the "Gather Snow" ability on your action bar next to Snowdrifts.
2805	They look like piles of white snow on the ground around this area.
2806	Use the "Throw Snowball" ability on your action bar on Seething Revenants.
2807	They look like armored fire elementals around this area.
2808	They look like white squirming cocoons on the ground.
2809	You can find them all around the Valley of Echoes area.
2810	Use the "Grab Captured Crusader" ability on your action bar near Captured Crusaders.
2811	They look like humans trapped in brown and white webbed cocoons.
2812	You can find them all around the Scourgeholme area.
2813	Fly them back to the Argent Vanguard.
2814	Use the "Drop Off Captured Crusader" ability on your action bar.
2815	They look like mounted metal guns on top of the walls around this area.
2816	They look like skeletal dragons nearby.
2817	On the ground and in the air nearby.
2818	They look like pink glowing tree stumps on the ground.
2819	They look like blue stone column pieces on the ground.
2820	They are usually inside or next to the buildings around the Scourgeholme area.
2821	They look like huge beetles.
2822	They look like skeletons.
2823	Use it on Salranax the Flesh Render inside the building.
2824	He is elite, but don't worry.
2825	Your allies will appear to help you kill him after you use the horn.
2826	Use it on High Priest Yath'amon inside the building.
2827	Use it on Underking Talonox.
2828	Your allies will appear and help you fight.
2829	Groups of enemies will run up the path nearby.
2830	During the next few steps, you will need to talk to NPCs on the airship.
2831	It looks like a huge flying boat.
2832	You can see its location on your world map.
2833	It looks like a grey/blue airship icon that moves around slowly.
2834	It flies in a large path near the center of the map, east of Ymirheim.
2835	Once you locate it, fly to it.
2836	Inside the airship, in the room with the yellow windows.
2837	On the left rear deck of the airship.
2838	At the very top of the airship.
2839	He walks around the rear of the ship, on the main and top decks.
2840	Downstairs inside the airship, on the bottom floor, near the front of the airship.
2841	To get downstairs, run down the stairs in the center of the main deck.
2842	Use it repeatedly on The Ocular.
2843	It looks like a huge blue glowing eye at the top of this tower.
2844	You can use this item while flying.
2845	They look like humans in purple shadowy robes.
2846	You can find them all around the Shadow Vault area.
2847	You can also find them up on the raised platforms and inside the building nearby.
2848	Only Undead enemies will drop the quest item.
2849	He looks like a larger abomination.
2850	On the raised platform.
2851	She looks like a banshee.
2852	Use it on her corpse.
2853	He looks like a larger Geist.
2854	He runs along the path of the raised tower platform, outside, high off the ground.
2855	The platform almost wraps around the whole tower.
2856	Be careful, a level 80 elite enemy will appear and attack you.
2857	It is important to get this quest done, since it unlocks a quest hub.
2858	Standing on the ground.
2859	It looks like a gun mounted on the front of the airplane.
2860	They look like metal dragon heads with harpoons sticking out of them.
2861	They are mounted on the ground and up on buildings all around the Ymirheim area.
2862	Shoot them using the ability on your action bar.
2863	They will be blinded by the smoke and won't shoot at you.
2864	You need to protect the airplane you're in as the Kor'kron Infiltrators get dropped around the area.
2865	The infiltrators will be dropped automatically as you fly.
2866	Follow the Skybreaker Squad Leader and his group, and help them fight as they walk.
2867	They eventually walk to this location up the path.
2868	At least 4 of the troops must survive.
2869	They look like large blue humans.
2870	You can find them all around the Ymirheim area.
2871	They look like friendly NPCs mining all throughout Saronite Mines.
2872	Be careful to avoid Foreman Thaldrin, an elite enemy near the back of the mine.
2873	Outside, near the building.
2874	It's very easy and can be completed quickly.
2875	Spam the "Jump Jets" ability on your action.
2876	You can move straight up the mountain without stopping.
2877	They look like a pile of skulls on the ground on the mountain peak.
2878	Use the "Plant Alliance Battle Standard" ability next to the skulls.
2879	They look like alliance soldiers laying on the ground.
2880	You won't be able to talk to them if they are already dead.
2881	You can find them all around the Broken Front Area.
2882	The Dying Soldier you talked to in the previous step.
2883	They look like alliance soldiers laying on the ground around this area.
2884	You can do this while being mounted.
2885	It appears nearby.
2886	They look like brown pinecones on the ground, usually near trees.
2887	You can find them all around the Shrine of Remulos area.
2888	Right-click the "Fitful Dream" buff near your minimap.
2889	She will eventually surrender.
2890	Use it on Mjordin Combatants.
2891	They look like large humans fighting around this area.
2892	Follow the path around to get to him.
2893	Use it on Thane Ulfrang the Mighty.
2894	He looks like a larger human wearing a white cape.
2895	He looks like an abomination that walks around this area.
2896	They look like wooden cages.
2897	You can find them all around the Jotunheim area.
2898	They look like large wooden posts with dark colored banners hanging from them.
2899	Choose the "Fate Rune of Fleet Feet" quest reward.
2900	Use it afterward to get a run speed buff.
2901	He walks around this area inside the building, under the stairs on the bottom floor.
2902	Don't kill him too quickly, just weaken him until he starts talking, then you can kill him.
2903	He looks like and abomination that walks around this area.
2904	They look like metal dragon heads with spears sticking out of their mouths, mounted on the ground around this area.
2905	They look like dragons flying in the air nearby.
2906	They look like dragons on the ground around this area.
2907	Use the "Strafe Jotunheim Building" ability on your action bar.
2908	Use it near the tops of buildings.
2909	You can find buildings all around the Jotunheim area.
2910	Use the "Burst of Speed" ability on your action bar to move faster.
2911	Get to a safe area first.
2912	On the platform on the side of the cliff.
2913	He walks around this area on a horse.
2914	They look like humans in red and white armor all around the Onslaught Harbor area.
2915	They can also be flying in the air on white birds.
2916	They look like small wooden boxes on the ground.
2917	You can find them all around the Onslaught Harbor area.
2918	You may not always find a quest item in the chests.
2919	This is a daily quest that isn't required, and can take while to finish.
2920	If you don't want to take the time to finish it, you can abandon the "Intelligence Gathering" quest.
2921	They look like hammerhead sharks.
2922	You can find them underwater around the outskirts, and inside the Onslaught Harbor area.
2923	They look like humans flying on white birds.
2924	Use the ability on your action bar.
2925	Next to Uzo Deathcaller.
2926	It looks like a floating blue orb.
2927	Follow the path around to get to it.
2928	They look like small stone stages with green summoning circles on them on the ground.
2929	He looks like a lich wearing a purple robe.
2930	You can do this while flying.
2931	Follow Father Kamaros and protect him as he walks.
2932	They look like grey zombies with spikes on the backs.
2933	You can find them all around the Fleshwerks area.
2934	They look like larger glass orbs with green liquid in them, in short metal stands.
2935	They look like smaller glass orbs with red liquid in them, in taller metal stands.
2936	Next to a huge vent on the ground with a tornado of fire rising out of it.
2937	You can find them alll around the Malykriss: The Vile Hold area.
2938	They look like small groups of white bones on the ground.
2939	You can find them all around the Broken Front area.
2940	They look like metal armor chest pieces on the ground.
2941	They look like small metal helmets on the ground.
2942	A skeletal dragon will fly down and die each time.
2943	They look like skeletons wearing brown capes.
2944	They look like humans channeling a green spell on objects.
2945	They look like small yellow flowers on the ground around this area.
2946	You can find them south and southeast of this location.
2947	You can only have 1 at a time.
2948	You will take control of a Hulking Abomination.
2949	Send your Hulking Abomination into groups of undead enemies near this location.
2950	Gather them up so that a group of many are attacking your abomination.
2951	Use the "Burst at the Seams" ability on your pet action bar when you have many attacking your abomination.
2952	Your abomination will blow up and kill the enemies.
2953	Do this multiple times.
2954	You will fall down the huge whole after you accept the quest.
2955	Underground, beneath Icecrown Citadel.
2956	Be careful to not accidentally click the portal near him.
2957	They look like elephant people.
2958	Underground around this area.
2959	You can find them all around the Naz'anak: The Forgotten Depths area.
2960	Rhydian will approach nearby and cast a portal.
2961	You will be teleported back to Dalaran after you accept the quest.
2962	During the next couple of steps, you will need to talk to NPCs on the airship.
2963	Fly over this location.
2964	Use the "Feed Hungering Plaguehound" ability on Hungering Plaguehounds.
2965	They look like demon dogs.
2966	You can find them all around the Weeping Quarry area.
2967	You can use the "Phase Jump" ability to teleport up walls.
2968	Use the "Assassinate Restless Lookout" ability on Restless Lookouts, when you are behind them.
2969	They look like ghouls.
2970	Use the "Banish Scourge Crystal" ability on Scourge Crystals.
2971	They look like large purple crystals floating above stone pillars.
2972	Use the ability on your action bar on the enemies on the ground as you fly.
2973	Wait to do this until you know you will land in a safe area.
2974	It looks like a rolled up scroll.
2975	It looks like a flat brown piece of paper.
2976	It looks like an unrolled scroll, under a canopy.
2977	They look like upright sleeping vrykul along the walls inside the building.
2978	You can find them all around the Halls of the Ancestors area.
2979	It's random, but you will eventually find Iskalder.
2980	Use it on Iskalder once you find him.
2981	He will begin following you.
2982	You can fly to the cave without losing Iskalder.
2983	"Patches" will kill him, you don't have to fight, just stand close to them.
2984	If you choose to help kill him, be careful to not pull aggro.
2985	Use it near Festering Corpses.
2986	They look like dead soldiers on the ground.
2987	You can find them inside and outside the cave.
2988	They look like green skeleton arms on the ground.
2989	You will gain Burning Skeleton minions.
2990	You can only have one minion at a time.
2991	Stand next to Chained Abominations with your Burning Skeletons, but don't attack them yourself.
2992	They are along the edge of the platform around this area.
2993	You can fly without losing your minions.
2994	On the stone table.
2995	On the cliff, overlooking the valley.
2996	They look like geists on the bridge.
2997	Don't kill it, just weaken it to about 20-25% health.
2998	Use it on a weakened Lithe Stalker.
2999	It will begin following you.
3000	The Lithe Stalker will run here once you bring it close to this location.
3001	Fly near the lookout platform.
3002	Fly near the hole in the ground with a fire tornado rising out of it.
3003	Fly near the blacksmith anvils.
3004	Fly near the tall stone monument.
3005	Use the "Iron Chain" ability on your action bar on Scourge Bombs.
3006	They look like large, round, spiked metal bombs on the ground.
3007	Drag the Scourge Bombs next to Lumbering Atrocities (abominations) around this area.
3008	Use the "Leap" ability on your action bar to get around faster.
3009	Use the "Throw Rock" ability on your action bar on Umbral Brutes.
3010	Try to throw the rocks when they are already near skeletons.
3011	They will attack the skeletons and start fights.
3012	Use the "Heave" ability on your action bar next to Iceskin Sentries.
3013	They look like gargoyles perched up along the cliffs.
3014	Use the "Leap" ability on your action bar to get around faster, and jump up the cliffs.
3015	You can find them all around the southern part of the Valley of Lost Hope area.
3016	They look like huge skeletons that walk around.
3017	You can find them all around the northern part of the Valley of Lost Hope area.
3018	They look like smaller skeletons wearing capes.
3019	Kill any nearby enemies first, so you will be safe.
3020	Use the "Gift of the Lich King" ability near their corpses.
3021	Go to this location first.
3022	During the next step, you will need to talk to an NPC on the airship.
3023	Use them on Dark Subjugators.
3024	A gargoyle will fly down and kill them.
3025	Next to the cauldron with the purple smoke rising out of it.
3026	Next to the cauldron with the green smoke rising out of it.
3027	Next to the cauldron with the grey smoke rising out of it.
3028	Under the canopy.
3029	They look like blue voidwalkers.
3030	They look like humans wearing black wearings and carrying daggers.
3031	Be careful, if you use mana, they have an ability that drains your mana and damages you for the same amount.
3032	It's important to get this quest done, since it unlocks more quests.
3033	Use it repeatedly, to keep the "Dark Discernment" buff active.
3034	This buff allows enemies to drop Tainted Essences.
3035	You can find them all around the Aldur'thar: The Desolation Gate area.
3036	Use them once you have 10 essences.
3037	Use it next to one 1 of the 3 cauldrons around this area.
3038	Each of the cauldrons will give you a different stat buff for 2 hours, depending on the smoke color.
3039	Purple = Spell Power.
3040	Green = Stamina.
3041	Grey = Attack Power.
3042	He may sometimes disappear for some reason.
3043	If he's not here, wait for him to reappear.
3044	They look like tiny skeleton dragons flying low to the ground.
3045	You can find them all around the Sindragos's Fall area.
3046	They look like large zombies carrying staves.
3047	Use it near the bursts of purple light and smoke that appear hovering over the ground.
3048	You can find them all around the Valley of Fallen Heroes area.
3049	Don't go inside the building, the enemies can be difficult.
3050	They look like blocky chunks of grey stone on the ground.
3051	They appear in random locations around this area.
3052	Illidan Stormrage will appear and attack you.
3053	Use the "Parry" ability on your action bar until your mana is full.
3054	Once your mana is full, use the "Stomp" ability, the immediately use the "Annihilate" ability.
3055	Repeat this process until you kill him.
3056	Outside the building, next to a blue bonfire.
3057	Follow Highlord Tirion Fordring as he walks.
3058	He eventually walks to this location inside the building.
